"Educ";"Sanidad";"Pensiones";"Justicia";"Seguridad";"ServSoc";"Transp";"Obras";"Depend";"F_Sanidad";"F_CMayores";"F_Pensiones";"F_Parados";"F_Vivienda";"F_Educ";"EdadIntervalos";"P6"
"1";"3";"3";"3";"3";"3";"3";"3";"2";"3";"3";"3";"3";"3";"3";"3";"(65,96]";"3"
"2";"4";"4";"3";"4";"4";"4";"3";"4";"4";"3";"3";"3";"3";"3";"3";"(50,65]";"3"
"3";"3";"2";"1";"3";"2";"2";"2";"2";"2";"2";"3";"3";"2";"2";"3";"(65,96]";"2"
"5";"2";"3";"3";"3";"2";"3";"2";"2";"3";"3";"3";"2";"3";"3";"2";"(35,50]";"2"
"6";"1";"1";"1";"1";"3";"1";"1";"3";"3";"1";"1";"2";"3";"3";"2";"(35,50]";"3"
"7";"2";"2";"2";"3";"2";"3";"2";"2";"3";"2";"3";"2";"2";"3";"2";"(50,65]";"2"
"8";"3";"2";"3";"3";"2";"3";"2";"3";"3";"1";"3";"3";"3";"3";"3";"(35,50]";"3"
"9";"2";"3";"4";"4";"2";"2";"3";"3";"3";"3";"2";"3";"3";"3";"2";"[18,35]";"3"
"10";"2";"3";"4";"2";"2";"2";"3";"2";"3";"3";"3";"3";"3";"3";"2";"[18,35]";"3"
"11";"3";"3";"2";"3";"3";"3";"3";"2";"3";"1";"1";"1";"1";"1";"1";"(50,65]";"3"
"12";"3";"3";"2";"4";"2";"3";"3";"2";"4";"3";"3";"3";"3";"3";"3";"(50,65]";"1"
"13";"2";"2";"1";"4";"3";"3";"2";"4";"3";"2";"3";"3";"3";"3";"3";"(65,96]";"3"
"14";"2";"2";"1";"3";"1";"2";"2";"2";"2";"3";"3";"1";"1";"2";"1";"(65,96]";"1"
"16";"3";"3";"3";"3";"4";"3";"4";"4";"4";"3";"2";"3";"3";"3";"3";"(35,50]";"3"
"17";"2";"2";"3";"4";"2";"2";"2";"2";"3";"1";"1";"2";"1";"1";"1";"(50,65]";"3"
"18";"2";"2";"2";"2";"2";"2";"1";"2";"2";"3";"3";"3";"2";"3";"3";"(50,65]";"1"
"19";"2";"2";"2";"3";"2";"2";"3";"2";"3";"3";"3";"3";"3";"3";"3";"(65,96]";"2"
"20";"2";"2";"2";"3";"2";"2";"2";"3";"2";"1";"1";"2";"3";"2";"2";"[18,35]";"2"
"21";"2";"2";"2";"2";"2";"3";"2";"2";"3";"1";"1";"3";"2";"2";"2";"[18,35]";"2"
"22";"2";"2";"3";"2";"2";"2";"2";"2";"3";"1";"2";"2";"3";"1";"1";"[18,35]";"2"
"23";"2";"2";"2";"3";"2";"2";"2";"2";"3";"3";"3";"3";"2";"3";"2";"(50,65]";"3"
"24";"3";"3";"2";"3";"3";"3";"3";"2";"3";"3";"2";"3";"2";"3";"2";"(35,50]";"3"
"25";"2";"2";"2";"3";"2";"2";"2";"2";"2";"1";"1";"1";"3";"1";"1";"(35,50]";"2"
"27";"2";"2";"1";"2";"1";"2";"3";"3";"3";"3";"2";"3";"2";"2";"2";"[18,35]";"3"
"28";"3";"3";"2";"4";"2";"3";"2";"2";"3";"1";"1";"1";"1";"1";"1";"(50,65]";"1"
"30";"3";"4";"4";"3";"3";"3";"3";"2";"4";"2";"2";"3";"3";"3";"3";"(35,50]";"3"
"31";"2";"3";"2";"2";"2";"2";"2";"2";"2";"1";"1";"2";"1";"3";"2";"[18,35]";"2"
"32";"2";"3";"2";"2";"3";"2";"3";"3";"3";"3";"3";"3";"3";"3";"3";"(35,50]";"3"
"33";"2";"2";"1";"3";"2";"3";"2";"2";"3";"3";"1";"2";"2";"3";"2";"(50,65]";"2"
"34";"1";"1";"2";"3";"2";"2";"3";"2";"3";"3";"3";"3";"2";"3";"3";"(35,50]";"3"
"35";"2";"3";"2";"3";"2";"2";"1";"3";"3";"2";"2";"1";"2";"1";"1";"(65,96]";"3"
"36";"3";"2";"2";"2";"2";"3";"2";"1";"2";"3";"3";"3";"1";"3";"2";"(35,50]";"1"
"37";"2";"2";"2";"4";"2";"3";"3";"3";"3";"3";"3";"3";"3";"2";"2";"(35,50]";"3"
"38";"2";"3";"2";"4";"3";"2";"1";"2";"3";"2";"2";"3";"2";"2";"3";"(35,50]";"3"
"39";"2";"3";"2";"3";"3";"2";"2";"4";"3";"3";"3";"3";"2";"3";"2";"(50,65]";"3"
"40";"1";"2";"2";"2";"2";"2";"3";"2";"1";"1";"1";"3";"2";"3";"3";"[18,35]";"3"
"41";"1";"1";"1";"2";"2";"1";"1";"1";"2";"1";"1";"3";"2";"2";"1";"(35,50]";"3"
"43";"2";"3";"1";"2";"2";"2";"3";"2";"3";"3";"1";"1";"2";"3";"1";"[18,35]";"2"
"44";"2";"3";"3";"3";"2";"3";"3";"1";"3";"2";"1";"3";"3";"3";"2";"[18,35]";"3"
"45";"2";"2";"3";"3";"3";"2";"1";"2";"3";"3";"3";"3";"3";"3";"3";"(50,65]";"3"
"46";"3";"3";"3";"3";"2";"3";"3";"1";"3";"1";"2";"2";"1";"3";"2";"(35,50]";"3"
"47";"3";"1";"4";"3";"2";"3";"2";"3";"4";"1";"3";"3";"2";"3";"3";"(50,65]";"3"
"48";"2";"2";"3";"3";"3";"3";"2";"3";"3";"2";"2";"2";"2";"3";"2";"(35,50]";"3"
"49";"1";"3";"1";"2";"1";"2";"4";"1";"1";"2";"1";"1";"1";"1";"1";"(35,50]";"3"
"50";"2";"1";"1";"2";"2";"2";"3";"2";"2";"3";"3";"2";"2";"3";"2";"(50,65]";"1"
"51";"3";"4";"4";"4";"4";"3";"3";"3";"3";"2";"2";"2";"3";"3";"2";"(65,96]";"2"
"52";"4";"3";"1";"3";"3";"2";"2";"2";"2";"3";"3";"2";"3";"3";"3";"(35,50]";"3"
"53";"3";"4";"2";"4";"2";"3";"2";"2";"4";"3";"2";"3";"2";"2";"3";"(35,50]";"3"
"54";"2";"2";"2";"3";"3";"2";"3";"2";"3";"2";"1";"2";"2";"3";"1";"(65,96]";"2"
"55";"2";"2";"1";"3";"2";"2";"2";"1";"3";"3";"1";"2";"3";"3";"3";"(35,50]";"3"
"56";"2";"2";"2";"3";"2";"3";"3";"3";"3";"3";"3";"3";"3";"3";"3";"(35,50]";"3"
"59";"2";"1";"2";"3";"2";"2";"3";"2";"3";"2";"1";"1";"2";"2";"2";"(50,65]";"2"
"61";"2";"2";"2";"3";"2";"3";"2";"3";"3";"2";"3";"2";"2";"3";"2";"(65,96]";"2"
"62";"3";"2";"2";"3";"2";"2";"2";"2";"2";"2";"2";"2";"3";"3";"2";"(35,50]";"3"
"63";"4";"4";"3";"4";"4";"4";"1";"4";"4";"3";"3";"3";"3";"3";"3";"(50,65]";"3"
"65";"3";"3";"3";"3";"3";"3";"2";"3";"3";"3";"3";"3";"3";"3";"3";"(35,50]";"1"
"67";"2";"2";"2";"3";"2";"3";"3";"3";"3";"3";"3";"3";"3";"3";"3";"(50,65]";"3"
"68";"1";"2";"1";"4";"2";"2";"2";"3";"3";"2";"2";"2";"2";"3";"2";"(50,65]";"3"
"70";"3";"2";"3";"3";"3";"2";"3";"3";"3";"3";"3";"3";"3";"3";"3";"(35,50]";"3"
"71";"3";"2";"2";"3";"1";"3";"3";"4";"3";"1";"1";"3";"3";"3";"3";"(35,50]";"3"
"76";"1";"2";"1";"2";"2";"1";"2";"3";"1";"1";"1";"2";"2";"1";"2";"(50,65]";"3"
"77";"2";"2";"3";"3";"4";"3";"3";"3";"3";"2";"2";"3";"3";"3";"3";"(35,50]";"3"
"78";"3";"3";"3";"4";"2";"4";"2";"3";"4";"3";"3";"3";"2";"3";"3";"(35,50]";"3"
"79";"3";"2";"2";"3";"3";"2";"2";"3";"2";"3";"1";"3";"1";"3";"3";"(50,65]";"3"
"80";"2";"3";"3";"2";"2";"3";"2";"4";"3";"2";"2";"2";"2";"3";"2";"(35,50]";"3"
"81";"1";"1";"4";"4";"4";"2";"1";"3";"1";"1";"3";"3";"3";"2";"1";"(65,96]";"3"
"82";"2";"3";"3";"2";"3";"2";"2";"3";"3";"3";"3";"3";"3";"3";"3";"(50,65]";"3"
"83";"2";"2";"2";"4";"3";"3";"1";"2";"4";"2";"3";"3";"1";"3";"2";"(35,50]";"3"
"84";"3";"1";"3";"1";"3";"3";"1";"1";"1";"3";"3";"2";"3";"3";"3";"[18,35]";"3"
"85";"2";"2";"1";"4";"3";"3";"2";"2";"3";"2";"3";"1";"2";"3";"3";"(50,65]";"3"
"87";"1";"1";"3";"1";"2";"3";"1";"1";"2";"2";"1";"1";"2";"1";"3";"(35,50]";"2"
"88";"2";"3";"3";"2";"4";"3";"2";"3";"2";"3";"2";"2";"2";"3";"2";"(50,65]";"2"
"89";"2";"2";"1";"2";"2";"2";"2";"3";"2";"1";"1";"1";"2";"1";"1";"(65,96]";"1"
"91";"3";"3";"4";"3";"3";"4";"3";"3";"2";"3";"3";"3";"2";"3";"2";"[18,35]";"1"
"92";"2";"2";"2";"3";"2";"3";"2";"2";"2";"2";"3";"3";"2";"3";"3";"[18,35]";"3"
"95";"3";"2";"1";"3";"2";"1";"2";"2";"1";"2";"1";"3";"1";"3";"2";"(35,50]";"3"
"96";"3";"3";"3";"3";"2";"3";"2";"2";"3";"2";"2";"3";"3";"3";"2";"(50,65]";"3"
"97";"2";"2";"2";"3";"2";"2";"2";"2";"2";"3";"3";"3";"3";"3";"3";"(50,65]";"3"
"98";"2";"2";"2";"4";"2";"3";"3";"3";"3";"3";"3";"3";"3";"3";"3";"(35,50]";"1"
"100";"2";"3";"4";"3";"3";"2";"2";"3";"3";"3";"2";"3";"2";"2";"3";"(35,50]";"3"
"102";"1";"2";"2";"2";"2";"1";"1";"2";"3";"3";"3";"3";"2";"3";"3";"(35,50]";"3"
"103";"3";"3";"3";"3";"3";"3";"2";"2";"3";"3";"3";"3";"3";"3";"3";"(35,50]";"3"
"104";"2";"3";"4";"3";"2";"4";"3";"3";"4";"2";"3";"3";"3";"2";"2";"(50,65]";"3"
"105";"3";"3";"2";"4";"4";"3";"4";"3";"4";"3";"3";"3";"2";"2";"3";"(50,65]";"3"
"106";"2";"4";"3";"3";"2";"3";"3";"3";"3";"3";"2";"3";"3";"3";"2";"[18,35]";"3"
"107";"3";"3";"3";"4";"2";"3";"2";"2";"3";"3";"2";"1";"1";"2";"2";"(65,96]";"2"
"109";"2";"2";"2";"3";"2";"3";"2";"4";"3";"1";"1";"3";"1";"3";"3";"(35,50]";"3"
"110";"3";"3";"4";"4";"1";"3";"4";"4";"3";"3";"2";"3";"2";"2";"3";"(35,50]";"3"
"113";"3";"3";"2";"2";"2";"3";"3";"3";"4";"3";"2";"2";"1";"1";"2";"(65,96]";"3"
"114";"2";"2";"2";"3";"2";"3";"3";"3";"3";"2";"2";"2";"2";"3";"2";"(35,50]";"2"
"116";"2";"3";"4";"3";"4";"2";"2";"2";"2";"3";"3";"3";"3";"3";"1";"(35,50]";"3"
"117";"2";"2";"2";"3";"2";"3";"3";"2";"3";"2";"3";"3";"1";"3";"1";"(50,65]";"3"
"118";"2";"3";"4";"4";"3";"4";"3";"3";"3";"1";"1";"2";"2";"1";"1";"(35,50]";"3"
"119";"3";"3";"2";"3";"2";"3";"3";"4";"3";"3";"3";"3";"2";"3";"3";"(35,50]";"3"
"120";"2";"2";"2";"4";"3";"2";"2";"3";"3";"3";"3";"3";"3";"3";"3";"(65,96]";"3"
"121";"2";"1";"1";"2";"1";"1";"2";"2";"3";"2";"1";"2";"2";"2";"1";"(50,65]";"2"
"122";"3";"4";"4";"2";"2";"4";"4";"3";"4";"1";"1";"2";"1";"1";"2";"(50,65]";"3"
"124";"2";"2";"1";"3";"3";"1";"1";"1";"1";"1";"1";"1";"3";"3";"3";"[18,35]";"2"
"125";"3";"2";"2";"4";"2";"1";"1";"2";"2";"2";"1";"2";"2";"2";"2";"(35,50]";"2"
"127";"2";"4";"2";"4";"2";"3";"2";"3";"2";"2";"3";"2";"2";"2";"2";"(35,50]";"3"
"128";"2";"3";"2";"3";"2";"3";"2";"1";"3";"3";"1";"3";"2";"1";"3";"(50,65]";"2"
"129";"1";"1";"3";"1";"1";"1";"1";"1";"1";"1";"1";"1";"1";"1";"1";"[18,35]";"1"
"131";"1";"1";"1";"2";"1";"1";"1";"2";"1";"1";"1";"2";"1";"1";"1";"[18,35]";"2"
"132";"2";"2";"2";"2";"2";"2";"2";"2";"2";"2";"1";"2";"1";"2";"2";"(50,65]";"2"
"133";"2";"2";"2";"2";"2";"3";"2";"2";"3";"2";"3";"2";"1";"1";"1";"(35,50]";"3"
"134";"2";"2";"2";"3";"3";"2";"3";"3";"3";"2";"3";"2";"1";"3";"3";"(50,65]";"1"
"135";"1";"1";"2";"2";"1";"1";"2";"1";"2";"2";"1";"1";"2";"3";"3";"[18,35]";"2"
"136";"2";"3";"2";"3";"3";"3";"3";"3";"3";"3";"2";"3";"2";"2";"2";"(65,96]";"2"
"137";"4";"4";"3";"4";"4";"4";"3";"3";"4";"3";"3";"3";"3";"3";"3";"(50,65]";"3"
"138";"3";"3";"4";"4";"4";"3";"2";"3";"4";"3";"3";"3";"3";"3";"2";"(50,65]";"3"
"139";"2";"2";"2";"4";"2";"4";"3";"3";"3";"1";"1";"1";"1";"1";"1";"(65,96]";"2"
"140";"2";"1";"1";"3";"3";"3";"2";"2";"2";"1";"1";"3";"2";"3";"1";"(35,50]";"2"
"141";"3";"2";"2";"3";"1";"2";"2";"3";"2";"3";"3";"3";"2";"3";"3";"[18,35]";"2"
"143";"2";"4";"4";"3";"3";"2";"2";"2";"2";"3";"1";"3";"2";"3";"2";"[18,35]";"3"
"144";"2";"3";"3";"3";"3";"3";"3";"3";"3";"2";"1";"3";"3";"3";"3";"(50,65]";"3"
"146";"2";"2";"3";"2";"3";"2";"1";"2";"2";"2";"1";"3";"2";"2";"2";"[18,35]";"3"
"147";"2";"2";"2";"3";"1";"3";"3";"2";"4";"2";"1";"1";"2";"2";"1";"(50,65]";"1"
"148";"3";"2";"2";"3";"2";"3";"3";"2";"3";"2";"2";"3";"3";"3";"2";"(50,65]";"1"
"149";"1";"2";"3";"3";"3";"1";"1";"3";"2";"3";"3";"3";"3";"3";"1";"(35,50]";"3"
"150";"2";"2";"2";"2";"2";"2";"2";"2";"2";"2";"2";"3";"3";"2";"2";"[18,35]";"3"
"151";"2";"4";"2";"2";"2";"3";"3";"4";"2";"2";"3";"3";"1";"3";"3";"[18,35]";"3"
"152";"3";"3";"3";"3";"3";"3";"3";"3";"3";"3";"3";"3";"3";"3";"3";"(50,65]";"3"
"154";"3";"3";"4";"3";"3";"3";"2";"3";"3";"3";"3";"3";"3";"3";"3";"(35,50]";"3"
"155";"3";"4";"4";"3";"2";"3";"4";"3";"4";"3";"3";"3";"3";"2";"3";"(50,65]";"3"
"156";"2";"3";"1";"2";"2";"2";"2";"2";"3";"1";"1";"1";"1";"1";"1";"(65,96]";"2"
"157";"2";"2";"2";"2";"2";"2";"2";"2";"2";"1";"2";"2";"1";"2";"1";"(50,65]";"2"
"158";"3";"3";"3";"4";"2";"3";"3";"2";"3";"3";"3";"3";"3";"3";"3";"(50,65]";"3"
"159";"2";"3";"1";"3";"3";"3";"3";"3";"3";"3";"2";"1";"2";"3";"2";"(35,50]";"3"
"162";"2";"2";"3";"2";"3";"2";"3";"2";"2";"3";"2";"3";"2";"2";"3";"[18,35]";"3"
"163";"3";"3";"3";"3";"3";"4";"4";"3";"3";"3";"3";"3";"3";"3";"3";"[18,35]";"3"
"164";"2";"3";"3";"3";"2";"2";"2";"2";"2";"3";"3";"3";"3";"3";"3";"(50,65]";"3"
"165";"3";"2";"2";"4";"2";"2";"2";"3";"2";"3";"2";"2";"2";"3";"3";"[18,35]";"2"
"166";"3";"2";"2";"3";"2";"3";"3";"3";"3";"2";"3";"2";"2";"3";"3";"(65,96]";"1"
"167";"2";"2";"3";"3";"3";"3";"2";"3";"3";"1";"2";"1";"2";"2";"1";"(50,65]";"3"
"168";"3";"3";"3";"3";"2";"3";"2";"4";"3";"3";"3";"3";"3";"2";"2";"(35,50]";"2"
"169";"1";"4";"1";"1";"4";"3";"1";"1";"3";"2";"1";"2";"3";"3";"2";"(50,65]";"2"
"170";"1";"3";"2";"3";"2";"2";"3";"1";"3";"2";"2";"2";"2";"2";"1";"(65,96]";"2"
"171";"3";"2";"3";"3";"4";"3";"3";"3";"4";"3";"3";"3";"3";"3";"3";"(65,96]";"3"
"172";"4";"3";"3";"4";"4";"3";"3";"4";"4";"3";"3";"3";"3";"3";"3";"(50,65]";"3"
"174";"3";"3";"2";"3";"2";"3";"2";"2";"3";"3";"3";"3";"2";"2";"3";"(50,65]";"3"
"175";"3";"3";"3";"3";"3";"3";"2";"2";"3";"3";"2";"3";"2";"3";"2";"[18,35]";"3"
"176";"4";"4";"3";"4";"3";"3";"3";"3";"4";"3";"3";"3";"3";"3";"3";"(50,65]";"1"
"177";"2";"3";"3";"3";"3";"2";"2";"2";"3";"2";"2";"2";"3";"3";"2";"(35,50]";"3"
"179";"3";"2";"2";"2";"2";"2";"2";"2";"3";"1";"1";"1";"1";"1";"1";"(65,96]";"2"
"182";"2";"4";"3";"3";"3";"4";"3";"3";"3";"3";"3";"3";"3";"3";"2";"(35,50]";"3"
"183";"3";"3";"2";"2";"3";"3";"2";"3";"3";"3";"3";"2";"2";"3";"3";"(65,96]";"3"
"184";"2";"2";"2";"3";"1";"3";"1";"1";"3";"3";"2";"2";"2";"3";"3";"(35,50]";"1"
"186";"2";"2";"1";"3";"2";"2";"2";"2";"2";"3";"2";"3";"3";"3";"3";"(65,96]";"2"
"187";"2";"3";"3";"3";"3";"3";"1";"2";"3";"3";"1";"3";"2";"1";"1";"[18,35]";"2"
"188";"2";"2";"1";"3";"1";"1";"2";"1";"2";"3";"2";"2";"1";"3";"2";"(35,50]";"1"
"189";"3";"1";"1";"3";"1";"1";"1";"1";"2";"2";"3";"3";"3";"3";"3";"(50,65]";"2"
"190";"1";"1";"1";"3";"2";"2";"1";"2";"1";"1";"1";"1";"1";"2";"1";"(50,65]";"2"
"192";"2";"3";"3";"3";"2";"3";"3";"3";"3";"3";"3";"3";"3";"3";"3";"(50,65]";"2"
"193";"2";"4";"3";"4";"2";"2";"4";"2";"3";"1";"3";"3";"3";"3";"1";"(35,50]";"3"
"194";"3";"2";"2";"2";"4";"3";"2";"3";"2";"2";"2";"3";"1";"1";"3";"[18,35]";"3"
"197";"3";"3";"3";"3";"3";"3";"2";"3";"3";"2";"2";"3";"3";"3";"3";"[18,35]";"2"
"198";"2";"3";"2";"4";"4";"2";"2";"2";"3";"3";"3";"3";"2";"3";"2";"(50,65]";"3"
"201";"2";"2";"3";"3";"2";"3";"3";"3";"4";"2";"3";"3";"2";"3";"3";"(35,50]";"3"
"202";"2";"4";"1";"3";"4";"3";"1";"4";"2";"3";"3";"2";"1";"1";"2";"(35,50]";"3"
"203";"1";"1";"1";"2";"1";"2";"1";"1";"2";"3";"1";"1";"1";"2";"1";"(50,65]";"3"
"205";"2";"2";"2";"2";"2";"2";"2";"2";"3";"1";"1";"2";"2";"2";"2";"(65,96]";"2"
"206";"2";"2";"1";"2";"2";"2";"2";"2";"2";"2";"3";"3";"2";"2";"2";"(50,65]";"2"
"207";"3";"3";"3";"4";"3";"3";"2";"4";"3";"2";"3";"3";"2";"3";"1";"(35,50]";"3"
"208";"4";"2";"4";"3";"3";"3";"3";"3";"3";"3";"3";"3";"3";"3";"3";"(50,65]";"2"
"209";"2";"2";"2";"3";"3";"3";"3";"3";"3";"2";"2";"2";"2";"1";"1";"(50,65]";"3"
"210";"3";"1";"2";"2";"3";"3";"2";"3";"2";"3";"3";"3";"3";"3";"3";"(65,96]";"3"
"211";"1";"1";"2";"1";"1";"2";"2";"2";"2";"1";"1";"1";"1";"3";"1";"[18,35]";"2"
"212";"3";"1";"4";"3";"1";"1";"2";"3";"2";"3";"2";"3";"2";"3";"3";"(65,96]";"3"
"213";"1";"2";"4";"1";"3";"3";"2";"1";"1";"1";"1";"1";"1";"2";"1";"[18,35]";"2"
"214";"3";"2";"3";"3";"3";"2";"2";"3";"3";"2";"3";"2";"2";"3";"3";"(50,65]";"2"
"215";"3";"2";"2";"3";"2";"3";"2";"2";"3";"3";"3";"3";"2";"3";"1";"(35,50]";"2"
"216";"4";"4";"4";"4";"4";"4";"3";"4";"3";"3";"3";"3";"3";"3";"3";"(50,65]";"3"
"217";"2";"2";"1";"3";"1";"2";"2";"1";"3";"3";"2";"3";"3";"2";"2";"(35,50]";"2"
"218";"3";"3";"3";"3";"2";"3";"2";"2";"3";"3";"3";"3";"2";"2";"3";"(35,50]";"2"
"219";"2";"3";"2";"4";"3";"2";"3";"3";"3";"3";"2";"3";"3";"3";"3";"(35,50]";"3"
"221";"2";"3";"2";"3";"3";"2";"2";"2";"2";"3";"3";"3";"2";"3";"2";"(50,65]";"3"
"222";"3";"3";"2";"2";"1";"2";"2";"3";"2";"2";"2";"3";"3";"3";"3";"(35,50]";"2"
"223";"3";"2";"1";"4";"3";"4";"2";"2";"2";"2";"3";"2";"2";"3";"3";"(65,96]";"1"
"224";"2";"2";"3";"3";"2";"3";"3";"3";"3";"2";"1";"3";"2";"3";"1";"[18,35]";"3"
"225";"2";"2";"2";"2";"2";"2";"2";"2";"2";"2";"2";"2";"3";"3";"3";"(50,65]";"2"
"226";"3";"3";"2";"3";"2";"3";"3";"3";"3";"3";"3";"3";"3";"3";"3";"(65,96]";"3"
"227";"2";"1";"2";"4";"4";"1";"2";"2";"1";"3";"1";"3";"3";"3";"3";"(50,65]";"3"
"228";"2";"2";"3";"3";"3";"2";"2";"3";"2";"3";"1";"3";"3";"3";"3";"(50,65]";"3"
"229";"3";"4";"3";"3";"3";"3";"3";"3";"4";"3";"3";"2";"1";"3";"3";"(50,65]";"3"
"230";"2";"2";"2";"2";"2";"2";"2";"2";"3";"2";"1";"2";"2";"2";"1";"[18,35]";"2"
"231";"2";"2";"2";"3";"2";"2";"3";"3";"2";"1";"2";"3";"2";"3";"1";"(50,65]";"2"
"232";"2";"3";"4";"3";"4";"2";"3";"4";"3";"2";"2";"2";"2";"2";"1";"(65,96]";"3"
"233";"2";"2";"2";"3";"1";"2";"2";"2";"4";"2";"2";"3";"3";"3";"1";"(35,50]";"2"
"234";"2";"3";"2";"4";"2";"3";"2";"3";"3";"2";"2";"3";"3";"3";"3";"[18,35]";"3"
"237";"1";"1";"3";"3";"2";"3";"3";"1";"3";"2";"2";"2";"2";"2";"2";"(35,50]";"3"
"239";"2";"2";"2";"2";"3";"2";"3";"3";"2";"2";"2";"2";"2";"2";"2";"[18,35]";"2"
"240";"3";"2";"2";"4";"3";"2";"3";"3";"3";"1";"1";"1";"1";"3";"1";"(50,65]";"3"
"242";"2";"2";"2";"2";"2";"3";"3";"3";"3";"2";"2";"2";"2";"3";"2";"(50,65]";"1"
"243";"2";"3";"2";"2";"2";"2";"2";"2";"3";"3";"2";"2";"3";"2";"1";"(35,50]";"2"
"244";"1";"1";"2";"2";"2";"2";"2";"2";"3";"1";"1";"1";"1";"3";"1";"(50,65]";"1"
"245";"3";"3";"3";"4";"2";"3";"4";"3";"3";"3";"1";"3";"3";"3";"3";"(35,50]";"3"
"246";"2";"2";"2";"3";"2";"3";"3";"2";"3";"2";"3";"3";"2";"3";"1";"(50,65]";"2"
"247";"4";"4";"4";"4";"3";"4";"2";"3";"4";"3";"3";"3";"3";"3";"3";"(50,65]";"3"
"248";"2";"2";"3";"3";"2";"3";"1";"4";"3";"3";"3";"3";"3";"3";"2";"(50,65]";"3"
"249";"2";"2";"2";"3";"2";"2";"3";"2";"3";"2";"2";"3";"2";"1";"2";"[18,35]";"3"
"250";"2";"2";"3";"3";"2";"3";"2";"3";"3";"3";"3";"3";"2";"3";"3";"(50,65]";"2"
"252";"4";"4";"4";"4";"4";"4";"4";"4";"4";"3";"1";"3";"3";"3";"3";"[18,35]";"3"
"253";"4";"4";"2";"3";"3";"4";"3";"3";"4";"1";"1";"1";"1";"1";"1";"(50,65]";"3"
"254";"2";"2";"2";"3";"2";"3";"3";"2";"4";"3";"3";"3";"2";"3";"3";"(50,65]";"3"
"255";"2";"3";"2";"4";"3";"3";"3";"3";"3";"3";"1";"3";"2";"3";"2";"(50,65]";"1"
"256";"2";"3";"1";"2";"1";"2";"2";"3";"3";"3";"2";"3";"3";"3";"2";"(50,65]";"2"
"257";"2";"2";"2";"2";"1";"2";"1";"2";"2";"3";"2";"3";"3";"2";"2";"(65,96]";"3"
"258";"3";"3";"3";"3";"3";"3";"3";"3";"3";"3";"3";"3";"3";"3";"3";"[18,35]";"3"
"262";"1";"3";"3";"3";"1";"1";"1";"3";"3";"1";"1";"2";"2";"3";"2";"(35,50]";"2"
"263";"2";"2";"2";"3";"2";"3";"2";"3";"3";"3";"1";"3";"1";"3";"3";"(35,50]";"2"
"265";"2";"2";"2";"2";"2";"2";"2";"2";"3";"2";"3";"2";"3";"3";"2";"(65,96]";"3"
"266";"3";"2";"3";"4";"3";"2";"2";"3";"3";"2";"2";"3";"2";"3";"3";"(65,96]";"3"
"268";"2";"2";"2";"2";"2";"2";"2";"2";"2";"1";"1";"1";"1";"1";"1";"(65,96]";"3"
"269";"2";"2";"1";"3";"2";"3";"3";"2";"3";"3";"2";"2";"3";"2";"3";"(50,65]";"1"
"270";"2";"3";"3";"3";"2";"3";"3";"3";"3";"2";"3";"3";"3";"2";"3";"(65,96]";"3"
"271";"3";"3";"3";"3";"3";"3";"3";"3";"3";"2";"2";"3";"3";"3";"2";"(35,50]";"3"
"272";"1";"2";"2";"2";"1";"2";"1";"1";"3";"3";"3";"3";"3";"2";"2";"(35,50]";"3"
"274";"3";"3";"3";"3";"3";"3";"3";"3";"3";"3";"3";"3";"3";"3";"3";"(50,65]";"3"
"275";"2";"1";"2";"2";"2";"2";"2";"2";"2";"2";"2";"3";"2";"3";"2";"(35,50]";"2"
"276";"2";"2";"1";"3";"2";"3";"1";"2";"3";"1";"2";"1";"1";"2";"1";"(65,96]";"1"
"277";"3";"3";"2";"4";"2";"3";"3";"2";"3";"3";"3";"3";"3";"3";"3";"(50,65]";"2"
"278";"2";"2";"3";"4";"2";"2";"1";"3";"4";"1";"2";"1";"1";"2";"1";"(50,65]";"3"
"280";"2";"2";"2";"3";"2";"2";"2";"2";"3";"3";"3";"3";"3";"3";"3";"(50,65]";"2"
"282";"1";"1";"2";"3";"1";"3";"1";"1";"3";"1";"1";"3";"2";"3";"2";"(50,65]";"2"
"284";"2";"2";"2";"2";"1";"2";"2";"2";"3";"1";"1";"1";"1";"1";"1";"[18,35]";"2"
"285";"3";"1";"3";"3";"3";"3";"2";"3";"4";"3";"3";"3";"1";"3";"3";"(50,65]";"3"
"287";"3";"2";"3";"3";"3";"3";"2";"3";"3";"1";"1";"2";"2";"3";"1";"[18,35]";"3"
"290";"3";"3";"2";"4";"3";"3";"2";"4";"3";"3";"1";"3";"3";"3";"2";"(50,65]";"1"
"291";"1";"3";"2";"3";"2";"2";"1";"2";"2";"2";"1";"3";"2";"2";"2";"(50,65]";"3"
"292";"2";"2";"3";"3";"2";"2";"3";"3";"3";"3";"3";"3";"3";"3";"3";"(50,65]";"2"
"293";"3";"2";"2";"3";"4";"2";"2";"2";"3";"3";"3";"3";"3";"3";"3";"(50,65]";"3"
"294";"2";"1";"2";"3";"2";"2";"2";"2";"3";"2";"1";"2";"2";"3";"2";"(65,96]";"2"
"295";"2";"2";"2";"3";"2";"2";"2";"3";"2";"1";"1";"2";"1";"1";"1";"(50,65]";"2"
"296";"1";"1";"3";"3";"3";"3";"1";"1";"3";"1";"2";"3";"2";"3";"3";"[18,35]";"2"
"298";"3";"3";"3";"3";"2";"3";"1";"3";"4";"3";"3";"3";"3";"3";"3";"(35,50]";"3"
"300";"2";"3";"2";"3";"2";"2";"2";"2";"3";"3";"2";"2";"2";"3";"2";"(50,65]";"3"
"301";"1";"2";"3";"2";"1";"2";"2";"1";"1";"3";"2";"2";"2";"3";"2";"(35,50]";"2"
"303";"2";"2";"3";"3";"3";"3";"2";"2";"2";"3";"1";"3";"1";"3";"2";"(50,65]";"3"
"304";"1";"1";"1";"2";"1";"2";"2";"2";"2";"1";"1";"2";"2";"2";"1";"(35,50]";"3"
"305";"2";"3";"3";"3";"3";"3";"4";"3";"3";"2";"3";"3";"2";"3";"2";"(50,65]";"3"
"306";"3";"3";"3";"4";"4";"2";"2";"3";"3";"3";"3";"3";"3";"3";"3";"(35,50]";"3"
"307";"2";"2";"2";"2";"2";"2";"3";"3";"3";"2";"3";"3";"2";"3";"2";"(50,65]";"3"
"308";"3";"3";"3";"3";"3";"3";"3";"2";"2";"3";"3";"3";"3";"3";"3";"[18,35]";"3"
"310";"2";"2";"2";"3";"2";"2";"2";"2";"2";"3";"2";"3";"2";"2";"2";"(65,96]";"3"
"311";"3";"3";"3";"3";"2";"1";"2";"3";"3";"3";"3";"3";"2";"2";"2";"(35,50]";"3"
"313";"3";"3";"3";"3";"1";"3";"3";"1";"3";"3";"2";"3";"3";"3";"3";"(50,65]";"2"
"314";"3";"3";"3";"3";"2";"3";"2";"3";"3";"3";"2";"3";"3";"2";"3";"[18,35]";"3"
"316";"2";"3";"4";"4";"2";"3";"3";"2";"3";"3";"2";"3";"1";"2";"2";"(35,50]";"3"
"317";"2";"2";"4";"2";"2";"4";"1";"2";"2";"1";"3";"1";"1";"3";"2";"(65,96]";"3"
"319";"2";"2";"3";"3";"3";"3";"2";"3";"3";"1";"1";"3";"3";"3";"1";"(50,65]";"2"
"320";"2";"3";"4";"3";"2";"3";"2";"2";"3";"1";"1";"2";"1";"1";"3";"[18,35]";"1"
"321";"2";"2";"2";"2";"2";"2";"1";"2";"3";"2";"3";"3";"2";"1";"3";"(35,50]";"3"
"323";"2";"2";"2";"4";"2";"3";"2";"2";"3";"3";"2";"3";"2";"3";"2";"(50,65]";"2"
"324";"2";"2";"3";"3";"2";"3";"2";"3";"3";"3";"2";"3";"3";"3";"1";"(50,65]";"3"
"326";"2";"2";"1";"3";"2";"2";"1";"2";"2";"2";"2";"2";"2";"2";"2";"(65,96]";"3"
"327";"2";"2";"1";"3";"2";"3";"3";"3";"2";"2";"2";"3";"3";"3";"3";"[18,35]";"1"
"329";"1";"1";"3";"2";"2";"2";"1";"2";"2";"1";"1";"1";"1";"1";"1";"(50,65]";"3"
"330";"2";"3";"3";"2";"2";"2";"2";"2";"3";"3";"2";"3";"3";"3";"1";"[18,35]";"3"
"331";"2";"2";"2";"3";"2";"3";"2";"3";"3";"2";"2";"3";"2";"2";"2";"(65,96]";"2"
"332";"2";"3";"3";"2";"2";"3";"2";"2";"3";"2";"2";"3";"2";"3";"2";"[18,35]";"3"
"334";"3";"4";"3";"3";"2";"3";"2";"3";"3";"3";"3";"3";"3";"3";"3";"(50,65]";"2"
"336";"2";"2";"3";"3";"3";"3";"3";"3";"3";"2";"3";"3";"3";"2";"2";"(50,65]";"3"
"337";"2";"2";"3";"3";"1";"3";"2";"3";"3";"3";"3";"3";"3";"3";"3";"(35,50]";"3"
"338";"3";"2";"2";"4";"3";"3";"3";"2";"3";"3";"3";"3";"3";"3";"3";"(50,65]";"2"
"339";"2";"2";"2";"3";"1";"2";"1";"3";"2";"3";"2";"2";"3";"3";"2";"(65,96]";"3"
"340";"3";"2";"2";"3";"2";"2";"3";"3";"4";"3";"3";"3";"1";"3";"3";"(35,50]";"2"
"341";"2";"1";"1";"3";"2";"2";"1";"3";"3";"1";"1";"2";"3";"3";"1";"(65,96]";"2"
"342";"1";"2";"1";"2";"3";"3";"1";"3";"3";"1";"1";"1";"1";"2";"1";"(65,96]";"1"
"344";"2";"2";"2";"2";"2";"3";"2";"3";"3";"2";"3";"3";"3";"3";"2";"[18,35]";"2"
"345";"2";"3";"2";"4";"2";"2";"3";"2";"3";"3";"3";"3";"3";"3";"3";"(65,96]";"2"
"346";"3";"3";"2";"3";"3";"2";"3";"4";"2";"3";"3";"2";"2";"3";"3";"(65,96]";"3"
"348";"4";"4";"3";"4";"3";"4";"4";"3";"4";"2";"3";"3";"3";"3";"3";"[18,35]";"2"
"349";"2";"2";"4";"3";"2";"3";"1";"2";"3";"2";"2";"3";"2";"3";"2";"(50,65]";"3"
"350";"2";"4";"3";"4";"4";"3";"2";"3";"4";"3";"2";"3";"3";"3";"2";"(50,65]";"3"
"351";"3";"3";"3";"3";"3";"3";"2";"3";"3";"3";"3";"3";"3";"3";"3";"(35,50]";"3"
"352";"1";"1";"1";"2";"1";"1";"3";"2";"1";"1";"1";"2";"1";"3";"3";"(35,50]";"3"
"353";"2";"2";"2";"3";"3";"3";"2";"3";"3";"2";"1";"1";"1";"1";"1";"(50,65]";"3"
"354";"2";"3";"3";"3";"2";"2";"2";"2";"3";"2";"1";"3";"1";"1";"2";"[18,35]";"3"
"355";"2";"2";"3";"3";"3";"3";"2";"2";"3";"2";"3";"3";"3";"3";"2";"[18,35]";"2"
"357";"3";"3";"2";"4";"4";"2";"3";"3";"1";"3";"1";"3";"3";"3";"3";"(50,65]";"3"
"358";"2";"3";"2";"2";"3";"2";"2";"2";"3";"3";"2";"3";"3";"2";"3";"(35,50]";"2"
"359";"3";"2";"2";"2";"3";"2";"3";"3";"3";"3";"3";"3";"3";"3";"3";"(35,50]";"3"
"360";"4";"4";"3";"4";"4";"3";"4";"4";"4";"3";"3";"3";"2";"3";"3";"(35,50]";"3"
"361";"3";"3";"2";"4";"2";"3";"2";"3";"3";"3";"3";"3";"3";"3";"3";"(65,96]";"2"
"362";"2";"2";"2";"3";"2";"3";"3";"3";"3";"2";"3";"3";"3";"3";"2";"(50,65]";"2"
"363";"2";"3";"3";"4";"2";"3";"2";"4";"3";"2";"3";"3";"3";"3";"2";"(35,50]";"3"
"364";"2";"2";"1";"2";"2";"2";"2";"2";"3";"2";"2";"3";"3";"3";"2";"(35,50]";"3"
"365";"3";"2";"2";"3";"3";"2";"2";"3";"2";"3";"2";"3";"2";"3";"2";"(50,65]";"2"
"366";"3";"3";"3";"4";"4";"3";"3";"3";"3";"3";"3";"3";"3";"2";"2";"(50,65]";"3"
"367";"1";"2";"1";"4";"2";"1";"2";"1";"2";"2";"1";"2";"2";"3";"1";"(65,96]";"2"
"368";"2";"2";"2";"2";"1";"3";"2";"2";"3";"2";"1";"2";"2";"3";"2";"(50,65]";"2"
"370";"2";"2";"2";"3";"2";"3";"2";"2";"2";"2";"2";"2";"2";"1";"2";"(65,96]";"3"
"371";"1";"2";"2";"2";"1";"3";"2";"3";"3";"3";"2";"3";"2";"2";"2";"(35,50]";"3"
"372";"3";"3";"3";"4";"4";"3";"3";"3";"3";"3";"3";"3";"3";"3";"3";"(65,96]";"2"
"373";"1";"1";"1";"2";"1";"1";"3";"1";"2";"2";"1";"2";"3";"1";"3";"(35,50]";"1"
"374";"2";"2";"3";"3";"2";"2";"2";"2";"2";"2";"3";"2";"2";"3";"2";"[18,35]";"2"
"375";"2";"2";"2";"2";"2";"2";"2";"2";"3";"2";"2";"3";"2";"3";"2";"[18,35]";"2"
"377";"3";"1";"3";"3";"3";"3";"1";"1";"3";"2";"2";"3";"1";"2";"3";"(35,50]";"3"
"379";"2";"3";"2";"3";"2";"3";"2";"4";"2";"1";"1";"2";"3";"2";"1";"(65,96]";"3"
"380";"2";"4";"3";"4";"3";"3";"2";"3";"4";"1";"1";"3";"1";"3";"2";"(50,65]";"3"
"381";"2";"2";"2";"2";"1";"2";"2";"2";"3";"2";"2";"3";"1";"2";"2";"(35,50]";"2"
"382";"1";"3";"2";"3";"2";"2";"2";"3";"2";"2";"3";"3";"2";"3";"2";"(65,96]";"2"
"383";"2";"2";"4";"3";"2";"3";"2";"3";"2";"2";"2";"3";"3";"3";"2";"[18,35]";"3"
"384";"2";"2";"2";"2";"2";"2";"2";"2";"2";"1";"1";"1";"1";"1";"1";"(35,50]";"2"
"385";"3";"3";"3";"3";"3";"3";"3";"3";"4";"3";"3";"3";"3";"3";"3";"(35,50]";"3"
"387";"2";"3";"2";"3";"3";"3";"3";"2";"2";"3";"1";"3";"2";"3";"2";"[18,35]";"2"
"388";"2";"2";"2";"2";"2";"3";"2";"2";"3";"2";"1";"3";"1";"2";"1";"(35,50]";"3"
"389";"2";"1";"2";"3";"1";"3";"2";"2";"3";"2";"1";"2";"2";"2";"3";"(65,96]";"3"
"390";"3";"2";"3";"2";"3";"3";"4";"3";"3";"2";"3";"3";"2";"3";"3";"[18,35]";"3"
"391";"3";"3";"3";"4";"3";"3";"4";"3";"3";"1";"1";"1";"1";"1";"1";"(50,65]";"3"
"392";"3";"3";"3";"4";"3";"3";"3";"3";"3";"3";"3";"3";"3";"3";"3";"(50,65]";"3"
"393";"2";"2";"2";"3";"2";"3";"3";"2";"3";"3";"2";"3";"3";"3";"3";"(35,50]";"3"
"394";"2";"2";"2";"3";"3";"3";"3";"3";"4";"3";"3";"3";"3";"3";"2";"(35,50]";"3"
"395";"3";"3";"3";"4";"3";"2";"2";"3";"3";"3";"3";"2";"2";"3";"3";"(50,65]";"1"
"396";"3";"3";"3";"3";"2";"2";"2";"3";"3";"3";"3";"3";"2";"3";"2";"[18,35]";"3"
"399";"3";"3";"3";"3";"3";"3";"2";"2";"3";"2";"2";"3";"2";"3";"2";"[18,35]";"3"
"401";"2";"2";"3";"2";"2";"2";"3";"2";"3";"2";"2";"3";"1";"2";"2";"(35,50]";"3"
"402";"2";"2";"2";"2";"4";"3";"2";"3";"3";"3";"3";"3";"3";"3";"2";"(50,65]";"3"
"403";"2";"2";"2";"3";"1";"2";"2";"3";"3";"3";"2";"3";"2";"3";"3";"(50,65]";"2"
"404";"2";"3";"1";"2";"3";"2";"4";"3";"2";"3";"1";"3";"3";"3";"3";"(35,50]";"3"
"405";"2";"3";"3";"3";"2";"2";"2";"3";"3";"2";"2";"2";"2";"2";"1";"(50,65]";"2"
"406";"2";"3";"4";"3";"4";"3";"3";"4";"4";"3";"3";"3";"3";"3";"3";"(35,50]";"3"
"408";"2";"3";"3";"4";"2";"4";"3";"3";"4";"3";"2";"1";"1";"3";"3";"(65,96]";"3"
"410";"2";"2";"2";"2";"1";"2";"2";"2";"2";"2";"1";"2";"2";"2";"2";"(50,65]";"2"
"411";"2";"1";"3";"4";"3";"3";"2";"3";"4";"3";"3";"3";"3";"3";"2";"(50,65]";"3"
"413";"1";"2";"3";"2";"1";"2";"1";"3";"3";"1";"1";"2";"1";"1";"2";"[18,35]";"2"
"414";"4";"3";"2";"3";"4";"4";"2";"4";"3";"3";"3";"3";"3";"3";"3";"(50,65]";"3"
"415";"2";"2";"4";"4";"2";"2";"2";"2";"3";"3";"3";"3";"3";"2";"2";"(65,96]";"3"
"416";"2";"3";"2";"2";"2";"3";"2";"3";"3";"3";"3";"3";"3";"3";"3";"[18,35]";"2"
"417";"2";"2";"3";"2";"3";"2";"3";"3";"2";"2";"1";"2";"3";"3";"3";"[18,35]";"3"
"418";"2";"3";"3";"3";"3";"3";"2";"3";"3";"1";"1";"1";"1";"1";"2";"(50,65]";"2"
"419";"2";"2";"2";"2";"3";"2";"2";"2";"2";"1";"1";"1";"1";"2";"1";"(65,96]";"1"
"420";"3";"3";"2";"3";"4";"3";"4";"4";"3";"3";"2";"2";"3";"3";"3";"(50,65]";"3"
"421";"2";"2";"2";"3";"2";"2";"3";"3";"2";"3";"3";"3";"1";"3";"1";"(65,96]";"3"
"422";"4";"4";"3";"3";"3";"4";"2";"2";"3";"2";"2";"2";"1";"2";"3";"(35,50]";"3"
"423";"2";"1";"1";"2";"1";"2";"1";"2";"2";"3";"2";"3";"2";"3";"3";"(50,65]";"3"
"424";"2";"3";"2";"2";"2";"3";"3";"2";"3";"3";"2";"3";"3";"3";"3";"(50,65]";"2"
"425";"2";"2";"2";"2";"2";"3";"3";"2";"3";"1";"1";"3";"1";"1";"1";"(35,50]";"2"
"426";"2";"3";"2";"3";"2";"2";"2";"3";"3";"1";"2";"2";"1";"1";"2";"(50,65]";"3"
"427";"2";"1";"3";"3";"2";"3";"3";"2";"3";"3";"3";"3";"3";"3";"3";"(35,50]";"3"
"429";"4";"3";"4";"4";"4";"4";"3";"3";"4";"2";"2";"2";"2";"2";"2";"(50,65]";"3"
"430";"2";"3";"3";"3";"2";"3";"3";"3";"3";"3";"3";"3";"3";"3";"3";"(35,50]";"3"
"431";"2";"2";"2";"3";"2";"3";"2";"2";"3";"3";"2";"3";"2";"3";"3";"(50,65]";"3"
"432";"2";"3";"2";"3";"2";"3";"2";"3";"3";"1";"2";"2";"2";"1";"2";"(35,50]";"2"
"433";"2";"2";"2";"4";"3";"2";"2";"4";"3";"2";"2";"3";"2";"3";"2";"(65,96]";"3"
"434";"2";"2";"2";"3";"2";"3";"3";"2";"3";"2";"1";"2";"2";"3";"2";"(50,65]";"1"
"435";"3";"3";"4";"4";"4";"4";"3";"4";"4";"3";"3";"3";"3";"3";"3";"(35,50]";"3"
"436";"2";"3";"3";"3";"2";"3";"2";"3";"3";"2";"1";"3";"2";"2";"2";"[18,35]";"3"
"437";"2";"3";"2";"4";"2";"3";"1";"2";"3";"2";"2";"1";"2";"2";"2";"(35,50]";"3"
"438";"2";"2";"3";"3";"3";"3";"2";"3";"2";"2";"2";"3";"2";"3";"3";"[18,35]";"3"
"439";"2";"3";"1";"3";"3";"2";"3";"3";"2";"1";"1";"3";"2";"1";"2";"(50,65]";"3"
"440";"1";"1";"1";"3";"1";"1";"2";"1";"2";"1";"1";"1";"1";"1";"1";"(65,96]";"1"
"441";"2";"2";"1";"3";"2";"2";"2";"2";"3";"1";"2";"2";"2";"2";"1";"(35,50]";"3"
"442";"3";"3";"2";"3";"2";"3";"2";"4";"3";"3";"1";"3";"3";"3";"2";"(50,65]";"3"
"443";"2";"2";"2";"2";"2";"2";"2";"2";"3";"1";"1";"3";"2";"2";"1";"(65,96]";"1"
"444";"1";"1";"1";"1";"1";"1";"1";"1";"2";"2";"2";"2";"2";"3";"2";"(35,50]";"2"
"447";"2";"1";"1";"4";"2";"3";"3";"2";"3";"2";"2";"2";"1";"1";"2";"(65,96]";"1"
"448";"2";"2";"2";"2";"2";"2";"3";"3";"3";"1";"3";"3";"2";"1";"1";"[18,35]";"2"
"449";"2";"2";"3";"4";"2";"2";"3";"2";"2";"3";"1";"2";"2";"3";"3";"(50,65]";"1"
"450";"1";"2";"1";"2";"1";"3";"2";"1";"3";"2";"1";"3";"1";"1";"1";"[18,35]";"1"
"451";"2";"1";"3";"3";"2";"3";"1";"2";"3";"2";"2";"2";"2";"1";"1";"[18,35]";"2"
"452";"3";"3";"3";"3";"3";"3";"2";"3";"3";"1";"2";"2";"3";"2";"3";"(50,65]";"3"
"453";"3";"3";"3";"3";"1";"3";"1";"2";"3";"3";"3";"3";"3";"3";"3";"(35,50]";"3"
"454";"1";"1";"1";"2";"2";"2";"2";"1";"2";"1";"1";"1";"1";"1";"1";"(65,96]";"1"
"455";"3";"3";"1";"3";"2";"3";"3";"3";"3";"2";"3";"2";"1";"3";"1";"(50,65]";"3"
"456";"2";"2";"2";"3";"2";"3";"3";"3";"4";"3";"3";"3";"3";"3";"2";"(35,50]";"3"
"457";"4";"4";"3";"2";"1";"2";"3";"3";"2";"3";"3";"3";"3";"3";"3";"[18,35]";"3"
"458";"2";"2";"2";"3";"2";"2";"2";"2";"3";"1";"1";"1";"1";"2";"1";"(50,65]";"1"
"459";"3";"3";"3";"4";"2";"3";"2";"3";"3";"3";"2";"3";"3";"3";"3";"[18,35]";"3"
"460";"2";"3";"2";"4";"2";"2";"2";"3";"3";"3";"2";"2";"1";"2";"2";"(35,50]";"3"
"462";"2";"2";"1";"3";"3";"2";"2";"2";"3";"3";"3";"3";"2";"3";"2";"(35,50]";"3"
"463";"2";"2";"3";"4";"2";"3";"3";"3";"3";"3";"3";"3";"3";"3";"3";"(65,96]";"3"
"464";"2";"1";"1";"3";"1";"1";"1";"2";"2";"2";"2";"3";"3";"2";"2";"[18,35]";"3"
"465";"2";"2";"3";"3";"1";"2";"3";"3";"3";"3";"2";"3";"2";"3";"2";"(35,50]";"3"
"466";"2";"3";"2";"3";"2";"3";"2";"3";"3";"3";"2";"3";"3";"3";"2";"(50,65]";"2"
"467";"3";"3";"4";"3";"3";"3";"3";"1";"3";"2";"2";"2";"2";"3";"3";"(35,50]";"2"
"468";"3";"2";"2";"2";"3";"2";"2";"3";"2";"2";"2";"3";"2";"3";"3";"(50,65]";"2"
"469";"3";"3";"2";"2";"2";"2";"2";"3";"2";"3";"2";"3";"2";"3";"3";"[18,35]";"2"
"470";"2";"1";"2";"2";"2";"2";"2";"3";"1";"1";"1";"2";"2";"2";"2";"(35,50]";"3"
"471";"3";"2";"2";"2";"2";"3";"2";"3";"3";"2";"2";"2";"2";"3";"3";"(65,96]";"3"
"475";"2";"1";"2";"2";"2";"2";"2";"2";"2";"3";"3";"3";"3";"3";"3";"(35,50]";"3"
"476";"2";"3";"2";"3";"2";"2";"2";"3";"3";"3";"3";"3";"3";"3";"3";"(50,65]";"3"
"477";"3";"2";"3";"2";"2";"2";"2";"2";"3";"3";"3";"3";"2";"1";"3";"(50,65]";"3"
"478";"3";"3";"3";"3";"3";"3";"3";"3";"4";"3";"1";"3";"3";"1";"3";"(35,50]";"3"
"479";"3";"2";"2";"2";"2";"3";"2";"2";"3";"1";"1";"1";"1";"2";"2";"(65,96]";"3"
"480";"3";"3";"4";"4";"3";"3";"3";"3";"3";"3";"2";"3";"3";"3";"3";"(50,65]";"3"
"481";"2";"2";"2";"3";"1";"3";"3";"2";"2";"3";"2";"3";"2";"3";"2";"[18,35]";"2"
"482";"2";"3";"3";"3";"3";"3";"2";"2";"3";"3";"3";"3";"3";"2";"2";"(35,50]";"3"
"483";"4";"4";"2";"4";"2";"2";"2";"2";"4";"1";"1";"1";"1";"1";"1";"(65,96]";"2"
"484";"2";"2";"2";"4";"2";"2";"2";"3";"3";"2";"3";"3";"2";"1";"2";"(65,96]";"3"
"485";"1";"2";"1";"2";"1";"2";"2";"2";"2";"1";"1";"2";"1";"1";"1";"(50,65]";"2"
"486";"1";"1";"3";"4";"1";"2";"1";"2";"3";"3";"3";"3";"3";"3";"3";"(35,50]";"3"
"487";"3";"2";"3";"3";"2";"2";"2";"3";"4";"3";"3";"3";"3";"3";"2";"(50,65]";"3"
"488";"3";"2";"2";"3";"3";"3";"3";"4";"3";"2";"3";"2";"3";"3";"2";"(50,65]";"3"
"489";"2";"3";"2";"4";"2";"2";"3";"2";"3";"3";"1";"2";"2";"3";"3";"(50,65]";"2"
"490";"2";"2";"2";"2";"1";"2";"2";"1";"2";"1";"1";"2";"1";"2";"1";"(50,65]";"2"
"491";"2";"2";"1";"4";"2";"2";"3";"2";"2";"3";"2";"2";"2";"3";"3";"(50,65]";"2"
"493";"3";"2";"2";"3";"2";"2";"2";"3";"2";"2";"2";"3";"3";"3";"3";"(50,65]";"3"
"494";"2";"3";"3";"2";"2";"3";"2";"2";"3";"1";"2";"2";"3";"3";"2";"(65,96]";"2"
"495";"1";"1";"2";"2";"2";"2";"2";"1";"2";"2";"3";"2";"2";"1";"1";"[18,35]";"3"
"496";"2";"2";"2";"2";"2";"2";"2";"3";"3";"2";"3";"3";"2";"3";"2";"(65,96]";"3"
"497";"1";"1";"1";"2";"1";"1";"2";"1";"1";"1";"1";"1";"1";"1";"1";"(50,65]";"2"
"498";"3";"2";"3";"2";"2";"3";"2";"2";"3";"3";"1";"3";"1";"2";"2";"[18,35]";"2"
"499";"2";"3";"2";"3";"2";"3";"4";"3";"3";"3";"3";"3";"3";"3";"2";"(50,65]";"3"
"500";"2";"2";"2";"3";"2";"2";"2";"2";"3";"2";"1";"3";"2";"3";"2";"[18,35]";"3"
"501";"3";"2";"3";"2";"2";"2";"3";"3";"2";"3";"2";"2";"3";"3";"1";"(50,65]";"2"
"502";"1";"1";"1";"2";"1";"2";"2";"1";"2";"2";"2";"3";"1";"2";"2";"(35,50]";"2"
"503";"3";"3";"2";"3";"2";"3";"3";"3";"3";"3";"3";"2";"2";"2";"2";"(50,65]";"2"
"505";"3";"3";"3";"3";"2";"3";"2";"2";"3";"3";"3";"3";"3";"3";"3";"(35,50]";"2"
"506";"3";"3";"3";"3";"4";"3";"4";"3";"4";"3";"3";"3";"3";"2";"2";"(50,65]";"3"
"507";"2";"2";"3";"4";"1";"3";"2";"2";"3";"1";"2";"2";"2";"2";"2";"(65,96]";"1"
"510";"3";"3";"3";"3";"3";"3";"2";"3";"3";"3";"3";"3";"3";"3";"3";"(65,96]";"3"
"511";"2";"2";"4";"3";"2";"2";"2";"2";"3";"1";"2";"2";"1";"1";"2";"(35,50]";"3"
"513";"2";"2";"2";"3";"2";"3";"1";"2";"3";"2";"2";"3";"3";"3";"2";"(50,65]";"3"
"514";"3";"3";"3";"3";"2";"3";"3";"3";"3";"3";"1";"2";"2";"3";"3";"(35,50]";"3"
"515";"2";"1";"3";"2";"1";"2";"2";"3";"3";"2";"2";"3";"3";"3";"1";"[18,35]";"2"
"516";"3";"3";"3";"4";"3";"3";"4";"2";"2";"3";"2";"3";"1";"3";"2";"(35,50]";"3"
"518";"3";"3";"3";"3";"4";"3";"2";"2";"3";"3";"3";"3";"3";"3";"3";"(35,50]";"3"
"519";"3";"4";"4";"4";"3";"4";"3";"3";"4";"3";"3";"3";"3";"3";"1";"(50,65]";"3"
"520";"3";"3";"3";"4";"4";"4";"3";"3";"4";"3";"3";"3";"3";"3";"3";"(50,65]";"3"
"521";"2";"3";"3";"3";"3";"2";"2";"2";"2";"3";"3";"3";"3";"3";"3";"(50,65]";"3"
"523";"4";"3";"2";"3";"2";"3";"2";"3";"3";"3";"3";"3";"2";"3";"3";"(65,96]";"3"
"524";"2";"2";"2";"3";"2";"2";"2";"2";"3";"3";"3";"3";"3";"3";"3";"(50,65]";"2"
"525";"3";"3";"2";"2";"2";"3";"2";"2";"3";"1";"1";"1";"1";"1";"1";"(50,65]";"3"
"526";"2";"2";"2";"3";"2";"2";"2";"3";"3";"3";"3";"3";"2";"2";"3";"(35,50]";"3"
"527";"1";"1";"2";"4";"1";"3";"2";"2";"3";"2";"2";"3";"2";"3";"2";"(65,96]";"3"
"528";"3";"3";"2";"4";"2";"3";"3";"3";"4";"3";"2";"3";"2";"2";"3";"(65,96]";"2"
"529";"3";"3";"2";"2";"2";"3";"3";"3";"4";"2";"2";"3";"2";"2";"2";"(50,65]";"3"
"530";"1";"3";"3";"2";"2";"2";"1";"2";"2";"3";"3";"3";"3";"3";"1";"(35,50]";"3"
"531";"2";"3";"2";"3";"2";"3";"2";"2";"3";"1";"1";"1";"1";"1";"1";"(65,96]";"2"
"532";"3";"4";"2";"2";"3";"3";"3";"4";"3";"3";"1";"2";"3";"3";"2";"(35,50]";"3"
"533";"3";"2";"2";"3";"2";"3";"3";"3";"3";"3";"3";"1";"1";"3";"2";"[18,35]";"3"
"534";"2";"2";"1";"3";"2";"2";"3";"2";"2";"2";"1";"2";"2";"2";"2";"(50,65]";"2"
"535";"3";"2";"4";"3";"4";"4";"4";"2";"3";"3";"3";"3";"3";"3";"3";"(50,65]";"2"
"536";"2";"2";"2";"3";"2";"3";"2";"2";"3";"1";"3";"3";"2";"2";"1";"(35,50]";"3"
"537";"2";"2";"3";"2";"2";"3";"3";"3";"3";"3";"2";"3";"2";"3";"1";"(35,50]";"2"
"538";"3";"2";"2";"4";"2";"3";"3";"3";"3";"2";"1";"3";"2";"3";"1";"(65,96]";"3"
"540";"2";"3";"4";"4";"3";"3";"3";"2";"2";"2";"1";"3";"2";"3";"2";"[18,35]";"2"
"541";"2";"3";"2";"4";"3";"2";"2";"4";"3";"2";"3";"3";"2";"3";"3";"(65,96]";"3"
"542";"2";"2";"3";"2";"3";"2";"3";"2";"3";"2";"2";"3";"2";"3";"3";"[18,35]";"3"
"543";"1";"2";"2";"3";"2";"3";"3";"2";"2";"3";"3";"3";"2";"3";"3";"(65,96]";"2"
"544";"2";"3";"2";"2";"2";"2";"2";"2";"2";"3";"3";"3";"3";"3";"1";"(35,50]";"3"
"545";"3";"2";"2";"4";"2";"2";"2";"4";"4";"3";"2";"3";"3";"3";"2";"(50,65]";"3"
"546";"2";"1";"2";"3";"2";"3";"3";"2";"2";"1";"1";"3";"1";"3";"1";"[18,35]";"3"
"548";"4";"3";"3";"3";"3";"4";"2";"2";"3";"3";"3";"3";"3";"3";"3";"(50,65]";"3"
"549";"1";"2";"3";"2";"2";"2";"4";"2";"2";"1";"3";"3";"2";"3";"2";"(50,65]";"3"
"550";"2";"2";"2";"3";"2";"3";"2";"3";"3";"2";"3";"2";"3";"2";"2";"(50,65]";"3"
"551";"2";"2";"3";"2";"2";"2";"2";"2";"3";"3";"3";"3";"2";"3";"2";"(65,96]";"2"
"552";"2";"2";"3";"2";"2";"2";"3";"3";"3";"3";"2";"2";"2";"2";"2";"(50,65]";"2"
"553";"2";"1";"2";"4";"3";"2";"1";"1";"2";"1";"1";"3";"1";"2";"1";"(35,50]";"3"
"555";"2";"2";"3";"4";"3";"2";"4";"4";"3";"2";"2";"3";"3";"2";"2";"(50,65]";"3"
"556";"3";"3";"3";"3";"4";"3";"3";"3";"3";"3";"3";"3";"3";"3";"3";"(50,65]";"3"
"557";"2";"3";"2";"3";"2";"2";"3";"2";"3";"3";"3";"2";"3";"3";"3";"(65,96]";"2"
"558";"3";"3";"2";"3";"4";"3";"3";"4";"3";"3";"3";"3";"3";"3";"3";"(35,50]";"3"
"560";"2";"3";"3";"3";"3";"3";"3";"3";"3";"3";"3";"3";"3";"3";"3";"(35,50]";"2"
"561";"2";"4";"1";"2";"4";"1";"3";"4";"3";"3";"2";"3";"2";"2";"2";"(35,50]";"3"
"562";"2";"2";"3";"3";"2";"3";"3";"2";"2";"1";"1";"1";"2";"3";"1";"(50,65]";"3"
"563";"2";"3";"2";"3";"3";"2";"2";"2";"2";"3";"2";"3";"3";"3";"3";"(35,50]";"3"
"564";"3";"2";"3";"2";"3";"2";"3";"2";"3";"2";"3";"3";"2";"3";"3";"[18,35]";"3"
"566";"1";"2";"1";"2";"1";"2";"2";"1";"2";"2";"1";"2";"1";"1";"1";"[18,35]";"1"
"568";"2";"3";"4";"3";"3";"3";"1";"4";"3";"1";"1";"1";"1";"1";"1";"[18,35]";"3"
"569";"3";"3";"1";"3";"1";"3";"3";"4";"3";"1";"1";"2";"1";"2";"1";"(35,50]";"3"
"570";"4";"3";"3";"4";"2";"4";"2";"3";"4";"3";"3";"3";"3";"2";"3";"(50,65]";"3"
"571";"2";"2";"3";"4";"3";"2";"4";"3";"2";"2";"2";"2";"2";"3";"1";"(35,50]";"3"
"572";"2";"3";"4";"2";"1";"2";"1";"2";"3";"3";"3";"3";"3";"3";"2";"(35,50]";"3"
"573";"3";"1";"1";"2";"1";"3";"2";"1";"3";"2";"2";"3";"3";"3";"2";"(35,50]";"2"
"574";"4";"4";"3";"4";"3";"3";"3";"3";"3";"3";"3";"3";"3";"3";"3";"(50,65]";"3"
"575";"3";"2";"2";"3";"3";"3";"2";"2";"3";"3";"1";"2";"1";"1";"1";"(50,65]";"2"
"576";"2";"2";"2";"3";"2";"3";"3";"2";"3";"1";"2";"2";"2";"2";"2";"(65,96]";"3"
"577";"2";"2";"2";"2";"2";"2";"2";"3";"2";"1";"1";"1";"1";"1";"1";"(50,65]";"3"
"578";"3";"2";"3";"3";"4";"3";"3";"2";"2";"3";"3";"3";"3";"3";"3";"(50,65]";"2"
"579";"2";"2";"2";"3";"2";"4";"2";"2";"2";"1";"1";"1";"1";"1";"1";"[18,35]";"3"
"580";"4";"3";"3";"4";"3";"2";"3";"3";"3";"2";"3";"3";"3";"3";"3";"(35,50]";"3"
"581";"3";"3";"2";"3";"2";"3";"3";"3";"4";"3";"3";"3";"3";"3";"3";"(35,50]";"2"
"582";"2";"2";"3";"2";"2";"2";"2";"2";"2";"1";"1";"1";"1";"2";"1";"(50,65]";"2"
"583";"4";"4";"4";"4";"4";"4";"4";"4";"4";"1";"1";"2";"2";"1";"3";"(50,65]";"3"
"584";"1";"4";"1";"3";"3";"3";"1";"3";"1";"2";"1";"3";"2";"3";"3";"[18,35]";"3"
"585";"2";"3";"3";"3";"2";"2";"2";"2";"3";"3";"2";"3";"2";"2";"2";"(65,96]";"3"
"586";"2";"4";"3";"4";"2";"3";"3";"3";"3";"1";"1";"1";"2";"1";"1";"[18,35]";"1"
"589";"1";"2";"1";"2";"1";"2";"2";"2";"2";"2";"2";"2";"2";"2";"3";"(65,96]";"1"
"591";"2";"3";"2";"2";"3";"2";"2";"3";"3";"2";"2";"2";"2";"3";"2";"(50,65]";"3"
"592";"3";"2";"3";"3";"3";"3";"2";"2";"3";"2";"3";"3";"3";"3";"2";"[18,35]";"3"
"593";"2";"4";"1";"4";"2";"2";"2";"3";"3";"1";"2";"3";"2";"2";"2";"(65,96]";"3"
"594";"2";"2";"1";"3";"2";"2";"2";"2";"3";"3";"3";"3";"3";"3";"2";"(50,65]";"2"
"595";"2";"3";"2";"2";"3";"3";"2";"1";"4";"3";"3";"3";"2";"2";"2";"(50,65]";"3"
"596";"3";"3";"4";"3";"3";"3";"3";"4";"3";"3";"3";"3";"3";"3";"2";"(65,96]";"3"
"597";"2";"2";"2";"4";"3";"2";"3";"2";"3";"1";"1";"2";"2";"2";"1";"(50,65]";"1"
"598";"2";"2";"2";"3";"2";"1";"1";"1";"1";"1";"1";"3";"2";"2";"1";"[18,35]";"2"
"601";"2";"2";"2";"2";"2";"2";"3";"2";"3";"3";"1";"1";"3";"3";"3";"[18,35]";"1"
"602";"3";"3";"2";"4";"3";"2";"2";"4";"3";"2";"2";"2";"2";"2";"2";"(35,50]";"3"
"603";"3";"3";"3";"3";"3";"4";"2";"2";"4";"2";"1";"1";"2";"1";"1";"(35,50]";"2"
"605";"1";"1";"3";"2";"2";"2";"1";"1";"3";"2";"2";"2";"3";"3";"1";"(35,50]";"2"
"606";"2";"2";"2";"4";"2";"2";"2";"2";"3";"3";"3";"3";"3";"3";"3";"(50,65]";"3"
"609";"2";"2";"3";"1";"2";"1";"2";"2";"1";"2";"1";"2";"2";"1";"1";"[18,35]";"2"
"610";"2";"4";"2";"3";"2";"3";"3";"3";"4";"2";"2";"2";"2";"3";"2";"(35,50]";"3"
"611";"1";"1";"1";"2";"2";"2";"2";"2";"2";"2";"2";"2";"2";"1";"2";"(65,96]";"2"
"612";"3";"3";"2";"3";"2";"2";"3";"2";"4";"3";"3";"1";"1";"3";"1";"(35,50]";"3"
"613";"2";"2";"2";"3";"3";"2";"2";"2";"2";"1";"1";"1";"1";"2";"1";"(35,50]";"1"
"614";"2";"2";"2";"3";"2";"2";"3";"2";"3";"3";"1";"2";"2";"3";"3";"(50,65]";"2"
"615";"3";"4";"1";"3";"2";"2";"3";"1";"3";"3";"2";"2";"2";"2";"3";"(50,65]";"2"
"616";"2";"3";"2";"3";"3";"3";"2";"2";"3";"2";"3";"1";"3";"3";"1";"(50,65]";"3"
"617";"2";"2";"2";"3";"2";"2";"2";"2";"3";"3";"3";"3";"3";"3";"2";"(50,65]";"3"
"618";"2";"3";"3";"3";"1";"3";"3";"2";"2";"3";"2";"3";"2";"3";"2";"[18,35]";"2"
"620";"3";"3";"3";"2";"3";"2";"1";"1";"2";"3";"3";"3";"3";"3";"3";"[18,35]";"3"
"621";"2";"3";"2";"2";"2";"3";"2";"3";"3";"2";"3";"2";"2";"3";"3";"(50,65]";"3"
"622";"3";"3";"4";"3";"3";"3";"3";"4";"3";"2";"2";"3";"3";"3";"3";"(35,50]";"3"
"623";"1";"3";"2";"4";"3";"2";"3";"3";"3";"3";"3";"3";"2";"3";"3";"(50,65]";"3"
"624";"2";"1";"2";"2";"2";"2";"2";"1";"2";"1";"1";"1";"1";"2";"1";"(65,96]";"2"
"625";"1";"2";"4";"2";"3";"2";"2";"2";"2";"3";"2";"3";"3";"2";"2";"(35,50]";"3"
"627";"2";"2";"1";"4";"2";"2";"3";"2";"3";"3";"3";"1";"1";"3";"2";"(50,65]";"3"
"628";"2";"2";"2";"3";"2";"2";"2";"2";"3";"2";"1";"3";"2";"3";"2";"(35,50]";"3"
"629";"2";"3";"2";"4";"2";"3";"3";"2";"3";"3";"3";"3";"3";"3";"3";"(35,50]";"3"
"632";"2";"1";"3";"2";"1";"2";"2";"3";"3";"1";"3";"3";"3";"3";"1";"[18,35]";"3"
"633";"2";"3";"2";"3";"2";"3";"2";"2";"3";"3";"3";"3";"2";"3";"2";"(50,65]";"3"
"635";"3";"3";"3";"3";"3";"3";"2";"2";"3";"3";"3";"3";"3";"3";"3";"(50,65]";"2"
"636";"2";"1";"1";"1";"2";"1";"1";"2";"2";"1";"1";"2";"2";"2";"1";"(65,96]";"2"
"637";"2";"3";"3";"4";"3";"2";"2";"2";"3";"2";"3";"3";"2";"3";"2";"(35,50]";"3"
"640";"2";"3";"2";"4";"2";"3";"3";"3";"3";"3";"3";"3";"3";"3";"3";"(35,50]";"2"
"642";"1";"2";"3";"2";"2";"3";"2";"1";"1";"1";"1";"1";"1";"1";"1";"(50,65]";"3"
"643";"1";"2";"1";"2";"2";"2";"2";"2";"2";"1";"1";"1";"1";"2";"1";"(65,96]";"3"
"645";"3";"1";"2";"4";"3";"2";"2";"1";"2";"3";"3";"2";"1";"2";"2";"(65,96]";"2"
"646";"1";"1";"4";"3";"2";"3";"2";"2";"2";"3";"2";"3";"3";"2";"2";"(35,50]";"3"
"647";"3";"2";"3";"3";"3";"2";"2";"3";"3";"3";"3";"3";"3";"3";"1";"[18,35]";"3"
"649";"2";"2";"1";"4";"3";"1";"2";"2";"1";"2";"3";"3";"3";"3";"1";"(35,50]";"3"
"650";"4";"3";"3";"4";"3";"3";"3";"4";"4";"3";"3";"3";"3";"3";"3";"(35,50]";"3"
"651";"1";"2";"3";"4";"1";"1";"1";"1";"2";"1";"1";"2";"3";"1";"1";"(50,65]";"2"
"652";"2";"3";"3";"2";"1";"3";"3";"3";"3";"3";"2";"3";"1";"3";"2";"[18,35]";"3"
"653";"3";"3";"2";"4";"1";"2";"3";"3";"3";"3";"1";"3";"2";"2";"3";"(35,50]";"1"
"654";"2";"2";"1";"2";"2";"2";"3";"3";"2";"3";"1";"3";"1";"3";"2";"[18,35]";"1"
"655";"3";"2";"3";"2";"3";"4";"2";"2";"3";"2";"3";"2";"3";"3";"3";"(50,65]";"3"
"656";"3";"3";"2";"3";"1";"2";"3";"3";"1";"1";"1";"1";"1";"1";"1";"(35,50]";"3"
"658";"2";"2";"2";"2";"2";"2";"2";"2";"1";"2";"2";"1";"2";"1";"1";"[18,35]";"2"
"659";"1";"1";"4";"3";"2";"3";"2";"3";"3";"2";"2";"3";"2";"3";"2";"(35,50]";"3"
"660";"2";"2";"2";"3";"3";"2";"2";"3";"2";"2";"2";"2";"2";"1";"1";"(35,50]";"2"
"661";"3";"3";"2";"3";"2";"3";"2";"2";"3";"2";"2";"3";"1";"2";"2";"(50,65]";"3"
"662";"2";"1";"2";"2";"2";"3";"2";"2";"2";"3";"2";"2";"3";"3";"3";"(50,65]";"3"
"663";"4";"1";"4";"4";"4";"1";"1";"4";"1";"1";"2";"3";"2";"1";"2";"(50,65]";"3"
"664";"1";"1";"1";"1";"1";"1";"1";"1";"1";"1";"1";"1";"1";"1";"1";"(35,50]";"2"
"665";"3";"3";"4";"3";"3";"2";"3";"2";"3";"2";"2";"3";"3";"2";"2";"[18,35]";"3"
"668";"4";"2";"3";"3";"2";"2";"3";"2";"3";"2";"3";"3";"2";"3";"2";"(50,65]";"3"
"669";"2";"2";"3";"3";"3";"3";"2";"3";"3";"1";"1";"3";"3";"3";"3";"(65,96]";"3"
"670";"2";"3";"3";"3";"3";"3";"2";"3";"3";"3";"2";"3";"2";"2";"2";"[18,35]";"2"
"671";"3";"3";"3";"3";"2";"3";"2";"3";"3";"3";"3";"3";"2";"3";"3";"(50,65]";"3"
"672";"3";"3";"4";"3";"4";"3";"2";"2";"3";"3";"2";"3";"2";"3";"3";"(35,50]";"3"
"673";"2";"3";"3";"4";"3";"2";"3";"4";"3";"3";"3";"3";"3";"3";"2";"(35,50]";"3"
"674";"2";"3";"3";"2";"3";"2";"2";"3";"2";"3";"3";"3";"3";"3";"3";"(50,65]";"3"
"675";"2";"2";"1";"2";"1";"2";"1";"1";"2";"2";"1";"3";"2";"3";"1";"[18,35]";"3"
"676";"1";"1";"2";"3";"2";"2";"1";"2";"3";"2";"1";"1";"2";"3";"2";"(65,96]";"3"
"677";"2";"2";"2";"3";"2";"1";"2";"2";"4";"3";"3";"3";"3";"2";"2";"(50,65]";"3"
"678";"2";"2";"2";"3";"1";"2";"1";"1";"2";"2";"2";"2";"2";"2";"2";"(50,65]";"2"
"679";"1";"2";"3";"3";"1";"2";"3";"1";"2";"2";"1";"3";"2";"3";"2";"[18,35]";"2"
"680";"1";"2";"2";"1";"1";"2";"3";"2";"2";"2";"1";"3";"2";"3";"1";"(50,65]";"2"
"681";"2";"2";"3";"3";"2";"3";"2";"2";"3";"3";"3";"3";"3";"3";"3";"[18,35]";"3"
"682";"2";"3";"2";"2";"2";"3";"3";"2";"4";"3";"3";"3";"3";"3";"2";"(65,96]";"2"
"683";"1";"2";"3";"4";"3";"2";"3";"3";"3";"3";"3";"3";"1";"3";"3";"[18,35]";"3"
"684";"3";"3";"4";"4";"2";"3";"3";"3";"4";"3";"3";"3";"3";"3";"2";"(50,65]";"3"
"686";"3";"2";"3";"4";"2";"3";"3";"2";"4";"3";"2";"3";"3";"3";"3";"[18,35]";"1"
"687";"3";"2";"3";"3";"3";"3";"2";"3";"3";"3";"3";"3";"2";"3";"3";"(65,96]";"3"
"688";"3";"2";"2";"3";"3";"3";"3";"3";"2";"2";"1";"2";"3";"3";"1";"(35,50]";"2"
"689";"3";"3";"4";"3";"4";"3";"3";"4";"3";"2";"3";"3";"2";"2";"2";"(35,50]";"3"
"691";"3";"3";"3";"3";"3";"3";"2";"3";"1";"1";"1";"3";"1";"2";"1";"(50,65]";"3"
"692";"1";"1";"3";"3";"3";"3";"3";"3";"3";"2";"3";"3";"3";"3";"2";"(50,65]";"3"
"693";"2";"2";"3";"2";"3";"2";"2";"2";"3";"2";"3";"3";"3";"3";"3";"(35,50]";"3"
"694";"2";"2";"1";"2";"2";"2";"2";"2";"2";"3";"3";"3";"2";"3";"3";"(50,65]";"3"
"695";"2";"2";"1";"2";"2";"2";"2";"3";"3";"2";"1";"1";"1";"2";"1";"(65,96]";"2"
"696";"2";"3";"3";"4";"3";"3";"3";"3";"3";"1";"1";"3";"3";"3";"2";"(35,50]";"1"
"697";"2";"3";"2";"2";"2";"3";"2";"3";"3";"3";"1";"1";"1";"1";"2";"(35,50]";"2"
"698";"2";"2";"2";"3";"3";"2";"3";"2";"2";"3";"3";"3";"3";"3";"1";"(35,50]";"3"
"699";"2";"3";"4";"3";"3";"3";"2";"3";"3";"2";"3";"3";"3";"3";"3";"[18,35]";"3"
"700";"2";"3";"2";"3";"2";"3";"2";"2";"4";"3";"2";"3";"2";"2";"3";"(35,50]";"2"
"701";"2";"3";"2";"4";"2";"3";"2";"2";"3";"2";"2";"3";"3";"2";"2";"(35,50]";"3"
"702";"1";"2";"1";"4";"3";"1";"1";"2";"3";"3";"3";"2";"1";"2";"1";"(35,50]";"1"
"704";"3";"3";"3";"4";"2";"3";"2";"3";"4";"3";"3";"3";"3";"3";"3";"[18,35]";"3"
"705";"4";"2";"3";"4";"2";"2";"3";"4";"3";"3";"3";"2";"3";"3";"3";"(35,50]";"3"
"706";"1";"1";"1";"3";"1";"1";"1";"1";"1";"1";"1";"2";"1";"3";"1";"(35,50]";"3"
"707";"3";"3";"2";"3";"4";"2";"2";"4";"3";"3";"2";"3";"2";"2";"3";"(50,65]";"3"
"708";"3";"2";"3";"3";"3";"3";"3";"3";"3";"2";"1";"3";"3";"1";"2";"[18,35]";"2"
"709";"2";"3";"2";"3";"2";"3";"2";"3";"3";"2";"1";"2";"1";"2";"2";"[18,35]";"3"
"710";"2";"3";"2";"3";"2";"2";"2";"2";"2";"1";"1";"2";"2";"1";"2";"(35,50]";"1"
"711";"3";"3";"3";"3";"3";"3";"3";"3";"3";"3";"3";"3";"2";"2";"3";"(50,65]";"3"
"713";"2";"2";"2";"3";"2";"2";"2";"2";"3";"2";"2";"3";"1";"2";"2";"(50,65]";"2"
"714";"2";"3";"4";"3";"2";"3";"2";"2";"4";"3";"3";"3";"2";"3";"2";"(50,65]";"3"
"715";"2";"3";"2";"3";"2";"2";"3";"1";"3";"3";"3";"3";"3";"3";"2";"(35,50]";"3"
"716";"3";"1";"3";"4";"3";"1";"3";"4";"3";"1";"2";"3";"3";"3";"1";"(50,65]";"3"
"717";"2";"2";"3";"3";"2";"2";"2";"3";"2";"2";"2";"3";"2";"2";"2";"(35,50]";"1"
"718";"3";"2";"3";"3";"2";"2";"3";"1";"3";"2";"3";"3";"2";"3";"2";"(35,50]";"3"
"719";"2";"2";"2";"2";"2";"2";"3";"3";"2";"1";"3";"3";"2";"2";"1";"(50,65]";"2"
"720";"4";"2";"2";"3";"3";"3";"2";"2";"3";"3";"3";"3";"1";"3";"2";"[18,35]";"3"
"721";"3";"3";"3";"4";"2";"3";"3";"3";"1";"3";"1";"3";"3";"3";"2";"(35,50]";"3"
"722";"2";"2";"1";"3";"2";"2";"2";"3";"3";"3";"2";"3";"3";"3";"2";"[18,35]";"3"
"723";"4";"2";"4";"4";"2";"4";"2";"2";"4";"3";"3";"3";"3";"3";"3";"(50,65]";"3"
"724";"4";"4";"4";"3";"2";"3";"3";"2";"3";"3";"3";"3";"2";"1";"3";"(35,50]";"3"
"725";"3";"4";"4";"3";"2";"3";"4";"3";"4";"3";"3";"3";"3";"3";"3";"(35,50]";"1"
"726";"2";"4";"2";"4";"2";"3";"3";"3";"3";"2";"2";"3";"2";"1";"2";"(50,65]";"1"
"728";"2";"1";"1";"3";"2";"2";"1";"2";"3";"2";"2";"3";"2";"3";"2";"(65,96]";"1"
"729";"2";"2";"2";"3";"2";"3";"2";"2";"3";"3";"1";"3";"3";"3";"1";"(50,65]";"3"
"730";"2";"2";"2";"2";"2";"2";"2";"2";"2";"2";"2";"3";"3";"3";"2";"(35,50]";"3"
"731";"3";"3";"3";"4";"3";"3";"3";"3";"3";"3";"2";"3";"3";"3";"3";"(35,50]";"3"
"732";"2";"2";"1";"3";"2";"2";"2";"2";"2";"3";"3";"3";"3";"3";"3";"(35,50]";"1"
"733";"2";"1";"3";"2";"3";"2";"2";"2";"4";"1";"3";"2";"2";"3";"3";"(35,50]";"3"
"734";"3";"2";"2";"3";"3";"2";"2";"2";"3";"3";"3";"3";"3";"3";"3";"(50,65]";"3"
"735";"3";"3";"4";"3";"4";"4";"3";"3";"3";"3";"3";"3";"3";"3";"3";"(35,50]";"3"
"737";"1";"1";"3";"2";"2";"2";"1";"2";"3";"1";"1";"1";"2";"1";"1";"(35,50]";"2"
"739";"3";"4";"4";"4";"1";"4";"3";"4";"3";"3";"3";"3";"3";"3";"3";"(35,50]";"3"
"741";"2";"2";"2";"3";"2";"2";"2";"2";"3";"2";"2";"2";"2";"2";"2";"(65,96]";"3"
"743";"1";"2";"2";"2";"3";"2";"3";"1";"2";"1";"1";"3";"1";"1";"2";"(35,50]";"3"
"744";"3";"3";"4";"3";"3";"3";"2";"4";"4";"1";"3";"3";"3";"3";"3";"(50,65]";"3"
"745";"3";"3";"3";"3";"3";"3";"2";"2";"3";"3";"3";"3";"3";"3";"3";"(50,65]";"3"
"747";"3";"3";"3";"3";"3";"4";"3";"3";"4";"3";"1";"3";"3";"3";"3";"(35,50]";"3"
"748";"3";"3";"3";"3";"2";"3";"4";"3";"3";"2";"1";"3";"2";"3";"3";"(50,65]";"3"
"749";"2";"2";"2";"2";"3";"3";"3";"3";"3";"3";"3";"2";"3";"3";"3";"[18,35]";"2"
"750";"3";"3";"3";"3";"3";"3";"2";"3";"3";"2";"3";"3";"2";"3";"2";"(50,65]";"3"
"751";"2";"2";"2";"3";"2";"2";"2";"3";"3";"1";"1";"2";"2";"2";"1";"(50,65]";"3"
"752";"3";"2";"3";"4";"4";"3";"2";"2";"3";"1";"2";"3";"2";"2";"2";"(50,65]";"3"
"753";"2";"4";"2";"3";"2";"3";"3";"2";"3";"3";"3";"2";"2";"3";"2";"(65,96]";"2"
"754";"4";"4";"3";"3";"3";"3";"2";"3";"3";"2";"2";"2";"3";"2";"2";"(50,65]";"3"
"755";"3";"4";"2";"4";"3";"3";"2";"3";"3";"3";"3";"2";"3";"2";"2";"(65,96]";"3"
"756";"2";"2";"2";"2";"2";"2";"3";"2";"3";"2";"2";"2";"2";"3";"2";"(65,96]";"3"
"757";"1";"1";"1";"2";"2";"2";"2";"1";"2";"3";"1";"2";"2";"2";"2";"(35,50]";"1"
"758";"3";"3";"3";"3";"2";"2";"2";"3";"3";"2";"2";"3";"2";"2";"2";"(50,65]";"3"
"760";"2";"2";"3";"2";"2";"2";"1";"2";"2";"1";"1";"1";"2";"1";"1";"[18,35]";"3"
"761";"2";"2";"2";"3";"2";"2";"3";"3";"2";"2";"2";"3";"2";"3";"2";"[18,35]";"2"
"762";"3";"3";"4";"3";"3";"3";"3";"4";"4";"3";"3";"3";"3";"2";"2";"(35,50]";"3"
"763";"1";"2";"2";"2";"1";"3";"3";"2";"2";"3";"1";"1";"3";"3";"3";"[18,35]";"3"
"764";"3";"3";"2";"4";"3";"3";"2";"2";"4";"3";"3";"3";"3";"3";"3";"(50,65]";"3"
"765";"3";"3";"2";"4";"2";"3";"3";"3";"3";"3";"3";"3";"3";"3";"3";"(35,50]";"2"
"766";"3";"3";"3";"3";"4";"3";"2";"3";"3";"3";"3";"3";"3";"3";"3";"(65,96]";"3"
"767";"3";"3";"2";"4";"2";"3";"2";"3";"3";"3";"2";"3";"3";"3";"2";"(50,65]";"1"
"768";"2";"2";"2";"3";"3";"2";"3";"3";"3";"2";"1";"2";"2";"2";"2";"(65,96]";"3"
"769";"3";"2";"2";"3";"3";"3";"2";"2";"3";"3";"3";"3";"3";"3";"3";"(35,50]";"3"
"771";"2";"2";"2";"3";"1";"1";"3";"1";"1";"3";"3";"3";"3";"2";"2";"(50,65]";"3"
"772";"3";"3";"3";"3";"3";"3";"2";"2";"3";"3";"2";"3";"3";"3";"3";"(50,65]";"3"
"773";"3";"2";"3";"4";"3";"3";"3";"3";"3";"3";"3";"3";"3";"3";"3";"[18,35]";"3"
"775";"2";"3";"2";"3";"2";"3";"3";"2";"4";"3";"3";"2";"2";"2";"2";"(50,65]";"3"
"777";"3";"4";"2";"3";"2";"2";"2";"3";"2";"3";"2";"2";"3";"3";"2";"(35,50]";"3"
"778";"3";"3";"4";"3";"3";"3";"3";"3";"3";"3";"3";"3";"3";"3";"3";"(35,50]";"3"
"779";"2";"2";"4";"1";"1";"3";"1";"1";"3";"2";"3";"3";"2";"3";"2";"[18,35]";"3"
"780";"1";"1";"1";"1";"1";"1";"1";"1";"1";"1";"1";"1";"1";"1";"1";"(35,50]";"2"
"781";"2";"2";"2";"4";"3";"3";"3";"3";"4";"2";"2";"2";"3";"2";"2";"(50,65]";"2"
"782";"3";"2";"2";"3";"3";"3";"3";"2";"3";"2";"1";"3";"2";"3";"3";"(35,50]";"3"
"784";"3";"3";"3";"3";"2";"3";"3";"2";"3";"2";"2";"3";"1";"2";"1";"(50,65]";"3"
"785";"1";"1";"1";"3";"1";"3";"1";"1";"3";"1";"1";"2";"1";"1";"1";"(35,50]";"3"
"786";"2";"2";"2";"2";"2";"2";"2";"2";"3";"2";"3";"3";"3";"1";"2";"(35,50]";"2"
"787";"3";"3";"3";"3";"1";"3";"3";"3";"1";"3";"1";"1";"2";"2";"2";"(50,65]";"3"
"788";"4";"3";"3";"3";"4";"4";"4";"4";"4";"3";"3";"3";"3";"3";"3";"(50,65]";"3"
"789";"2";"2";"1";"2";"2";"2";"2";"3";"2";"3";"3";"2";"2";"3";"2";"(65,96]";"2"
"790";"2";"2";"2";"3";"2";"2";"2";"2";"3";"2";"1";"2";"2";"1";"2";"(65,96]";"3"
"791";"3";"4";"3";"3";"2";"4";"3";"2";"3";"3";"3";"3";"3";"3";"3";"[18,35]";"2"
"792";"3";"2";"3";"4";"3";"2";"1";"2";"3";"2";"3";"3";"2";"3";"3";"[18,35]";"2"
"793";"3";"2";"2";"3";"2";"3";"3";"2";"3";"2";"3";"3";"3";"2";"2";"(50,65]";"3"
"794";"2";"2";"2";"2";"1";"2";"2";"2";"2";"2";"1";"2";"2";"3";"2";"(50,65]";"3"
"795";"2";"3";"3";"3";"2";"2";"2";"3";"3";"2";"3";"1";"3";"3";"2";"(50,65]";"3"
"796";"2";"2";"3";"2";"2";"4";"2";"4";"3";"1";"3";"3";"2";"3";"2";"[18,35]";"1"
"798";"2";"2";"3";"2";"2";"3";"2";"2";"2";"3";"3";"3";"3";"3";"2";"[18,35]";"3"
"799";"2";"2";"3";"4";"3";"4";"3";"2";"4";"3";"3";"3";"3";"3";"2";"(50,65]";"3"
"800";"3";"2";"4";"3";"2";"3";"2";"3";"3";"1";"1";"3";"3";"2";"2";"[18,35]";"3"
"801";"2";"2";"1";"3";"2";"2";"3";"3";"3";"3";"3";"3";"3";"1";"2";"[18,35]";"3"
"802";"1";"3";"3";"2";"2";"3";"3";"3";"3";"2";"3";"3";"3";"2";"3";"[18,35]";"3"
"804";"2";"3";"2";"3";"1";"3";"1";"2";"3";"1";"1";"3";"2";"3";"2";"(35,50]";"3"
"805";"3";"2";"4";"3";"4";"2";"2";"2";"3";"3";"2";"3";"3";"3";"3";"(65,96]";"3"
"806";"2";"3";"2";"3";"2";"2";"2";"2";"3";"1";"1";"1";"1";"1";"1";"(65,96]";"2"
"807";"2";"3";"2";"3";"3";"3";"2";"3";"2";"1";"2";"2";"1";"1";"1";"(50,65]";"2"
"808";"3";"2";"3";"3";"2";"3";"2";"3";"3";"2";"2";"3";"2";"3";"2";"(35,50]";"1"
"809";"4";"3";"2";"4";"3";"3";"3";"3";"3";"3";"3";"3";"3";"3";"3";"[18,35]";"3"
"810";"2";"2";"2";"2";"2";"2";"2";"2";"3";"1";"1";"1";"1";"1";"1";"(35,50]";"1"
"811";"2";"2";"1";"3";"3";"2";"2";"3";"2";"2";"1";"3";"1";"3";"3";"(35,50]";"3"
"812";"1";"1";"1";"1";"1";"1";"1";"1";"1";"1";"1";"1";"2";"1";"1";"(50,65]";"2"
"814";"2";"2";"3";"3";"3";"3";"3";"2";"3";"3";"3";"3";"3";"3";"3";"[18,35]";"3"
"815";"2";"4";"3";"4";"3";"2";"4";"3";"3";"3";"3";"3";"2";"3";"3";"(35,50]";"3"
"816";"2";"3";"1";"3";"2";"2";"2";"2";"2";"2";"1";"3";"2";"2";"2";"(35,50]";"1"
"817";"1";"2";"2";"2";"2";"3";"2";"3";"4";"2";"3";"3";"3";"3";"2";"(35,50]";"3"
"818";"3";"2";"2";"4";"1";"3";"1";"3";"3";"3";"3";"3";"3";"3";"1";"[18,35]";"3"
"819";"3";"3";"3";"3";"3";"3";"1";"1";"1";"3";"2";"3";"3";"3";"3";"(35,50]";"3"
"821";"2";"4";"3";"3";"3";"3";"3";"2";"4";"3";"3";"3";"3";"3";"2";"(35,50]";"3"
"822";"2";"3";"3";"3";"2";"3";"2";"2";"3";"3";"3";"2";"2";"3";"3";"(35,50]";"2"
"823";"1";"2";"1";"1";"1";"1";"1";"1";"1";"2";"3";"2";"3";"3";"2";"(65,96]";"2"
"824";"2";"4";"1";"4";"3";"3";"4";"1";"4";"3";"3";"2";"2";"3";"3";"(65,96]";"2"
"825";"2";"3";"2";"3";"3";"2";"2";"2";"3";"3";"2";"2";"3";"3";"2";"(65,96]";"2"
"826";"3";"2";"4";"3";"2";"3";"3";"3";"3";"1";"1";"3";"3";"3";"3";"(50,65]";"3"
"827";"3";"3";"2";"3";"2";"2";"3";"2";"3";"3";"3";"3";"3";"3";"3";"(35,50]";"2"
"829";"2";"2";"2";"3";"2";"2";"2";"2";"3";"3";"2";"3";"3";"3";"3";"(65,96]";"2"
"830";"1";"2";"2";"2";"2";"1";"1";"3";"2";"2";"2";"2";"2";"2";"2";"(50,65]";"3"
"831";"2";"2";"1";"2";"2";"2";"2";"3";"2";"2";"3";"2";"3";"2";"2";"(35,50]";"2"
"832";"3";"3";"3";"3";"2";"3";"2";"3";"3";"2";"3";"3";"3";"3";"2";"[18,35]";"3"
"833";"3";"2";"2";"3";"2";"3";"1";"3";"3";"1";"1";"1";"3";"3";"3";"(35,50]";"3"
"834";"2";"2";"4";"4";"2";"3";"3";"4";"4";"3";"3";"3";"3";"3";"3";"(50,65]";"3"
"835";"3";"2";"3";"3";"2";"2";"3";"2";"2";"2";"3";"3";"3";"3";"2";"[18,35]";"2"
"836";"3";"3";"2";"4";"2";"3";"3";"2";"3";"3";"3";"3";"3";"3";"3";"(50,65]";"3"
"837";"2";"1";"1";"3";"2";"1";"1";"2";"1";"1";"1";"2";"2";"3";"2";"(50,65]";"3"
"838";"1";"2";"3";"3";"1";"3";"3";"2";"3";"3";"2";"3";"1";"2";"2";"(35,50]";"3"
"839";"3";"2";"4";"3";"1";"2";"2";"2";"3";"2";"3";"3";"2";"3";"2";"[18,35]";"3"
"840";"2";"2";"2";"3";"3";"2";"2";"3";"2";"3";"3";"3";"2";"3";"2";"(50,65]";"3"
"841";"3";"2";"1";"3";"2";"3";"3";"2";"4";"3";"1";"1";"2";"3";"3";"[18,35]";"1"
"842";"2";"2";"3";"3";"3";"3";"2";"2";"3";"3";"3";"3";"3";"3";"2";"[18,35]";"3"
"843";"3";"3";"2";"3";"3";"3";"2";"3";"3";"3";"3";"3";"3";"3";"1";"(50,65]";"3"
"844";"1";"1";"2";"2";"2";"1";"1";"2";"3";"3";"3";"3";"1";"3";"2";"(50,65]";"3"
"845";"1";"1";"1";"3";"1";"2";"2";"1";"2";"2";"1";"2";"2";"2";"2";"(50,65]";"2"
"846";"3";"1";"2";"1";"4";"2";"2";"4";"2";"2";"1";"3";"2";"2";"3";"(50,65]";"3"
"847";"2";"2";"2";"3";"2";"3";"3";"2";"3";"3";"1";"3";"2";"3";"3";"(50,65]";"2"
"848";"2";"2";"2";"2";"3";"2";"2";"3";"2";"1";"1";"1";"2";"1";"1";"(50,65]";"1"
"849";"2";"2";"3";"3";"3";"2";"4";"3";"3";"2";"2";"3";"2";"3";"3";"(35,50]";"3"
"850";"1";"2";"1";"2";"2";"2";"2";"2";"2";"3";"2";"3";"2";"3";"2";"(35,50]";"1"
"851";"2";"2";"2";"2";"2";"2";"2";"3";"2";"2";"2";"2";"2";"3";"2";"(50,65]";"3"
"852";"2";"1";"2";"3";"3";"2";"2";"2";"2";"3";"3";"3";"3";"3";"3";"(50,65]";"3"
"855";"2";"2";"3";"3";"2";"3";"3";"3";"3";"2";"2";"3";"2";"3";"2";"[18,35]";"3"
"856";"1";"2";"2";"3";"3";"2";"3";"2";"2";"2";"2";"3";"2";"3";"3";"[18,35]";"3"
"858";"1";"1";"2";"2";"2";"2";"1";"3";"2";"3";"1";"3";"1";"3";"3";"[18,35]";"2"
"859";"3";"3";"3";"3";"3";"2";"2";"2";"2";"2";"2";"1";"2";"2";"2";"(65,96]";"2"
"861";"4";"4";"4";"4";"4";"4";"4";"4";"3";"3";"3";"3";"3";"3";"3";"(65,96]";"3"
"862";"3";"3";"2";"3";"2";"3";"2";"2";"3";"3";"3";"3";"3";"3";"3";"(50,65]";"2"
"863";"3";"3";"4";"3";"4";"4";"4";"3";"4";"3";"3";"3";"2";"3";"3";"(35,50]";"3"
"864";"2";"2";"2";"3";"2";"2";"2";"3";"3";"2";"3";"3";"2";"2";"2";"(65,96]";"3"
"865";"3";"3";"3";"3";"1";"3";"1";"1";"3";"3";"1";"3";"2";"3";"1";"(35,50]";"3"
"866";"1";"1";"3";"2";"2";"1";"2";"3";"3";"3";"1";"3";"2";"3";"3";"[18,35]";"3"
"867";"1";"2";"3";"2";"1";"2";"1";"2";"2";"2";"2";"2";"2";"2";"1";"[18,35]";"3"
"868";"2";"2";"2";"2";"2";"2";"3";"2";"2";"2";"2";"2";"2";"2";"2";"(50,65]";"2"
"870";"1";"1";"2";"2";"2";"2";"1";"2";"2";"1";"3";"2";"2";"2";"2";"(65,96]";"3"
"871";"3";"1";"2";"3";"2";"2";"2";"2";"3";"3";"2";"3";"2";"3";"3";"(50,65]";"3"
"872";"2";"2";"2";"4";"3";"3";"3";"2";"2";"2";"2";"1";"2";"3";"3";"(50,65]";"3"
"873";"3";"3";"4";"4";"3";"4";"3";"3";"4";"3";"3";"2";"3";"3";"2";"(50,65]";"3"
"874";"3";"3";"3";"3";"3";"3";"3";"3";"4";"3";"2";"2";"3";"3";"3";"(35,50]";"3"
"875";"4";"1";"2";"3";"3";"2";"1";"2";"2";"2";"2";"3";"3";"3";"2";"(50,65]";"3"
"876";"2";"2";"2";"3";"2";"3";"2";"2";"3";"3";"3";"3";"3";"3";"3";"(50,65]";"2"
"877";"2";"2";"2";"2";"2";"3";"1";"2";"3";"2";"2";"2";"1";"2";"3";"(50,65]";"3"
"878";"1";"1";"2";"2";"2";"3";"1";"2";"3";"3";"3";"3";"3";"3";"3";"(35,50]";"2"
"879";"3";"3";"3";"3";"1";"3";"2";"3";"4";"3";"3";"3";"3";"3";"2";"(50,65]";"3"
"880";"2";"1";"2";"2";"2";"2";"1";"2";"2";"2";"3";"3";"2";"3";"1";"(35,50]";"3"
"881";"2";"1";"1";"3";"2";"2";"2";"2";"3";"2";"1";"3";"2";"3";"2";"(50,65]";"3"
"884";"2";"2";"2";"3";"3";"2";"2";"3";"3";"2";"2";"3";"2";"2";"2";"(50,65]";"3"
"885";"2";"2";"3";"3";"3";"2";"2";"3";"3";"1";"2";"2";"2";"3";"2";"(50,65]";"3"
"886";"2";"2";"2";"2";"2";"3";"2";"2";"3";"3";"1";"3";"3";"1";"2";"(50,65]";"3"
"887";"2";"3";"2";"3";"2";"2";"2";"2";"3";"2";"2";"3";"2";"3";"2";"[18,35]";"2"
"888";"2";"2";"2";"3";"2";"3";"2";"3";"3";"2";"2";"2";"2";"2";"2";"(50,65]";"2"
"889";"2";"2";"2";"3";"4";"2";"2";"2";"3";"2";"2";"2";"3";"2";"2";"(35,50]";"3"
"891";"3";"3";"4";"3";"2";"3";"1";"1";"3";"3";"3";"3";"3";"3";"3";"(35,50]";"3"
"892";"3";"2";"3";"4";"4";"3";"3";"2";"4";"3";"3";"3";"3";"3";"3";"(50,65]";"3"
"893";"2";"2";"3";"3";"2";"3";"2";"3";"3";"3";"1";"3";"1";"3";"1";"(50,65]";"3"
"894";"2";"2";"2";"3";"2";"2";"2";"3";"3";"2";"1";"2";"2";"1";"2";"(35,50]";"2"
"895";"3";"2";"2";"3";"2";"2";"2";"2";"3";"3";"3";"3";"3";"3";"3";"(35,50]";"3"
"896";"2";"2";"3";"3";"3";"3";"3";"3";"3";"2";"2";"2";"2";"2";"2";"(50,65]";"3"
"897";"3";"3";"2";"3";"1";"3";"3";"3";"2";"3";"3";"2";"3";"2";"3";"(50,65]";"1"
"899";"2";"1";"2";"3";"2";"2";"2";"3";"3";"3";"2";"3";"3";"3";"3";"(50,65]";"3"
"900";"2";"3";"2";"3";"2";"3";"2";"2";"4";"2";"3";"3";"2";"3";"1";"(65,96]";"3"
"901";"2";"1";"2";"2";"1";"2";"1";"1";"2";"2";"1";"1";"1";"3";"1";"(50,65]";"3"
"902";"2";"2";"2";"3";"2";"3";"1";"2";"3";"2";"2";"3";"2";"3";"1";"(35,50]";"1"
"903";"2";"1";"1";"4";"2";"2";"2";"2";"3";"1";"2";"1";"1";"2";"1";"(65,96]";"1"
"905";"3";"1";"2";"3";"2";"2";"1";"2";"1";"1";"1";"3";"1";"1";"2";"(50,65]";"3"
"906";"3";"4";"3";"3";"2";"3";"2";"3";"3";"3";"3";"3";"3";"3";"3";"(35,50]";"3"
"907";"2";"2";"1";"2";"2";"2";"3";"2";"1";"2";"1";"1";"2";"1";"1";"(50,65]";"2"
"909";"1";"1";"1";"3";"2";"2";"2";"2";"1";"2";"2";"3";"3";"1";"2";"(65,96]";"1"
"910";"2";"3";"3";"2";"1";"2";"3";"3";"2";"1";"1";"1";"1";"1";"1";"(50,65]";"2"
"912";"2";"2";"2";"3";"2";"2";"2";"3";"3";"1";"2";"2";"1";"3";"2";"(50,65]";"1"
"913";"2";"2";"2";"4";"2";"2";"2";"2";"3";"2";"3";"3";"3";"3";"3";"(35,50]";"2"
"914";"2";"2";"2";"2";"2";"3";"2";"2";"2";"2";"2";"2";"1";"1";"2";"(65,96]";"2"
"915";"3";"3";"3";"3";"3";"3";"3";"3";"3";"2";"3";"3";"3";"3";"2";"(65,96]";"3"
"916";"2";"2";"2";"2";"1";"2";"2";"2";"3";"3";"2";"3";"2";"3";"2";"(50,65]";"2"
"917";"2";"2";"1";"2";"2";"3";"2";"3";"3";"2";"2";"3";"3";"3";"3";"(35,50]";"3"
"919";"2";"2";"2";"2";"2";"2";"2";"3";"3";"3";"2";"3";"2";"3";"3";"[18,35]";"3"
"920";"2";"2";"2";"3";"1";"2";"3";"2";"3";"2";"2";"2";"2";"2";"2";"(50,65]";"3"
"921";"3";"3";"2";"3";"2";"3";"3";"2";"3";"3";"3";"3";"3";"3";"3";"(35,50]";"2"
"922";"3";"3";"4";"4";"4";"3";"2";"3";"3";"3";"3";"3";"3";"3";"3";"(35,50]";"3"
"924";"2";"2";"3";"3";"2";"2";"2";"3";"2";"3";"3";"3";"2";"3";"2";"(35,50]";"3"
"925";"2";"2";"2";"4";"3";"3";"2";"2";"3";"2";"1";"3";"2";"2";"3";"(50,65]";"2"
"926";"1";"1";"1";"3";"3";"3";"2";"2";"3";"3";"3";"2";"3";"1";"3";"(35,50]";"3"
"928";"2";"4";"2";"4";"4";"3";"2";"2";"3";"3";"3";"3";"2";"2";"2";"(50,65]";"3"
"929";"4";"3";"3";"4";"4";"4";"3";"4";"4";"3";"3";"3";"3";"3";"3";"(35,50]";"3"
"930";"2";"2";"2";"3";"2";"2";"2";"2";"3";"2";"3";"3";"2";"2";"1";"(65,96]";"2"
"931";"2";"2";"2";"2";"2";"3";"2";"2";"3";"2";"2";"2";"2";"3";"1";"(65,96]";"2"
"932";"3";"3";"2";"2";"2";"2";"3";"2";"2";"3";"3";"3";"3";"3";"3";"[18,35]";"3"
"933";"1";"1";"1";"2";"2";"1";"1";"1";"1";"1";"1";"1";"1";"1";"1";"(65,96]";"1"
"934";"1";"1";"3";"3";"1";"1";"1";"3";"1";"3";"3";"3";"1";"3";"3";"[18,35]";"3"
"935";"3";"3";"2";"3";"3";"3";"3";"2";"3";"3";"3";"3";"2";"3";"3";"[18,35]";"2"
"936";"3";"2";"3";"3";"2";"3";"2";"2";"3";"3";"2";"3";"2";"3";"3";"[18,35]";"1"
"937";"2";"3";"3";"3";"2";"2";"1";"2";"3";"1";"1";"3";"1";"3";"1";"[18,35]";"2"
"938";"3";"3";"3";"3";"3";"3";"2";"3";"3";"2";"2";"1";"1";"2";"1";"(50,65]";"2"
"939";"3";"2";"2";"3";"3";"3";"2";"3";"4";"3";"3";"1";"1";"3";"2";"(50,65]";"3"
"940";"3";"3";"4";"3";"2";"4";"2";"2";"3";"1";"3";"3";"3";"3";"1";"(35,50]";"3"
"941";"2";"2";"3";"3";"2";"2";"2";"2";"2";"1";"1";"3";"1";"2";"1";"[18,35]";"3"
"942";"3";"3";"3";"3";"3";"3";"3";"3";"3";"3";"3";"3";"1";"3";"3";"[18,35]";"3"
"943";"3";"1";"2";"2";"2";"3";"1";"2";"3";"3";"1";"3";"3";"1";"3";"(50,65]";"3"
"944";"4";"4";"4";"4";"4";"4";"4";"4";"4";"3";"2";"3";"3";"3";"3";"[18,35]";"3"
"945";"1";"3";"3";"2";"2";"3";"3";"3";"3";"3";"3";"3";"3";"3";"3";"[18,35]";"3"
"946";"2";"2";"1";"2";"1";"2";"4";"3";"3";"1";"2";"3";"3";"3";"3";"(50,65]";"2"
"947";"1";"1";"2";"2";"1";"2";"2";"2";"2";"2";"1";"3";"1";"1";"2";"[18,35]";"1"
"948";"2";"2";"3";"2";"3";"2";"2";"2";"3";"3";"3";"3";"3";"3";"3";"(35,50]";"3"
"949";"2";"3";"2";"3";"2";"2";"3";"3";"3";"3";"3";"3";"3";"3";"3";"(50,65]";"3"
"950";"2";"3";"3";"3";"2";"2";"3";"2";"3";"3";"2";"3";"3";"2";"2";"(35,50]";"3"
"951";"3";"3";"2";"3";"3";"3";"2";"2";"3";"1";"3";"3";"1";"1";"3";"(65,96]";"3"
"952";"4";"3";"2";"4";"3";"4";"4";"4";"3";"1";"2";"3";"3";"3";"3";"[18,35]";"3"
"953";"2";"2";"2";"2";"2";"3";"3";"2";"3";"3";"2";"2";"2";"3";"3";"(35,50]";"1"
"954";"3";"2";"2";"4";"2";"2";"2";"4";"2";"2";"2";"3";"2";"2";"2";"(65,96]";"3"
"955";"2";"2";"2";"1";"2";"2";"2";"2";"2";"2";"2";"2";"2";"2";"2";"(35,50]";"3"
"956";"2";"2";"2";"2";"2";"2";"2";"2";"2";"1";"1";"1";"1";"3";"1";"(65,96]";"3"
"957";"3";"3";"4";"4";"3";"3";"3";"4";"4";"3";"3";"3";"3";"3";"3";"(50,65]";"3"
"959";"2";"2";"2";"4";"2";"3";"2";"2";"2";"3";"2";"3";"2";"3";"2";"(65,96]";"2"
"960";"2";"2";"2";"3";"2";"2";"2";"3";"2";"3";"2";"3";"3";"3";"3";"(50,65]";"3"
"961";"3";"3";"2";"2";"1";"3";"3";"3";"4";"3";"1";"3";"3";"3";"3";"[18,35]";"3"
"962";"2";"2";"1";"2";"1";"2";"3";"3";"3";"2";"2";"3";"2";"3";"2";"[18,35]";"1"
"964";"2";"3";"3";"3";"4";"2";"3";"4";"2";"3";"1";"2";"2";"3";"3";"[18,35]";"3"
"965";"2";"2";"3";"3";"3";"3";"3";"3";"4";"3";"1";"3";"3";"3";"2";"(50,65]";"3"
"967";"2";"2";"2";"2";"1";"3";"3";"2";"2";"2";"2";"2";"2";"3";"1";"[18,35]";"3"
"968";"3";"3";"4";"3";"2";"4";"2";"3";"3";"2";"3";"3";"2";"2";"3";"(65,96]";"3"
"969";"3";"2";"3";"3";"3";"3";"3";"3";"3";"2";"2";"3";"2";"2";"2";"(50,65]";"3"
"971";"2";"3";"3";"3";"3";"2";"2";"2";"2";"1";"1";"3";"2";"2";"2";"[18,35]";"3"
"972";"3";"3";"4";"4";"3";"3";"3";"4";"4";"2";"2";"2";"1";"3";"2";"(50,65]";"3"
"973";"3";"3";"2";"3";"3";"2";"2";"3";"4";"1";"1";"2";"1";"2";"2";"(65,96]";"3"
"974";"2";"2";"4";"4";"2";"2";"1";"4";"3";"3";"2";"3";"3";"1";"1";"(50,65]";"3"
"977";"1";"1";"2";"3";"1";"2";"2";"2";"3";"1";"1";"1";"1";"1";"1";"(65,96]";"1"
"978";"2";"3";"3";"3";"3";"2";"3";"3";"3";"1";"1";"1";"1";"1";"1";"(50,65]";"2"
"980";"3";"2";"2";"4";"3";"3";"4";"4";"4";"2";"1";"3";"2";"3";"2";"(35,50]";"2"
"981";"2";"2";"3";"4";"2";"3";"2";"2";"4";"1";"3";"3";"2";"3";"1";"(65,96]";"3"
"983";"2";"2";"2";"4";"4";"3";"3";"4";"4";"2";"2";"2";"2";"2";"3";"(65,96]";"3"
"984";"1";"2";"1";"1";"1";"1";"3";"3";"1";"1";"1";"1";"1";"3";"1";"(65,96]";"3"
"986";"1";"1";"2";"2";"2";"1";"2";"2";"2";"2";"1";"3";"3";"3";"1";"(35,50]";"1"
"987";"3";"3";"3";"4";"3";"2";"3";"3";"2";"3";"2";"3";"3";"2";"3";"[18,35]";"3"
"988";"2";"3";"2";"3";"2";"3";"3";"3";"3";"3";"3";"3";"2";"3";"2";"(50,65]";"3"
"989";"2";"2";"2";"3";"3";"2";"1";"3";"1";"2";"3";"2";"3";"3";"1";"(65,96]";"3"
"990";"2";"2";"1";"2";"1";"1";"1";"1";"1";"2";"2";"3";"2";"2";"3";"(35,50]";"3"
"991";"1";"2";"3";"3";"2";"2";"2";"2";"2";"2";"3";"3";"1";"3";"2";"(35,50]";"3"
"992";"3";"4";"4";"4";"3";"3";"4";"4";"4";"3";"3";"3";"3";"3";"3";"(50,65]";"2"
"993";"1";"1";"1";"1";"2";"3";"2";"2";"4";"2";"1";"2";"1";"1";"2";"(50,65]";"1"
"994";"3";"2";"2";"3";"2";"3";"3";"2";"3";"1";"2";"1";"2";"2";"2";"(50,65]";"2"
"995";"2";"2";"2";"2";"2";"2";"2";"2";"3";"2";"2";"2";"1";"2";"1";"(65,96]";"2"
"996";"3";"1";"3";"3";"2";"3";"2";"2";"3";"1";"3";"3";"3";"3";"3";"(35,50]";"2"
"997";"3";"3";"2";"3";"3";"3";"2";"3";"3";"3";"3";"3";"3";"1";"3";"(50,65]";"2"
"998";"3";"3";"3";"3";"3";"1";"3";"3";"3";"2";"1";"1";"1";"1";"1";"(50,65]";"3"
"999";"1";"2";"2";"3";"1";"3";"1";"2";"4";"3";"3";"3";"2";"3";"2";"(50,65]";"3"
"1001";"4";"3";"3";"3";"4";"3";"2";"3";"3";"3";"3";"2";"3";"3";"3";"[18,35]";"3"
"1002";"2";"2";"2";"3";"2";"2";"2";"2";"3";"2";"2";"3";"3";"1";"2";"(35,50]";"2"
"1004";"3";"2";"2";"3";"3";"3";"3";"3";"3";"2";"3";"3";"3";"3";"1";"[18,35]";"2"
"1005";"3";"3";"2";"4";"2";"2";"2";"2";"3";"3";"2";"2";"2";"3";"2";"(50,65]";"3"
"1006";"3";"4";"3";"2";"2";"3";"2";"3";"3";"2";"3";"3";"2";"3";"2";"(35,50]";"3"
"1007";"2";"2";"2";"4";"4";"3";"1";"2";"3";"3";"3";"3";"2";"3";"2";"(50,65]";"2"
"1008";"3";"3";"2";"4";"4";"4";"3";"4";"4";"1";"3";"3";"1";"1";"1";"(35,50]";"3"
"1009";"2";"1";"2";"2";"1";"2";"3";"2";"3";"2";"3";"3";"2";"3";"2";"[18,35]";"3"
"1011";"2";"2";"1";"3";"2";"2";"1";"3";"3";"3";"3";"3";"2";"3";"3";"(35,50]";"1"
"1013";"3";"3";"2";"3";"2";"3";"2";"2";"3";"3";"2";"3";"2";"3";"3";"[18,35]";"2"
"1014";"2";"2";"2";"3";"2";"3";"3";"3";"3";"3";"3";"3";"3";"3";"3";"(50,65]";"3"
"1017";"3";"3";"3";"3";"2";"3";"3";"2";"3";"3";"3";"3";"2";"3";"3";"(50,65]";"2"
"1018";"3";"2";"2";"3";"3";"3";"3";"3";"2";"2";"2";"3";"3";"3";"2";"(50,65]";"3"
"1019";"2";"2";"3";"3";"4";"3";"2";"2";"2";"3";"2";"3";"3";"2";"2";"(35,50]";"3"
"1020";"2";"2";"2";"3";"2";"3";"3";"3";"3";"3";"3";"2";"2";"3";"3";"(65,96]";"3"
"1022";"2";"3";"3";"4";"3";"4";"3";"4";"3";"2";"2";"3";"1";"3";"3";"[18,35]";"3"
"1023";"1";"2";"1";"1";"1";"1";"1";"1";"3";"2";"1";"1";"1";"2";"2";"(35,50]";"1"
"1024";"2";"2";"2";"2";"3";"2";"2";"3";"2";"1";"3";"2";"3";"3";"3";"[18,35]";"2"
"1025";"2";"3";"2";"3";"2";"2";"2";"3";"2";"3";"1";"1";"3";"3";"2";"(35,50]";"3"
"1026";"2";"1";"2";"3";"1";"2";"1";"2";"4";"3";"3";"3";"2";"2";"3";"(35,50]";"3"
"1027";"1";"3";"4";"2";"3";"3";"2";"1";"3";"1";"2";"1";"3";"3";"1";"(50,65]";"3"
"1028";"2";"2";"3";"3";"3";"4";"2";"3";"3";"3";"3";"3";"3";"3";"3";"(65,96]";"2"
"1029";"2";"1";"1";"2";"2";"2";"2";"3";"3";"2";"2";"2";"2";"3";"2";"(50,65]";"2"
"1033";"3";"4";"2";"2";"3";"4";"3";"4";"4";"2";"3";"3";"3";"3";"2";"(50,65]";"3"
"1034";"3";"3";"2";"3";"3";"3";"3";"3";"3";"3";"3";"3";"2";"3";"3";"(50,65]";"3"
"1035";"1";"1";"2";"3";"1";"2";"2";"3";"3";"3";"1";"2";"2";"3";"2";"(50,65]";"2"
"1036";"2";"2";"2";"3";"2";"3";"4";"3";"3";"1";"2";"1";"1";"1";"1";"(50,65]";"3"
"1037";"2";"3";"3";"3";"2";"2";"3";"3";"3";"1";"1";"1";"3";"2";"2";"(50,65]";"3"
"1038";"1";"2";"1";"3";"2";"2";"2";"2";"2";"2";"2";"2";"2";"3";"2";"(35,50]";"2"
"1039";"3";"2";"2";"3";"2";"3";"2";"4";"3";"3";"2";"3";"1";"2";"2";"(50,65]";"3"
"1040";"2";"2";"2";"3";"3";"2";"2";"2";"3";"1";"1";"3";"3";"3";"1";"(35,50]";"3"
"1041";"4";"2";"4";"3";"3";"3";"2";"3";"4";"3";"3";"3";"3";"3";"3";"(35,50]";"3"
"1042";"4";"4";"3";"4";"3";"4";"3";"4";"3";"3";"3";"3";"3";"3";"3";"(50,65]";"3"
"1043";"2";"2";"3";"3";"3";"2";"3";"2";"3";"1";"2";"3";"3";"2";"2";"(50,65]";"3"
"1044";"3";"3";"3";"4";"4";"3";"3";"3";"4";"3";"3";"3";"2";"3";"3";"(35,50]";"3"
"1045";"3";"3";"3";"3";"2";"3";"3";"4";"4";"2";"3";"3";"2";"3";"2";"(35,50]";"3"
"1046";"2";"2";"2";"3";"2";"3";"4";"2";"3";"2";"3";"2";"2";"3";"2";"[18,35]";"3"
"1047";"2";"2";"2";"3";"2";"2";"2";"2";"2";"1";"1";"1";"2";"2";"1";"(65,96]";"2"
"1048";"3";"2";"4";"4";"3";"3";"2";"3";"3";"2";"1";"1";"3";"3";"1";"(35,50]";"3"
"1049";"2";"2";"2";"4";"3";"2";"2";"2";"3";"2";"2";"2";"3";"3";"2";"(50,65]";"3"
"1050";"2";"1";"2";"3";"1";"3";"2";"3";"3";"3";"1";"2";"3";"3";"3";"(35,50]";"3"
"1051";"2";"2";"2";"3";"2";"2";"2";"2";"3";"2";"2";"3";"2";"3";"2";"(50,65]";"2"
"1052";"3";"3";"2";"4";"2";"3";"2";"2";"3";"3";"3";"3";"3";"3";"3";"(35,50]";"3"
"1053";"3";"2";"1";"4";"2";"3";"2";"2";"2";"1";"1";"3";"3";"2";"2";"(50,65]";"3"
"1054";"3";"4";"4";"4";"3";"3";"2";"2";"4";"3";"2";"3";"3";"3";"3";"(50,65]";"3"
"1057";"3";"2";"2";"3";"3";"2";"2";"3";"3";"2";"1";"3";"1";"3";"2";"(35,50]";"3"
"1059";"2";"3";"1";"2";"2";"2";"1";"3";"2";"3";"2";"3";"2";"3";"2";"(35,50]";"3"
"1060";"3";"2";"2";"3";"2";"2";"3";"2";"3";"1";"1";"1";"1";"1";"1";"(50,65]";"2"
"1062";"1";"2";"1";"2";"1";"1";"2";"2";"1";"2";"2";"3";"2";"3";"1";"(35,50]";"2"
"1063";"4";"4";"4";"3";"4";"3";"2";"3";"2";"2";"2";"3";"3";"3";"3";"[18,35]";"3"
"1064";"2";"3";"3";"3";"3";"2";"2";"2";"2";"2";"2";"3";"3";"3";"2";"(35,50]";"3"
"1065";"3";"3";"3";"2";"2";"3";"3";"2";"3";"3";"3";"3";"3";"3";"3";"[18,35]";"1"
"1066";"2";"1";"4";"3";"4";"3";"1";"2";"4";"3";"3";"3";"3";"3";"3";"[18,35]";"3"
"1067";"1";"1";"1";"1";"1";"1";"1";"1";"2";"2";"1";"3";"2";"2";"2";"(50,65]";"3"
"1068";"2";"2";"1";"3";"1";"3";"2";"2";"3";"1";"1";"1";"1";"2";"1";"(65,96]";"1"
"1070";"2";"2";"2";"3";"1";"2";"2";"2";"2";"3";"2";"2";"1";"3";"2";"(35,50]";"2"
"1071";"3";"1";"1";"3";"3";"3";"3";"4";"3";"3";"3";"2";"2";"3";"3";"(35,50]";"3"
"1072";"3";"2";"4";"4";"2";"4";"2";"4";"4";"2";"3";"1";"3";"2";"1";"(65,96]";"3"
"1074";"2";"3";"2";"3";"1";"3";"1";"1";"3";"3";"3";"3";"3";"3";"2";"[18,35]";"3"
"1076";"3";"3";"3";"3";"3";"3";"2";"3";"4";"3";"3";"3";"3";"3";"3";"(65,96]";"3"
"1078";"2";"2";"3";"3";"4";"3";"2";"2";"3";"2";"2";"3";"3";"3";"2";"(50,65]";"3"
"1079";"3";"3";"3";"3";"3";"3";"2";"3";"4";"3";"3";"3";"3";"3";"2";"[18,35]";"3"
"1080";"3";"2";"2";"3";"3";"3";"2";"3";"2";"1";"1";"2";"2";"2";"2";"(65,96]";"3"
"1082";"4";"3";"4";"4";"3";"4";"3";"3";"3";"3";"3";"3";"3";"3";"3";"(35,50]";"3"
"1083";"1";"2";"3";"2";"2";"2";"1";"2";"2";"3";"2";"3";"2";"2";"1";"[18,35]";"2"
"1084";"3";"1";"2";"2";"2";"2";"1";"3";"1";"1";"3";"3";"1";"2";"2";"(35,50]";"2"
"1085";"2";"2";"3";"1";"1";"2";"2";"2";"3";"2";"3";"3";"2";"3";"2";"[18,35]";"2"
"1086";"3";"4";"3";"3";"3";"3";"3";"4";"3";"3";"2";"3";"3";"3";"3";"(35,50]";"3"
"1088";"3";"3";"2";"3";"2";"2";"2";"2";"3";"3";"2";"1";"1";"2";"2";"(65,96]";"2"
"1090";"2";"2";"3";"4";"2";"3";"2";"2";"4";"1";"1";"1";"2";"2";"1";"[18,35]";"3"
"1091";"2";"1";"2";"3";"2";"3";"3";"2";"4";"3";"3";"3";"2";"3";"2";"(35,50]";"2"
"1092";"4";"4";"4";"3";"2";"4";"4";"4";"3";"3";"3";"3";"3";"3";"3";"(35,50]";"3"
"1094";"2";"4";"4";"2";"3";"4";"3";"3";"4";"3";"3";"3";"2";"3";"2";"[18,35]";"2"
"1095";"3";"4";"4";"4";"3";"3";"3";"3";"4";"3";"3";"3";"2";"3";"2";"(35,50]";"3"
"1096";"1";"2";"2";"1";"2";"2";"1";"1";"2";"1";"1";"1";"1";"1";"1";"[18,35]";"1"
"1097";"2";"1";"1";"3";"2";"1";"3";"2";"3";"1";"2";"1";"1";"2";"1";"(65,96]";"2"
"1099";"2";"3";"2";"4";"1";"3";"3";"3";"3";"3";"3";"3";"3";"3";"2";"(50,65]";"3"
"1100";"3";"3";"2";"3";"3";"3";"1";"3";"3";"3";"3";"3";"3";"3";"3";"(65,96]";"3"
"1101";"3";"3";"2";"3";"3";"3";"2";"2";"3";"3";"2";"2";"2";"3";"3";"(65,96]";"2"
"1102";"3";"2";"2";"2";"2";"3";"3";"3";"4";"1";"1";"1";"1";"1";"1";"(65,96]";"2"
"1103";"2";"3";"1";"3";"1";"2";"1";"2";"1";"1";"2";"2";"2";"2";"1";"(50,65]";"1"
"1104";"3";"3";"3";"3";"2";"3";"3";"2";"3";"3";"3";"3";"3";"3";"3";"(35,50]";"3"
"1105";"4";"3";"3";"4";"2";"4";"3";"3";"3";"3";"3";"3";"3";"3";"3";"[18,35]";"3"
"1106";"2";"2";"1";"2";"1";"2";"2";"2";"3";"1";"2";"1";"2";"2";"1";"(65,96]";"2"
"1107";"2";"1";"2";"2";"2";"2";"3";"3";"1";"1";"1";"3";"1";"1";"1";"[18,35]";"3"
"1108";"3";"4";"3";"4";"3";"4";"2";"4";"4";"3";"3";"2";"3";"3";"2";"(50,65]";"3"
"1109";"2";"2";"1";"3";"2";"2";"1";"2";"2";"2";"2";"3";"2";"3";"2";"(50,65]";"1"
"1110";"1";"1";"1";"1";"1";"3";"3";"4";"2";"1";"1";"2";"2";"2";"1";"(50,65]";"3"
"1111";"2";"2";"2";"3";"2";"3";"2";"2";"2";"1";"3";"1";"1";"2";"3";"(65,96]";"2"
"1114";"2";"2";"2";"3";"3";"2";"2";"3";"3";"3";"1";"2";"3";"3";"2";"(65,96]";"2"
"1115";"2";"1";"2";"4";"3";"1";"2";"3";"3";"2";"3";"3";"3";"3";"2";"(50,65]";"3"
"1116";"2";"2";"2";"3";"2";"2";"3";"2";"3";"1";"2";"3";"2";"2";"1";"(50,65]";"2"
"1117";"1";"2";"2";"2";"2";"2";"1";"2";"3";"1";"1";"1";"1";"1";"1";"(35,50]";"2"
"1118";"3";"3";"3";"4";"3";"3";"2";"3";"3";"3";"3";"3";"2";"3";"2";"[18,35]";"3"
"1119";"3";"3";"3";"4";"3";"3";"2";"3";"3";"2";"3";"2";"3";"3";"2";"(50,65]";"3"
"1120";"3";"2";"2";"4";"2";"3";"2";"2";"3";"3";"1";"2";"2";"3";"2";"[18,35]";"1"
"1121";"2";"3";"2";"3";"2";"2";"3";"2";"2";"2";"3";"3";"3";"2";"2";"(50,65]";"2"
"1122";"2";"2";"2";"3";"2";"2";"3";"2";"3";"3";"1";"3";"3";"3";"2";"(35,50]";"3"
"1123";"2";"3";"2";"3";"2";"3";"3";"2";"3";"2";"2";"2";"2";"2";"2";"(50,65]";"3"
"1124";"1";"1";"4";"2";"1";"1";"1";"1";"2";"2";"2";"3";"3";"3";"2";"[18,35]";"3"
"1127";"2";"1";"1";"2";"1";"1";"2";"1";"2";"2";"1";"2";"2";"1";"1";"[18,35]";"2"
"1128";"3";"3";"3";"4";"3";"3";"3";"3";"4";"3";"2";"3";"2";"3";"2";"(50,65]";"3"
"1129";"1";"2";"1";"2";"2";"1";"1";"2";"2";"2";"2";"2";"2";"3";"1";"(35,50]";"3"
"1130";"1";"2";"1";"2";"2";"2";"2";"1";"3";"2";"1";"3";"2";"3";"2";"(65,96]";"2"
"1131";"3";"3";"3";"2";"2";"3";"2";"2";"1";"1";"3";"3";"1";"2";"2";"[18,35]";"3"
"1133";"2";"2";"2";"3";"2";"2";"2";"2";"3";"2";"1";"3";"2";"2";"2";"(50,65]";"2"
"1134";"3";"2";"3";"2";"2";"2";"2";"3";"2";"3";"1";"3";"3";"3";"3";"(35,50]";"3"
"1135";"3";"3";"3";"3";"2";"4";"1";"3";"4";"1";"1";"3";"1";"2";"2";"(35,50]";"2"
"1136";"2";"3";"3";"3";"2";"3";"2";"3";"2";"3";"1";"3";"3";"3";"2";"[18,35]";"1"
"1141";"2";"2";"2";"4";"2";"2";"3";"2";"3";"1";"1";"3";"3";"3";"1";"(50,65]";"1"
"1143";"3";"3";"2";"2";"2";"2";"2";"3";"2";"3";"2";"3";"1";"3";"3";"(50,65]";"3"
"1144";"2";"1";"1";"4";"2";"2";"1";"1";"2";"2";"2";"2";"2";"2";"2";"(50,65]";"3"
"1145";"1";"3";"4";"3";"2";"2";"2";"2";"2";"3";"3";"3";"3";"3";"2";"[18,35]";"3"
"1147";"2";"2";"3";"3";"2";"3";"3";"4";"3";"3";"1";"3";"3";"3";"2";"(50,65]";"2"
"1148";"3";"3";"3";"4";"3";"3";"4";"2";"3";"3";"1";"2";"2";"3";"3";"(65,96]";"3"
"1149";"2";"1";"2";"3";"3";"2";"2";"3";"3";"1";"1";"2";"3";"2";"1";"(65,96]";"3"
"1150";"3";"2";"4";"3";"3";"2";"3";"3";"3";"3";"2";"2";"2";"1";"2";"(50,65]";"3"
"1151";"2";"2";"1";"3";"2";"2";"2";"2";"2";"2";"1";"2";"2";"2";"1";"(65,96]";"2"
"1153";"3";"4";"2";"3";"3";"4";"3";"3";"3";"2";"3";"3";"3";"3";"2";"(50,65]";"3"
"1155";"3";"3";"2";"2";"3";"3";"2";"2";"2";"2";"2";"3";"2";"3";"3";"(35,50]";"3"
"1158";"3";"3";"2";"3";"2";"2";"3";"2";"3";"1";"2";"3";"2";"3";"2";"[18,35]";"3"
"1159";"3";"2";"2";"2";"2";"3";"3";"3";"3";"2";"2";"3";"2";"3";"2";"(50,65]";"2"
"1160";"1";"2";"1";"3";"1";"2";"2";"2";"3";"2";"2";"3";"1";"3";"2";"[18,35]";"3"
"1161";"4";"3";"4";"4";"3";"4";"1";"3";"3";"3";"3";"3";"2";"3";"3";"[18,35]";"3"
"1162";"3";"3";"3";"3";"3";"3";"3";"3";"3";"2";"2";"2";"2";"2";"2";"(35,50]";"3"
"1163";"2";"3";"3";"2";"3";"3";"2";"3";"2";"3";"2";"3";"2";"2";"2";"(50,65]";"2"
"1164";"3";"2";"1";"3";"1";"3";"3";"2";"3";"3";"3";"3";"3";"3";"3";"(65,96]";"3"
"1165";"2";"1";"2";"3";"1";"2";"3";"2";"2";"1";"1";"1";"1";"3";"1";"(65,96]";"3"
"1166";"2";"3";"2";"3";"3";"3";"2";"3";"3";"3";"3";"3";"3";"3";"2";"(65,96]";"2"
"1167";"2";"3";"2";"3";"3";"3";"1";"3";"2";"3";"2";"3";"3";"3";"2";"(50,65]";"3"
"1169";"2";"2";"2";"3";"2";"3";"2";"3";"4";"3";"3";"3";"3";"3";"3";"(50,65]";"3"
"1171";"2";"3";"3";"3";"1";"3";"2";"2";"4";"1";"3";"3";"1";"3";"1";"(65,96]";"3"
"1172";"2";"2";"2";"2";"3";"2";"2";"3";"3";"2";"3";"3";"2";"3";"3";"(35,50]";"3"
"1173";"3";"3";"4";"3";"4";"3";"1";"3";"3";"3";"3";"3";"3";"3";"1";"(35,50]";"3"
"1174";"2";"2";"3";"3";"3";"2";"2";"3";"4";"2";"3";"3";"2";"3";"3";"(65,96]";"3"
"1175";"2";"2";"2";"3";"2";"3";"3";"2";"3";"1";"1";"3";"2";"2";"2";"(50,65]";"3"
"1177";"2";"2";"2";"3";"2";"2";"3";"3";"3";"3";"2";"3";"2";"2";"3";"(50,65]";"3"
"1178";"2";"2";"2";"3";"2";"3";"2";"1";"3";"3";"2";"3";"1";"3";"2";"[18,35]";"1"
"1179";"1";"2";"2";"1";"1";"1";"1";"2";"2";"2";"1";"2";"1";"2";"2";"[18,35]";"2"
"1180";"4";"3";"1";"4";"2";"3";"3";"3";"3";"3";"3";"3";"3";"3";"3";"(35,50]";"3"
"1182";"3";"4";"4";"3";"3";"4";"3";"3";"3";"3";"3";"3";"3";"3";"3";"(35,50]";"3"
"1183";"3";"3";"3";"3";"3";"3";"2";"1";"3";"2";"3";"3";"2";"3";"3";"(35,50]";"2"
"1185";"2";"2";"2";"2";"2";"2";"2";"3";"2";"2";"2";"2";"2";"2";"2";"(35,50]";"2"
"1186";"1";"2";"2";"2";"1";"1";"2";"2";"2";"3";"1";"1";"3";"1";"3";"[18,35]";"1"
"1187";"2";"1";"2";"3";"2";"2";"3";"3";"3";"2";"2";"3";"2";"3";"2";"(50,65]";"2"
"1188";"2";"2";"1";"3";"1";"3";"2";"2";"1";"2";"2";"3";"3";"2";"2";"(35,50]";"3"
"1189";"1";"1";"3";"3";"1";"3";"1";"1";"3";"3";"3";"3";"3";"3";"3";"[18,35]";"3"
"1190";"1";"3";"2";"2";"4";"2";"1";"4";"4";"2";"2";"3";"3";"3";"2";"(65,96]";"3"
"1191";"3";"2";"2";"4";"1";"3";"3";"2";"3";"3";"2";"3";"2";"3";"3";"(50,65]";"3"
"1193";"2";"3";"3";"3";"3";"4";"2";"4";"4";"3";"1";"3";"3";"3";"3";"(50,65]";"2"
"1194";"1";"2";"2";"3";"2";"2";"2";"2";"2";"1";"1";"1";"1";"1";"1";"(65,96]";"2"
"1195";"3";"3";"3";"3";"2";"3";"3";"2";"3";"1";"3";"1";"3";"1";"1";"(35,50]";"3"
"1196";"2";"3";"3";"2";"3";"3";"2";"2";"2";"1";"1";"1";"1";"3";"1";"[18,35]";"2"
"1197";"2";"2";"3";"3";"2";"4";"3";"2";"3";"2";"2";"3";"3";"3";"2";"(35,50]";"3"
"1198";"1";"1";"2";"2";"1";"1";"2";"1";"2";"3";"2";"2";"2";"2";"2";"(35,50]";"1"
"1200";"3";"3";"2";"3";"3";"3";"3";"3";"4";"3";"3";"3";"3";"3";"2";"(50,65]";"3"
"1201";"2";"2";"2";"4";"2";"2";"4";"4";"2";"3";"3";"3";"1";"3";"3";"(50,65]";"3"
"1202";"2";"1";"3";"2";"2";"2";"1";"3";"2";"3";"3";"3";"3";"1";"1";"[18,35]";"3"
"1204";"3";"3";"3";"3";"4";"3";"3";"3";"3";"3";"2";"3";"2";"2";"3";"[18,35]";"3"
"1206";"2";"2";"2";"2";"1";"2";"1";"2";"2";"3";"2";"3";"2";"3";"3";"[18,35]";"2"
"1207";"3";"3";"3";"3";"3";"3";"3";"4";"3";"3";"1";"3";"3";"3";"3";"[18,35]";"3"
"1208";"2";"3";"3";"3";"2";"3";"3";"3";"3";"3";"3";"3";"3";"1";"2";"(50,65]";"3"
"1209";"3";"4";"4";"4";"4";"3";"2";"3";"3";"3";"3";"3";"3";"3";"3";"(35,50]";"3"
"1210";"2";"2";"3";"3";"3";"3";"2";"2";"3";"3";"2";"3";"2";"3";"2";"(35,50]";"3"
"1211";"2";"3";"2";"3";"3";"3";"2";"3";"3";"2";"2";"2";"1";"1";"1";"(50,65]";"3"
"1212";"2";"2";"2";"3";"3";"3";"2";"3";"3";"2";"2";"2";"2";"2";"2";"(65,96]";"2"
"1213";"2";"3";"3";"4";"3";"3";"2";"2";"3";"3";"3";"3";"2";"3";"2";"[18,35]";"3"
"1214";"2";"2";"2";"2";"2";"2";"2";"3";"2";"1";"1";"1";"2";"2";"2";"(65,96]";"3"
"1216";"2";"3";"3";"3";"3";"3";"2";"2";"3";"3";"3";"3";"3";"3";"2";"(50,65]";"3"
"1217";"3";"3";"3";"4";"4";"3";"4";"3";"4";"2";"2";"2";"3";"1";"2";"(65,96]";"3"
"1218";"3";"3";"4";"4";"3";"3";"3";"3";"3";"3";"3";"3";"3";"2";"3";"(35,50]";"3"
"1219";"2";"2";"2";"4";"1";"3";"2";"2";"3";"1";"1";"2";"2";"1";"2";"(50,65]";"3"
"1220";"3";"3";"2";"3";"2";"3";"2";"2";"3";"2";"3";"3";"2";"3";"2";"(50,65]";"1"
"1221";"2";"2";"2";"2";"2";"2";"2";"2";"2";"2";"2";"2";"3";"2";"2";"(65,96]";"3"
"1222";"2";"2";"2";"3";"2";"2";"2";"2";"2";"3";"2";"3";"2";"3";"2";"(65,96]";"2"
"1223";"2";"2";"1";"3";"2";"2";"3";"2";"2";"3";"2";"2";"1";"3";"3";"(50,65]";"2"
"1224";"2";"2";"2";"2";"2";"2";"2";"2";"3";"2";"2";"3";"2";"3";"2";"(65,96]";"1"
"1225";"2";"4";"3";"4";"2";"3";"2";"3";"3";"3";"3";"3";"3";"3";"3";"(35,50]";"3"
"1226";"2";"3";"2";"2";"2";"3";"2";"3";"3";"3";"2";"3";"2";"2";"2";"(50,65]";"2"
"1227";"2";"2";"3";"3";"2";"2";"2";"2";"3";"1";"3";"3";"3";"3";"1";"(35,50]";"3"
"1228";"3";"3";"2";"3";"4";"3";"3";"3";"3";"3";"3";"2";"3";"3";"2";"(65,96]";"3"
"1229";"2";"3";"3";"4";"2";"4";"3";"3";"3";"3";"3";"3";"3";"3";"3";"[18,35]";"3"
"1230";"3";"3";"4";"3";"4";"3";"2";"3";"4";"3";"3";"3";"3";"3";"3";"(50,65]";"3"
"1231";"2";"2";"2";"3";"2";"2";"2";"2";"2";"3";"2";"3";"3";"2";"2";"(65,96]";"2"
"1233";"1";"2";"1";"4";"2";"2";"3";"3";"1";"2";"2";"2";"2";"2";"2";"(50,65]";"1"
"1234";"2";"3";"3";"3";"2";"2";"2";"3";"2";"3";"3";"3";"3";"3";"3";"[18,35]";"3"
"1235";"1";"1";"3";"3";"2";"2";"2";"2";"2";"1";"1";"2";"1";"2";"2";"[18,35]";"3"
"1236";"3";"3";"2";"3";"3";"3";"3";"3";"3";"3";"3";"3";"3";"3";"3";"(35,50]";"3"
"1237";"2";"3";"3";"3";"2";"3";"2";"2";"2";"2";"2";"2";"1";"2";"2";"(50,65]";"3"
"1238";"3";"2";"2";"2";"3";"2";"1";"2";"3";"3";"2";"3";"3";"3";"2";"(35,50]";"3"
"1239";"2";"2";"2";"3";"2";"2";"1";"3";"2";"1";"2";"1";"1";"1";"3";"(35,50]";"3"
"1240";"2";"2";"3";"3";"2";"3";"3";"2";"3";"3";"3";"3";"3";"3";"3";"[18,35]";"1"
"1241";"3";"2";"2";"2";"1";"2";"2";"2";"1";"2";"1";"1";"3";"3";"1";"(35,50]";"1"
"1243";"2";"1";"1";"3";"3";"1";"3";"3";"2";"1";"2";"2";"2";"3";"1";"(65,96]";"2"
"1244";"1";"1";"1";"2";"1";"2";"2";"1";"3";"3";"3";"3";"2";"3";"3";"(35,50]";"1"
"1245";"2";"2";"1";"3";"2";"2";"2";"2";"3";"2";"2";"3";"2";"2";"2";"(35,50]";"1"
"1246";"4";"4";"4";"4";"4";"4";"4";"4";"4";"3";"3";"3";"3";"3";"3";"(50,65]";"3"
"1248";"3";"4";"3";"4";"3";"3";"2";"4";"3";"2";"2";"2";"3";"3";"3";"(65,96]";"3"
"1249";"2";"1";"2";"2";"2";"3";"2";"2";"3";"2";"3";"3";"3";"3";"2";"[18,35]";"3"
"1250";"4";"4";"3";"4";"4";"4";"3";"3";"3";"3";"3";"3";"3";"3";"3";"(65,96]";"3"
"1251";"2";"2";"2";"3";"2";"3";"2";"2";"3";"2";"2";"2";"2";"2";"1";"(65,96]";"2"
"1253";"3";"3";"4";"2";"3";"3";"2";"3";"3";"3";"1";"3";"3";"3";"2";"(35,50]";"3"
"1254";"2";"2";"3";"3";"2";"2";"2";"3";"3";"2";"3";"3";"3";"3";"2";"(50,65]";"3"
"1255";"2";"2";"3";"1";"3";"1";"3";"1";"3";"1";"1";"3";"3";"3";"1";"[18,35]";"3"
"1257";"3";"4";"3";"4";"3";"3";"4";"3";"3";"2";"2";"2";"2";"2";"2";"(35,50]";"3"
"1258";"1";"1";"3";"3";"1";"1";"1";"1";"3";"3";"1";"3";"1";"3";"3";"[18,35]";"3"
"1260";"3";"4";"4";"4";"4";"4";"3";"4";"4";"3";"3";"3";"3";"3";"3";"(50,65]";"3"
"1261";"1";"2";"1";"2";"2";"2";"2";"2";"1";"1";"1";"1";"1";"1";"1";"(65,96]";"2"
"1263";"2";"3";"3";"3";"4";"3";"3";"3";"3";"3";"2";"3";"3";"3";"3";"(35,50]";"3"
"1264";"3";"2";"2";"2";"2";"2";"2";"1";"3";"3";"3";"3";"2";"2";"2";"[18,35]";"3"
"1266";"4";"2";"2";"4";"4";"4";"1";"1";"4";"3";"3";"3";"3";"3";"3";"(65,96]";"3"
"1267";"2";"1";"2";"3";"2";"2";"3";"3";"2";"2";"2";"3";"3";"2";"3";"(65,96]";"3"
"1268";"2";"2";"3";"2";"2";"3";"3";"2";"3";"3";"3";"3";"3";"3";"1";"(50,65]";"2"
"1269";"2";"2";"2";"3";"2";"2";"2";"2";"3";"2";"3";"3";"2";"3";"2";"(35,50]";"1"
"1270";"3";"2";"3";"4";"3";"2";"2";"3";"3";"3";"2";"3";"3";"3";"2";"(65,96]";"3"
"1272";"3";"3";"2";"3";"2";"3";"3";"2";"3";"3";"3";"2";"2";"3";"3";"(50,65]";"2"
"1276";"3";"2";"2";"2";"2";"2";"2";"3";"3";"1";"2";"3";"2";"3";"3";"[18,35]";"2"
"1277";"3";"3";"3";"3";"3";"2";"2";"3";"3";"2";"1";"2";"3";"3";"2";"(50,65]";"3"
"1278";"1";"1";"2";"3";"3";"2";"2";"2";"3";"2";"2";"3";"2";"3";"1";"(50,65]";"3"
"1279";"2";"2";"3";"3";"3";"3";"2";"3";"3";"2";"3";"3";"3";"3";"3";"(35,50]";"3"
"1280";"4";"4";"4";"4";"3";"4";"4";"4";"4";"3";"3";"3";"3";"3";"3";"(35,50]";"3"
"1281";"2";"2";"2";"3";"3";"2";"3";"2";"2";"3";"2";"3";"2";"3";"3";"(35,50]";"3"
"1282";"3";"3";"2";"3";"2";"3";"2";"1";"3";"1";"1";"1";"1";"1";"1";"(50,65]";"3"
"1284";"3";"3";"4";"4";"3";"3";"3";"2";"3";"2";"2";"3";"1";"3";"2";"(50,65]";"2"
"1285";"3";"3";"2";"3";"3";"3";"2";"3";"3";"3";"1";"2";"2";"3";"2";"(50,65]";"2"
"1286";"2";"2";"2";"2";"2";"2";"3";"3";"3";"3";"3";"2";"3";"3";"2";"(35,50]";"1"
"1287";"2";"2";"2";"2";"2";"2";"2";"3";"3";"1";"2";"3";"1";"2";"2";"(50,65]";"2"
"1289";"1";"3";"3";"3";"2";"3";"1";"2";"3";"2";"2";"2";"2";"2";"1";"(35,50]";"2"
"1290";"2";"2";"2";"4";"3";"3";"3";"3";"3";"3";"2";"3";"2";"1";"2";"(50,65]";"2"
"1291";"3";"3";"2";"4";"2";"3";"3";"3";"2";"3";"3";"3";"3";"3";"2";"(35,50]";"3"
"1292";"2";"2";"2";"3";"3";"3";"3";"2";"3";"2";"3";"3";"2";"3";"2";"(50,65]";"3"
"1293";"2";"2";"2";"3";"2";"2";"2";"3";"3";"3";"2";"3";"2";"3";"3";"(65,96]";"2"
"1294";"3";"1";"4";"4";"3";"3";"3";"1";"3";"3";"3";"3";"2";"3";"2";"(35,50]";"3"
"1297";"2";"2";"1";"3";"1";"3";"2";"1";"3";"3";"3";"3";"3";"3";"3";"(65,96]";"1"
"1298";"3";"3";"3";"4";"2";"3";"3";"3";"3";"3";"3";"3";"3";"3";"3";"(35,50]";"3"
"1299";"4";"4";"4";"4";"3";"3";"2";"4";"3";"3";"3";"3";"3";"3";"3";"(50,65]";"2"
"1300";"2";"2";"1";"2";"2";"2";"3";"2";"2";"2";"1";"2";"2";"2";"2";"(50,65]";"3"
"1301";"3";"3";"4";"3";"4";"4";"4";"4";"3";"3";"3";"3";"3";"3";"3";"(35,50]";"3"
"1302";"2";"3";"2";"3";"3";"3";"3";"3";"4";"3";"3";"3";"3";"3";"3";"(35,50]";"3"
"1303";"2";"1";"4";"4";"3";"3";"3";"3";"3";"1";"1";"1";"3";"1";"1";"(50,65]";"3"
"1304";"2";"2";"3";"3";"2";"3";"2";"2";"3";"3";"3";"3";"2";"3";"3";"(65,96]";"2"
"1305";"3";"3";"3";"2";"3";"2";"2";"3";"2";"3";"1";"3";"2";"3";"3";"[18,35]";"3"
"1306";"3";"4";"4";"4";"3";"3";"3";"4";"3";"3";"3";"3";"3";"3";"3";"(50,65]";"3"
"1307";"1";"2";"1";"2";"2";"1";"1";"2";"2";"1";"1";"2";"1";"2";"2";"(65,96]";"2"
"1308";"2";"3";"3";"3";"2";"3";"1";"2";"3";"1";"1";"3";"3";"3";"1";"[18,35]";"1"
"1309";"2";"2";"3";"3";"2";"3";"2";"3";"3";"2";"1";"3";"3";"2";"2";"[18,35]";"2"
"1310";"3";"3";"2";"3";"2";"2";"2";"2";"3";"2";"2";"3";"2";"2";"2";"(35,50]";"2"
"1311";"4";"4";"3";"3";"3";"4";"3";"3";"2";"3";"3";"3";"3";"3";"3";"(35,50]";"3"
"1312";"2";"2";"3";"3";"2";"3";"2";"3";"3";"3";"3";"3";"2";"3";"2";"(50,65]";"3"
"1313";"3";"3";"4";"3";"3";"3";"2";"3";"4";"3";"1";"1";"2";"3";"3";"[18,35]";"3"
"1314";"3";"2";"4";"3";"2";"3";"2";"3";"2";"3";"3";"3";"2";"3";"3";"[18,35]";"3"
"1315";"1";"1";"1";"2";"2";"2";"1";"3";"1";"2";"2";"2";"2";"2";"2";"(65,96]";"2"
"1316";"3";"2";"2";"2";"2";"2";"1";"3";"2";"3";"2";"3";"3";"2";"2";"(65,96]";"3"
"1318";"2";"2";"2";"3";"2";"2";"2";"3";"2";"2";"3";"3";"3";"3";"2";"(50,65]";"3"
"1319";"1";"2";"4";"3";"3";"3";"3";"3";"4";"1";"3";"3";"3";"1";"1";"[18,35]";"3"
"1320";"2";"3";"3";"3";"3";"3";"2";"4";"2";"3";"3";"3";"3";"3";"2";"(35,50]";"3"
"1321";"2";"2";"2";"3";"3";"3";"2";"3";"3";"3";"3";"2";"3";"3";"2";"(50,65]";"3"
"1322";"3";"2";"2";"2";"3";"3";"2";"3";"3";"2";"2";"2";"2";"2";"2";"(50,65]";"2"
"1323";"2";"2";"1";"4";"2";"2";"2";"1";"2";"2";"1";"3";"3";"2";"2";"(35,50]";"3"
"1324";"4";"4";"4";"4";"4";"4";"4";"4";"4";"3";"3";"3";"3";"3";"3";"(50,65]";"3"
"1325";"2";"3";"2";"3";"2";"3";"2";"2";"3";"3";"1";"3";"3";"3";"1";"(50,65]";"3"
"1326";"2";"3";"2";"2";"2";"2";"2";"2";"2";"3";"3";"2";"3";"3";"3";"[18,35]";"3"
"1327";"2";"2";"4";"3";"3";"4";"4";"2";"2";"2";"2";"2";"2";"2";"1";"[18,35]";"3"
"1328";"2";"2";"2";"3";"1";"3";"2";"2";"3";"3";"1";"1";"2";"2";"2";"(35,50]";"3"
"1329";"2";"2";"2";"3";"2";"2";"2";"2";"2";"2";"1";"3";"1";"2";"1";"(35,50]";"2"
"1331";"3";"4";"4";"2";"3";"3";"2";"2";"3";"3";"3";"3";"3";"3";"2";"(35,50]";"3"
"1332";"2";"1";"2";"2";"2";"2";"1";"2";"2";"3";"2";"2";"2";"2";"1";"(65,96]";"3"
"1333";"2";"2";"2";"3";"2";"2";"3";"1";"1";"1";"2";"2";"2";"3";"2";"[18,35]";"2"
"1334";"4";"4";"4";"4";"4";"4";"4";"4";"4";"3";"3";"3";"3";"3";"3";"(35,50]";"3"
"1335";"3";"3";"4";"4";"4";"4";"4";"4";"4";"3";"3";"3";"3";"3";"1";"(35,50]";"3"
"1336";"2";"2";"2";"4";"2";"3";"3";"2";"3";"3";"3";"2";"2";"2";"3";"(35,50]";"2"
"1337";"3";"3";"3";"3";"3";"3";"3";"2";"3";"2";"2";"1";"2";"3";"2";"(50,65]";"3"
"1338";"4";"4";"4";"4";"2";"3";"3";"2";"3";"3";"2";"3";"3";"3";"3";"(35,50]";"3"
"1339";"3";"3";"3";"2";"2";"2";"2";"2";"3";"2";"2";"1";"1";"2";"1";"(50,65]";"3"
"1340";"2";"4";"4";"4";"4";"4";"2";"4";"4";"1";"1";"1";"3";"3";"1";"(50,65]";"3"
"1341";"2";"3";"2";"3";"2";"3";"2";"2";"3";"3";"2";"2";"2";"3";"3";"(65,96]";"1"
"1342";"3";"2";"3";"3";"3";"3";"2";"2";"3";"1";"1";"1";"2";"3";"1";"[18,35]";"2"
"1343";"1";"1";"2";"2";"2";"2";"2";"2";"3";"1";"1";"3";"1";"3";"1";"[18,35]";"3"
"1344";"3";"3";"4";"3";"3";"3";"3";"3";"2";"3";"2";"3";"3";"3";"3";"[18,35]";"3"
"1345";"1";"1";"1";"3";"4";"1";"2";"2";"3";"1";"1";"3";"2";"3";"2";"(65,96]";"2"
"1346";"3";"3";"2";"3";"2";"3";"2";"3";"2";"2";"2";"2";"3";"3";"3";"(50,65]";"2"
"1347";"2";"3";"2";"3";"2";"1";"1";"2";"3";"3";"3";"3";"2";"2";"1";"(35,50]";"3"
"1349";"2";"3";"2";"3";"1";"2";"3";"2";"4";"3";"3";"2";"2";"3";"2";"(35,50]";"1"
"1351";"4";"1";"3";"3";"2";"2";"1";"3";"2";"1";"1";"3";"2";"2";"1";"(50,65]";"3"
"1352";"1";"3";"1";"4";"3";"1";"3";"1";"1";"3";"3";"2";"2";"3";"3";"(50,65]";"3"
"1353";"2";"2";"2";"3";"3";"2";"2";"3";"4";"2";"2";"1";"2";"2";"2";"(35,50]";"2"
"1356";"4";"4";"4";"4";"3";"3";"3";"4";"4";"3";"3";"3";"3";"3";"3";"(50,65]";"3"
"1357";"2";"1";"1";"2";"2";"1";"2";"2";"1";"2";"2";"2";"2";"2";"2";"(50,65]";"1"
"1358";"1";"2";"3";"3";"2";"1";"2";"2";"3";"3";"3";"3";"3";"3";"3";"(50,65]";"3"
"1359";"2";"2";"2";"3";"2";"2";"2";"2";"2";"2";"1";"2";"3";"3";"1";"(50,65]";"3"
"1360";"2";"3";"3";"2";"3";"2";"1";"2";"2";"2";"1";"3";"1";"2";"1";"[18,35]";"2"
"1363";"3";"3";"2";"3";"3";"2";"2";"4";"3";"2";"3";"3";"2";"2";"2";"(35,50]";"2"
"1364";"2";"2";"2";"3";"2";"3";"1";"2";"2";"3";"3";"3";"3";"3";"3";"[18,35]";"1"
"1365";"2";"3";"3";"2";"2";"3";"2";"2";"3";"3";"2";"3";"2";"2";"3";"(35,50]";"1"
"1366";"3";"2";"4";"3";"3";"3";"2";"3";"3";"3";"3";"3";"3";"3";"3";"(65,96]";"3"
"1367";"1";"1";"2";"3";"1";"3";"1";"1";"3";"3";"3";"2";"3";"3";"2";"(35,50]";"2"
"1369";"2";"2";"2";"3";"3";"2";"2";"2";"3";"3";"3";"3";"3";"3";"3";"(35,50]";"3"
"1370";"4";"4";"4";"4";"4";"4";"3";"4";"3";"2";"3";"3";"3";"3";"3";"(50,65]";"3"
"1371";"2";"2";"2";"3";"3";"3";"2";"3";"2";"3";"2";"3";"3";"3";"3";"[18,35]";"3"
"1372";"2";"3";"3";"3";"2";"2";"3";"2";"3";"1";"1";"3";"1";"2";"2";"[18,35]";"1"
"1373";"2";"2";"2";"4";"3";"3";"3";"1";"3";"3";"2";"3";"2";"3";"2";"(35,50]";"2"
"1374";"1";"2";"2";"4";"2";"2";"1";"3";"4";"2";"2";"3";"3";"2";"2";"(50,65]";"3"
"1375";"2";"2";"3";"3";"2";"2";"3";"2";"2";"2";"2";"3";"2";"3";"2";"[18,35]";"3"
"1376";"3";"2";"2";"3";"2";"3";"2";"2";"4";"2";"2";"3";"2";"3";"2";"(35,50]";"3"
"1377";"3";"3";"3";"4";"3";"3";"2";"3";"3";"3";"3";"2";"3";"2";"3";"(65,96]";"3"
"1378";"1";"4";"4";"4";"1";"4";"4";"4";"4";"3";"3";"3";"3";"3";"2";"[18,35]";"3"
"1379";"1";"2";"3";"3";"3";"1";"2";"2";"3";"2";"2";"3";"2";"3";"1";"[18,35]";"3"
"1380";"3";"3";"3";"3";"2";"3";"2";"2";"4";"3";"2";"3";"1";"3";"3";"[18,35]";"1"
"1382";"3";"3";"3";"4";"3";"3";"2";"3";"3";"3";"2";"2";"2";"3";"2";"(50,65]";"3"
"1383";"2";"3";"2";"3";"2";"3";"2";"2";"3";"3";"3";"3";"2";"3";"3";"(50,65]";"2"
"1384";"2";"2";"3";"3";"3";"2";"3";"3";"2";"2";"2";"3";"2";"2";"3";"(35,50]";"3"
"1385";"2";"2";"2";"3";"2";"2";"4";"3";"3";"2";"2";"3";"2";"2";"2";"[18,35]";"3"
"1386";"2";"3";"3";"3";"3";"3";"3";"3";"3";"3";"3";"3";"3";"3";"3";"[18,35]";"3"
"1387";"1";"1";"1";"1";"1";"1";"1";"3";"3";"3";"2";"2";"3";"3";"2";"(35,50]";"3"
"1388";"4";"3";"2";"3";"3";"4";"2";"4";"3";"2";"3";"3";"3";"3";"2";"(50,65]";"3"
"1389";"3";"3";"2";"2";"2";"3";"2";"2";"3";"3";"3";"3";"2";"2";"3";"(35,50]";"2"
"1390";"2";"2";"3";"2";"1";"2";"2";"2";"3";"2";"3";"3";"3";"3";"2";"[18,35]";"3"
"1391";"2";"1";"2";"3";"3";"3";"2";"4";"4";"1";"1";"1";"1";"3";"2";"[18,35]";"3"
"1393";"2";"3";"3";"3";"3";"3";"3";"3";"3";"3";"3";"3";"3";"3";"2";"(50,65]";"3"
"1394";"3";"3";"3";"2";"2";"3";"3";"3";"3";"2";"2";"3";"1";"3";"2";"[18,35]";"3"
"1395";"3";"3";"3";"3";"3";"3";"2";"2";"3";"3";"2";"3";"2";"3";"3";"(35,50]";"3"
"1396";"3";"3";"3";"3";"4";"1";"4";"4";"3";"3";"3";"3";"1";"3";"3";"(35,50]";"3"
"1397";"2";"2";"1";"4";"2";"2";"2";"2";"3";"2";"3";"3";"3";"2";"3";"(65,96]";"2"
"1398";"2";"2";"2";"3";"3";"2";"3";"3";"2";"2";"1";"2";"2";"3";"2";"(50,65]";"3"
"1399";"2";"4";"2";"3";"3";"3";"2";"2";"2";"3";"2";"3";"3";"3";"3";"(50,65]";"3"
"1400";"1";"1";"1";"2";"2";"2";"1";"1";"3";"2";"1";"2";"1";"2";"2";"(50,65]";"2"
"1401";"2";"2";"2";"2";"3";"2";"3";"3";"3";"1";"1";"1";"1";"1";"1";"(65,96]";"3"
"1402";"2";"3";"3";"3";"3";"3";"2";"3";"3";"1";"1";"1";"1";"1";"1";"(50,65]";"3"
"1403";"2";"2";"3";"3";"2";"3";"2";"3";"3";"3";"3";"3";"3";"3";"2";"[18,35]";"1"
"1404";"2";"2";"2";"2";"2";"2";"3";"2";"2";"2";"2";"2";"1";"1";"2";"[18,35]";"1"
"1405";"2";"1";"2";"3";"3";"2";"2";"3";"3";"2";"2";"3";"1";"3";"2";"(50,65]";"3"
"1406";"3";"3";"2";"2";"2";"3";"3";"2";"3";"3";"2";"2";"3";"3";"3";"[18,35]";"2"
"1407";"2";"3";"1";"4";"3";"3";"3";"3";"3";"3";"3";"3";"1";"3";"3";"(50,65]";"3"
"1408";"3";"1";"1";"2";"2";"3";"3";"3";"3";"1";"3";"1";"1";"2";"3";"(50,65]";"2"
"1409";"1";"2";"2";"3";"2";"2";"2";"2";"3";"2";"2";"2";"2";"3";"2";"(65,96]";"1"
"1411";"3";"2";"3";"3";"3";"3";"2";"4";"2";"3";"3";"3";"3";"3";"3";"[18,35]";"3"
"1412";"1";"3";"2";"2";"2";"2";"1";"2";"2";"3";"1";"3";"2";"3";"1";"[18,35]";"3"
"1413";"3";"4";"3";"3";"2";"4";"1";"2";"3";"1";"1";"3";"2";"3";"1";"[18,35]";"3"
"1414";"1";"1";"2";"2";"2";"2";"2";"2";"1";"1";"1";"1";"1";"1";"1";"[18,35]";"2"
"1415";"2";"3";"3";"4";"2";"3";"2";"2";"3";"3";"3";"3";"1";"3";"3";"(35,50]";"2"
"1416";"2";"2";"1";"3";"2";"3";"2";"3";"3";"3";"3";"3";"3";"3";"1";"(50,65]";"3"
"1417";"3";"3";"3";"3";"3";"3";"3";"1";"3";"3";"3";"2";"3";"3";"3";"(65,96]";"3"
"1418";"2";"3";"3";"4";"4";"4";"3";"3";"3";"3";"3";"3";"3";"3";"3";"[18,35]";"3"
"1419";"2";"3";"2";"3";"3";"2";"1";"3";"4";"3";"3";"3";"2";"3";"3";"(65,96]";"2"
"1420";"3";"3";"2";"3";"2";"3";"4";"4";"3";"3";"2";"2";"3";"3";"3";"(50,65]";"3"
"1421";"2";"2";"3";"3";"2";"2";"1";"1";"3";"1";"1";"1";"1";"3";"1";"(50,65]";"2"
"1422";"2";"2";"2";"3";"2";"3";"2";"2";"2";"2";"2";"3";"1";"3";"1";"(35,50]";"3"
"1423";"2";"2";"2";"2";"3";"2";"3";"3";"2";"3";"3";"3";"3";"3";"3";"[18,35]";"3"
"1428";"3";"2";"4";"3";"3";"3";"3";"3";"3";"1";"2";"3";"3";"3";"2";"(65,96]";"3"
"1429";"2";"2";"2";"4";"4";"2";"1";"2";"2";"2";"2";"3";"2";"2";"2";"(50,65]";"3"
"1430";"3";"3";"3";"3";"3";"3";"2";"3";"2";"3";"1";"3";"3";"1";"3";"[18,35]";"3"
"1431";"2";"2";"1";"3";"2";"2";"2";"2";"3";"3";"3";"3";"2";"3";"3";"(35,50]";"1"
"1433";"3";"2";"3";"3";"3";"2";"2";"3";"3";"3";"2";"3";"3";"2";"2";"(50,65]";"3"
"1434";"3";"3";"3";"4";"3";"3";"3";"3";"3";"3";"2";"3";"2";"2";"3";"(35,50]";"3"
"1435";"4";"3";"3";"3";"3";"4";"2";"3";"4";"3";"3";"3";"3";"3";"3";"(50,65]";"3"
"1436";"2";"3";"3";"2";"2";"3";"3";"2";"2";"1";"1";"3";"3";"1";"3";"[18,35]";"2"
"1439";"3";"3";"3";"3";"3";"3";"3";"3";"3";"2";"2";"3";"2";"2";"2";"(50,65]";"2"
"1442";"2";"2";"2";"3";"2";"3";"3";"3";"3";"2";"2";"3";"3";"3";"2";"(50,65]";"2"
"1444";"3";"3";"4";"4";"3";"4";"4";"2";"4";"2";"3";"3";"3";"3";"2";"(35,50]";"3"
"1445";"1";"2";"2";"2";"2";"2";"2";"3";"3";"2";"2";"2";"1";"1";"1";"(50,65]";"1"
"1446";"3";"2";"4";"3";"3";"3";"3";"3";"3";"3";"2";"2";"3";"3";"2";"(50,65]";"3"
"1447";"1";"2";"1";"3";"1";"2";"2";"2";"1";"2";"1";"3";"2";"2";"2";"[18,35]";"2"
"1448";"2";"2";"2";"2";"2";"2";"2";"2";"3";"2";"1";"2";"2";"1";"2";"(50,65]";"2"
"1449";"2";"2";"2";"3";"3";"2";"3";"3";"3";"3";"3";"3";"3";"3";"2";"(35,50]";"3"
"1450";"3";"2";"3";"3";"1";"2";"2";"2";"2";"1";"2";"3";"1";"1";"2";"[18,35]";"2"
"1451";"4";"3";"2";"2";"3";"3";"3";"3";"3";"3";"2";"3";"2";"2";"3";"(50,65]";"3"
"1452";"3";"3";"2";"2";"2";"2";"2";"2";"3";"3";"3";"3";"2";"3";"3";"[18,35]";"2"
"1453";"3";"3";"2";"3";"3";"3";"2";"2";"3";"3";"3";"3";"2";"2";"1";"(50,65]";"3"
"1454";"1";"1";"3";"3";"2";"1";"1";"4";"1";"3";"2";"3";"3";"3";"3";"(35,50]";"3"
"1455";"2";"2";"2";"2";"2";"2";"2";"1";"2";"3";"1";"2";"3";"3";"1";"(35,50]";"3"
"1456";"2";"2";"2";"3";"2";"2";"2";"2";"2";"1";"1";"1";"2";"2";"1";"(35,50]";"1"
"1457";"2";"3";"3";"2";"2";"3";"3";"2";"3";"3";"3";"3";"3";"3";"1";"(65,96]";"3"
"1458";"2";"2";"2";"3";"2";"3";"2";"3";"3";"3";"2";"2";"2";"3";"2";"(35,50]";"2"
"1459";"1";"2";"1";"2";"2";"1";"1";"2";"2";"2";"2";"2";"2";"3";"2";"(65,96]";"2"
"1460";"3";"4";"3";"3";"3";"3";"2";"3";"3";"2";"3";"3";"3";"3";"2";"(65,96]";"3"
"1461";"1";"1";"3";"1";"2";"2";"1";"1";"2";"1";"2";"3";"2";"2";"1";"[18,35]";"1"
"1462";"1";"1";"2";"4";"3";"2";"1";"1";"2";"3";"2";"3";"3";"2";"3";"(35,50]";"2"
"1463";"2";"2";"3";"2";"3";"2";"2";"1";"3";"2";"2";"3";"2";"3";"2";"(50,65]";"3"
"1464";"2";"1";"2";"3";"2";"2";"2";"1";"3";"1";"1";"2";"2";"3";"1";"(35,50]";"3"
"1465";"3";"3";"3";"3";"4";"3";"1";"3";"3";"2";"3";"2";"3";"2";"1";"(65,96]";"3"
"1466";"3";"4";"2";"3";"2";"3";"3";"2";"3";"1";"1";"1";"1";"2";"1";"(50,65]";"2"
"1467";"2";"2";"1";"2";"2";"2";"1";"1";"2";"1";"2";"3";"1";"2";"3";"(35,50]";"1"
"1468";"3";"3";"2";"4";"2";"2";"3";"3";"3";"3";"1";"3";"2";"3";"1";"[18,35]";"3"
"1469";"3";"3";"2";"3";"2";"3";"3";"2";"3";"3";"3";"2";"2";"3";"3";"(50,65]";"1"
"1470";"2";"1";"2";"3";"3";"2";"3";"3";"2";"3";"2";"3";"3";"2";"2";"(65,96]";"2"
"1472";"2";"1";"2";"3";"2";"2";"2";"2";"2";"1";"1";"2";"2";"3";"1";"(50,65]";"2"
"1473";"1";"1";"2";"1";"1";"1";"1";"2";"2";"2";"1";"2";"2";"1";"1";"(50,65]";"2"
"1474";"2";"2";"3";"3";"4";"3";"2";"3";"4";"3";"3";"3";"3";"3";"3";"(50,65]";"3"
"1475";"1";"2";"2";"3";"2";"2";"2";"1";"3";"2";"3";"3";"2";"3";"2";"(35,50]";"2"
"1476";"2";"2";"2";"2";"2";"2";"1";"2";"2";"3";"1";"3";"2";"3";"2";"(50,65]";"1"
"1477";"2";"2";"4";"3";"3";"2";"1";"2";"1";"1";"3";"3";"1";"1";"2";"[18,35]";"2"
"1478";"1";"1";"2";"3";"2";"1";"2";"2";"1";"3";"1";"1";"1";"1";"1";"(65,96]";"2"
"1479";"3";"1";"3";"4";"2";"2";"1";"1";"3";"1";"2";"3";"2";"2";"1";"(50,65]";"3"
"1480";"1";"2";"1";"3";"2";"1";"1";"1";"2";"3";"2";"3";"2";"3";"3";"(65,96]";"3"
"1481";"2";"3";"2";"3";"2";"3";"2";"2";"2";"1";"2";"2";"2";"2";"1";"(65,96]";"1"
"1482";"2";"4";"2";"3";"3";"3";"2";"2";"4";"3";"3";"3";"3";"3";"3";"(50,65]";"3"
"1483";"3";"3";"2";"3";"2";"2";"2";"2";"3";"3";"3";"2";"1";"3";"3";"(50,65]";"3"
"1484";"2";"3";"2";"3";"2";"3";"2";"2";"2";"3";"3";"3";"2";"2";"3";"(35,50]";"1"
"1485";"2";"1";"1";"2";"2";"2";"2";"2";"2";"2";"1";"2";"2";"2";"2";"(35,50]";"2"
"1486";"3";"3";"2";"3";"2";"2";"2";"2";"3";"1";"1";"2";"2";"2";"1";"(35,50]";"2"
"1487";"2";"2";"1";"2";"2";"3";"2";"2";"3";"1";"1";"1";"2";"2";"1";"(50,65]";"2"
"1489";"2";"3";"3";"3";"2";"1";"3";"3";"1";"1";"1";"1";"1";"1";"1";"(35,50]";"3"
"1490";"2";"2";"2";"3";"2";"3";"3";"2";"3";"1";"1";"1";"1";"1";"1";"(35,50]";"3"
"1491";"1";"1";"1";"2";"1";"1";"1";"2";"2";"3";"1";"3";"3";"3";"1";"(50,65]";"1"
"1492";"3";"2";"2";"3";"3";"2";"3";"4";"2";"3";"3";"2";"3";"3";"3";"(65,96]";"3"
"1494";"2";"1";"2";"2";"3";"2";"2";"2";"2";"1";"1";"2";"2";"3";"1";"(65,96]";"2"
"1496";"3";"4";"4";"3";"3";"4";"1";"4";"4";"3";"3";"3";"3";"3";"2";"(50,65]";"3"
"1497";"1";"1";"1";"3";"4";"1";"2";"2";"3";"2";"1";"1";"2";"1";"2";"(50,65]";"3"
"1498";"3";"3";"3";"2";"2";"3";"2";"3";"3";"2";"1";"2";"1";"2";"2";"(35,50]";"2"
"1499";"2";"2";"4";"2";"2";"2";"3";"3";"4";"1";"2";"1";"1";"3";"1";"[18,35]";"3"
"1500";"2";"2";"2";"3";"2";"2";"2";"2";"3";"2";"1";"3";"2";"2";"2";"(50,65]";"3"
"1501";"3";"2";"2";"3";"3";"2";"1";"3";"2";"3";"3";"3";"3";"3";"1";"(65,96]";"3"
"1503";"3";"3";"2";"4";"3";"3";"2";"2";"3";"3";"3";"3";"2";"3";"3";"(50,65]";"2"
"1504";"2";"2";"3";"3";"3";"3";"3";"3";"4";"3";"3";"3";"3";"3";"2";"(50,65]";"3"
"1505";"2";"1";"4";"4";"3";"2";"4";"4";"2";"3";"1";"2";"2";"3";"3";"(35,50]";"2"
"1508";"2";"3";"2";"3";"2";"2";"2";"2";"2";"3";"2";"2";"2";"2";"3";"(50,65]";"2"
"1509";"2";"2";"1";"3";"2";"2";"2";"3";"2";"3";"3";"2";"2";"3";"2";"(65,96]";"2"
"1511";"1";"2";"3";"2";"2";"2";"2";"3";"2";"1";"1";"2";"3";"3";"2";"[18,35]";"2"
"1512";"2";"1";"2";"3";"3";"2";"3";"3";"2";"2";"1";"2";"1";"2";"1";"(50,65]";"2"
"1514";"2";"2";"2";"2";"1";"1";"2";"2";"1";"1";"1";"1";"1";"3";"1";"[18,35]";"2"
"1515";"3";"2";"2";"3";"2";"2";"2";"2";"3";"2";"2";"2";"2";"3";"3";"(35,50]";"3"
"1516";"2";"2";"2";"3";"2";"2";"2";"3";"3";"2";"3";"3";"1";"3";"2";"(50,65]";"2"
"1517";"2";"3";"2";"3";"3";"3";"3";"2";"3";"2";"1";"2";"2";"3";"2";"[18,35]";"3"
"1519";"2";"2";"1";"3";"1";"3";"2";"2";"3";"3";"1";"1";"3";"3";"3";"(35,50]";"1"
"1520";"2";"2";"2";"3";"2";"3";"2";"2";"4";"3";"3";"3";"3";"3";"3";"(50,65]";"3"
"1521";"2";"1";"1";"2";"2";"2";"3";"2";"2";"1";"1";"1";"1";"2";"2";"(65,96]";"1"
"1522";"4";"3";"4";"3";"3";"2";"2";"4";"3";"2";"2";"2";"1";"3";"2";"[18,35]";"3"
"1523";"4";"3";"3";"3";"4";"3";"2";"3";"3";"3";"2";"3";"3";"3";"3";"(35,50]";"3"
"1524";"2";"1";"1";"3";"2";"2";"1";"3";"3";"3";"3";"3";"2";"3";"3";"(65,96]";"2"
"1525";"2";"2";"3";"3";"2";"3";"3";"2";"3";"3";"3";"3";"3";"3";"3";"(50,65]";"2"
"1526";"2";"3";"2";"3";"2";"3";"2";"3";"4";"3";"3";"2";"1";"1";"1";"[18,35]";"1"
"1527";"3";"3";"3";"3";"3";"3";"2";"3";"3";"2";"2";"3";"2";"3";"3";"[18,35]";"3"
"1528";"3";"3";"3";"3";"3";"3";"3";"3";"3";"3";"3";"3";"3";"3";"3";"(50,65]";"3"
"1529";"2";"3";"2";"3";"2";"2";"2";"2";"3";"3";"2";"2";"3";"3";"3";"(50,65]";"2"
"1530";"3";"2";"3";"3";"2";"3";"3";"2";"3";"3";"3";"3";"2";"1";"3";"[18,35]";"3"
"1532";"3";"2";"2";"3";"2";"2";"2";"2";"3";"3";"3";"3";"3";"3";"2";"(50,65]";"2"
"1534";"3";"3";"2";"4";"2";"3";"3";"3";"3";"3";"2";"1";"1";"3";"3";"(65,96]";"3"
"1535";"3";"3";"2";"3";"3";"3";"2";"4";"4";"3";"3";"2";"2";"3";"3";"(50,65]";"3"
"1536";"3";"2";"4";"2";"3";"4";"1";"1";"4";"2";"3";"3";"2";"3";"3";"(50,65]";"3"
"1537";"3";"3";"2";"4";"2";"2";"3";"2";"3";"3";"1";"3";"2";"3";"3";"[18,35]";"3"
"1538";"2";"3";"2";"3";"2";"3";"2";"3";"3";"2";"3";"3";"2";"3";"2";"(35,50]";"3"
"1539";"3";"4";"3";"4";"3";"4";"3";"3";"4";"3";"2";"3";"2";"3";"2";"(50,65]";"2"
"1540";"1";"1";"1";"2";"2";"1";"2";"1";"2";"3";"2";"3";"2";"1";"2";"(50,65]";"3"
"1541";"2";"2";"2";"2";"3";"3";"2";"3";"3";"3";"3";"3";"3";"2";"3";"(65,96]";"3"
"1543";"3";"4";"3";"4";"3";"4";"3";"4";"3";"3";"3";"1";"3";"3";"3";"(50,65]";"3"
"1544";"2";"2";"2";"3";"3";"2";"2";"2";"3";"2";"1";"2";"2";"2";"2";"(65,96]";"3"
"1545";"2";"3";"2";"3";"2";"2";"2";"2";"2";"1";"1";"3";"2";"1";"2";"(35,50]";"3"
"1546";"2";"2";"2";"3";"2";"2";"3";"2";"3";"2";"2";"2";"2";"2";"2";"(65,96]";"2"
"1548";"2";"3";"2";"3";"2";"3";"2";"2";"2";"2";"1";"1";"1";"2";"2";"(35,50]";"3"
"1549";"2";"2";"2";"3";"2";"2";"2";"3";"2";"1";"1";"1";"1";"1";"1";"(65,96]";"1"
"1550";"3";"2";"2";"3";"2";"2";"2";"2";"3";"2";"1";"3";"2";"3";"2";"(50,65]";"3"
"1551";"2";"2";"3";"3";"2";"3";"2";"3";"2";"3";"3";"2";"2";"2";"3";"[18,35]";"1"
"1554";"1";"1";"2";"1";"2";"2";"2";"2";"2";"2";"2";"3";"2";"3";"2";"(50,65]";"3"
"1555";"3";"1";"2";"2";"1";"1";"2";"2";"1";"2";"2";"1";"2";"1";"1";"[18,35]";"2"
"1556";"2";"3";"3";"3";"2";"2";"2";"2";"2";"2";"1";"1";"2";"3";"1";"[18,35]";"2"
"1557";"2";"2";"3";"3";"2";"2";"3";"3";"3";"1";"1";"1";"2";"1";"1";"[18,35]";"1"
"1558";"2";"2";"4";"2";"3";"2";"3";"3";"2";"3";"1";"3";"3";"1";"1";"(35,50]";"2"
"1559";"2";"2";"3";"3";"2";"2";"3";"3";"2";"2";"2";"3";"3";"3";"2";"(50,65]";"3"
"1560";"1";"1";"2";"2";"2";"2";"2";"2";"2";"2";"2";"2";"2";"2";"2";"(50,65]";"2"
"1561";"2";"3";"1";"2";"3";"2";"2";"3";"3";"1";"1";"1";"1";"3";"3";"(50,65]";"3"
"1562";"3";"3";"3";"3";"2";"3";"2";"3";"2";"3";"3";"1";"2";"3";"3";"[18,35]";"3"
"1563";"2";"2";"2";"3";"2";"2";"2";"2";"3";"3";"3";"3";"3";"3";"2";"(35,50]";"3"
"1564";"2";"2";"2";"2";"2";"2";"2";"2";"4";"3";"2";"1";"2";"2";"1";"(65,96]";"2"
"1566";"3";"3";"2";"3";"2";"2";"3";"2";"3";"3";"1";"1";"3";"3";"2";"[18,35]";"1"
"1567";"2";"2";"2";"3";"2";"3";"2";"2";"3";"3";"3";"3";"2";"2";"1";"[18,35]";"3"
"1568";"3";"2";"3";"2";"2";"3";"2";"3";"3";"1";"1";"3";"2";"1";"2";"[18,35]";"3"
"1569";"3";"3";"3";"3";"3";"3";"4";"3";"3";"3";"3";"3";"3";"3";"3";"(35,50]";"2"
"1572";"2";"3";"2";"3";"2";"2";"2";"2";"2";"2";"3";"3";"3";"2";"1";"(50,65]";"3"
"1573";"3";"3";"3";"3";"3";"3";"3";"3";"3";"3";"3";"3";"3";"3";"3";"(35,50]";"3"
"1574";"2";"2";"3";"2";"2";"2";"2";"2";"2";"1";"1";"1";"1";"1";"1";"[18,35]";"3"
"1576";"3";"2";"1";"3";"3";"2";"2";"2";"3";"3";"3";"3";"3";"1";"3";"(50,65]";"3"
"1577";"1";"1";"1";"2";"1";"2";"1";"2";"2";"1";"1";"3";"1";"3";"1";"[18,35]";"1"
"1579";"3";"3";"2";"3";"2";"3";"2";"2";"3";"3";"3";"3";"2";"3";"3";"(35,50]";"3"
"1580";"3";"3";"4";"4";"4";"4";"3";"3";"3";"3";"3";"3";"3";"3";"3";"(35,50]";"3"
"1582";"2";"2";"3";"3";"3";"3";"2";"3";"3";"2";"2";"2";"2";"2";"2";"(65,96]";"2"
"1583";"1";"2";"2";"3";"3";"2";"4";"3";"3";"2";"1";"2";"2";"1";"2";"(50,65]";"3"
"1584";"2";"1";"1";"3";"2";"3";"2";"2";"3";"2";"3";"2";"2";"3";"2";"(50,65]";"3"
"1585";"3";"1";"3";"3";"3";"3";"1";"3";"4";"3";"3";"3";"3";"3";"3";"(50,65]";"3"
"1587";"2";"2";"3";"3";"3";"2";"2";"3";"3";"2";"2";"3";"2";"3";"2";"(35,50]";"3"
"1588";"2";"2";"3";"3";"3";"3";"3";"2";"2";"2";"2";"3";"3";"3";"2";"[18,35]";"2"
"1589";"4";"2";"2";"3";"3";"3";"2";"3";"3";"2";"2";"3";"3";"3";"3";"(50,65]";"2"
"1590";"3";"3";"3";"3";"3";"3";"3";"4";"4";"3";"3";"3";"3";"3";"3";"(50,65]";"3"
"1593";"2";"2";"2";"2";"2";"1";"2";"2";"2";"1";"1";"1";"1";"1";"1";"(50,65]";"2"
"1594";"2";"2";"2";"3";"3";"2";"2";"2";"2";"1";"1";"3";"2";"2";"2";"(35,50]";"2"
"1595";"3";"2";"3";"3";"3";"3";"4";"3";"4";"2";"3";"3";"3";"3";"3";"(50,65]";"3"
"1596";"2";"2";"3";"3";"2";"2";"2";"2";"3";"2";"2";"2";"3";"2";"2";"(50,65]";"3"
"1597";"2";"2";"2";"3";"2";"2";"2";"2";"3";"1";"2";"2";"2";"2";"2";"(65,96]";"2"
"1598";"2";"2";"2";"3";"3";"3";"1";"3";"2";"2";"2";"3";"3";"3";"2";"(35,50]";"1"
"1599";"1";"2";"3";"2";"2";"3";"3";"2";"3";"1";"2";"2";"2";"2";"2";"[18,35]";"3"
"1600";"2";"2";"2";"3";"2";"3";"2";"2";"3";"3";"3";"3";"3";"3";"3";"(35,50]";"1"
"1602";"3";"3";"3";"3";"2";"3";"3";"2";"4";"3";"3";"3";"3";"3";"3";"[18,35]";"3"
"1603";"3";"2";"2";"4";"4";"3";"1";"3";"3";"3";"3";"2";"3";"2";"2";"(35,50]";"2"
"1604";"2";"1";"1";"3";"3";"1";"2";"3";"3";"3";"2";"3";"2";"3";"2";"(50,65]";"3"
"1605";"2";"3";"2";"3";"1";"2";"2";"2";"3";"3";"3";"2";"2";"3";"3";"(50,65]";"1"
"1606";"2";"3";"2";"3";"2";"3";"3";"3";"3";"3";"3";"3";"2";"3";"2";"(50,65]";"3"
"1607";"2";"2";"3";"2";"2";"3";"4";"3";"3";"2";"3";"2";"2";"3";"1";"(50,65]";"3"
"1608";"2";"2";"2";"2";"2";"3";"3";"3";"3";"3";"3";"3";"2";"3";"2";"(35,50]";"2"
"1609";"2";"2";"3";"3";"3";"3";"3";"3";"3";"2";"2";"3";"3";"3";"2";"(35,50]";"3"
"1611";"1";"1";"3";"3";"2";"1";"1";"3";"3";"2";"3";"3";"3";"3";"1";"(50,65]";"3"
"1612";"3";"4";"1";"3";"3";"2";"2";"2";"3";"2";"1";"1";"1";"1";"2";"(35,50]";"1"
"1613";"3";"3";"4";"4";"3";"3";"1";"3";"2";"3";"3";"3";"3";"3";"1";"[18,35]";"3"
"1614";"2";"2";"1";"2";"1";"2";"2";"2";"2";"2";"1";"2";"1";"1";"1";"(35,50]";"2"
"1615";"1";"2";"2";"2";"4";"2";"3";"2";"1";"2";"1";"3";"3";"3";"3";"(50,65]";"3"
"1616";"3";"3";"4";"3";"2";"3";"2";"3";"2";"1";"3";"3";"3";"3";"3";"[18,35]";"3"
"1618";"4";"2";"4";"3";"2";"2";"2";"1";"3";"3";"2";"3";"2";"3";"3";"(35,50]";"3"
"1619";"2";"2";"2";"2";"2";"2";"2";"2";"3";"2";"2";"2";"2";"3";"2";"(50,65]";"2"
"1620";"2";"3";"3";"3";"3";"2";"2";"2";"2";"2";"2";"3";"3";"3";"3";"[18,35]";"3"
"1621";"2";"2";"2";"2";"2";"2";"3";"2";"3";"3";"2";"1";"2";"3";"1";"(35,50]";"3"
"1623";"2";"2";"4";"3";"3";"2";"3";"3";"4";"3";"2";"3";"1";"3";"2";"[18,35]";"2"
"1624";"2";"3";"2";"3";"3";"4";"2";"3";"3";"3";"3";"3";"3";"3";"1";"(35,50]";"3"
"1626";"2";"3";"2";"2";"2";"3";"3";"2";"3";"3";"3";"3";"2";"3";"2";"(50,65]";"3"
"1627";"1";"2";"3";"3";"3";"2";"2";"3";"3";"2";"2";"3";"2";"3";"3";"(50,65]";"2"
"1628";"3";"3";"2";"3";"3";"3";"3";"3";"4";"3";"3";"3";"2";"3";"3";"(35,50]";"3"
"1629";"1";"1";"2";"2";"1";"2";"1";"2";"2";"2";"2";"2";"2";"3";"2";"(50,65]";"2"
"1630";"2";"2";"2";"2";"2";"2";"2";"2";"2";"1";"1";"3";"2";"1";"1";"(65,96]";"1"
"1631";"2";"2";"2";"4";"1";"2";"1";"2";"3";"3";"3";"3";"2";"3";"3";"(35,50]";"2"
"1632";"3";"4";"3";"4";"3";"3";"3";"4";"3";"3";"3";"3";"3";"3";"3";"(65,96]";"3"
"1633";"2";"2";"3";"2";"3";"2";"3";"2";"3";"2";"3";"2";"3";"3";"2";"[18,35]";"3"
"1634";"4";"2";"3";"2";"3";"2";"4";"4";"3";"2";"3";"3";"3";"3";"3";"[18,35]";"2"
"1635";"2";"2";"2";"2";"3";"2";"2";"3";"3";"2";"2";"2";"2";"2";"3";"(50,65]";"3"
"1636";"2";"3";"2";"3";"2";"3";"2";"4";"3";"3";"3";"3";"3";"3";"1";"(50,65]";"3"
"1637";"2";"3";"2";"3";"2";"2";"2";"2";"2";"2";"1";"1";"2";"1";"1";"(35,50]";"3"
"1638";"2";"1";"2";"3";"3";"2";"1";"4";"4";"2";"2";"3";"3";"3";"2";"(50,65]";"3"
"1639";"2";"2";"2";"2";"1";"2";"2";"2";"2";"3";"2";"3";"2";"3";"2";"(50,65]";"3"
"1640";"2";"2";"1";"3";"2";"2";"2";"2";"3";"2";"1";"2";"2";"3";"2";"(50,65]";"1"
"1641";"2";"3";"2";"2";"2";"3";"2";"2";"3";"2";"3";"2";"2";"3";"2";"(35,50]";"3"
"1642";"1";"1";"2";"3";"2";"2";"2";"1";"1";"3";"3";"3";"1";"2";"3";"[18,35]";"3"
"1643";"2";"2";"2";"4";"3";"2";"1";"1";"1";"2";"1";"2";"2";"3";"3";"(35,50]";"2"
"1644";"1";"2";"3";"2";"1";"2";"2";"2";"2";"2";"2";"3";"2";"3";"2";"[18,35]";"2"
"1645";"2";"2";"2";"3";"3";"3";"3";"3";"3";"2";"2";"3";"2";"3";"2";"(50,65]";"2"
"1647";"3";"3";"3";"3";"3";"3";"3";"3";"3";"3";"2";"3";"3";"3";"1";"[18,35]";"3"
"1648";"2";"1";"3";"2";"3";"3";"3";"3";"3";"1";"2";"3";"3";"3";"2";"[18,35]";"3"
"1649";"2";"2";"2";"4";"4";"2";"2";"4";"2";"1";"1";"1";"1";"1";"1";"(65,96]";"2"
"1650";"2";"3";"2";"3";"3";"4";"3";"3";"3";"3";"3";"2";"2";"2";"2";"(65,96]";"3"
"1651";"1";"1";"1";"2";"1";"1";"1";"2";"2";"2";"2";"2";"2";"2";"2";"(50,65]";"2"
"1652";"1";"2";"2";"1";"2";"2";"3";"2";"2";"3";"1";"3";"2";"1";"2";"[18,35]";"1"
"1654";"2";"3";"3";"3";"3";"2";"2";"3";"3";"2";"2";"3";"1";"2";"2";"(35,50]";"2"
"1655";"2";"2";"2";"2";"2";"2";"2";"3";"3";"2";"3";"3";"3";"1";"2";"(50,65]";"3"
"1656";"2";"2";"2";"2";"1";"2";"2";"3";"2";"3";"2";"3";"2";"2";"2";"(35,50]";"2"
"1657";"2";"2";"4";"3";"2";"3";"2";"3";"3";"1";"1";"3";"2";"3";"1";"(35,50]";"3"
"1659";"3";"2";"2";"3";"2";"3";"2";"2";"3";"2";"3";"3";"3";"3";"2";"(50,65]";"2"
"1660";"2";"4";"2";"4";"4";"2";"1";"2";"4";"3";"3";"3";"1";"3";"3";"(50,65]";"3"
"1661";"2";"2";"1";"2";"1";"2";"2";"2";"2";"1";"1";"1";"1";"1";"1";"(65,96]";"1"
"1662";"4";"4";"3";"4";"4";"4";"4";"4";"3";"3";"3";"3";"3";"3";"3";"(35,50]";"3"
"1664";"1";"1";"2";"2";"1";"2";"1";"1";"2";"2";"2";"1";"3";"3";"2";"(50,65]";"2"
"1665";"3";"2";"3";"3";"3";"2";"2";"3";"2";"1";"1";"1";"1";"1";"1";"[18,35]";"3"
"1666";"2";"2";"2";"3";"2";"2";"1";"2";"3";"3";"2";"2";"2";"2";"2";"(65,96]";"3"
"1668";"2";"3";"4";"3";"2";"2";"2";"2";"3";"2";"3";"3";"1";"1";"1";"[18,35]";"3"
"1669";"3";"4";"4";"4";"4";"4";"4";"3";"3";"3";"2";"3";"3";"3";"2";"(35,50]";"3"
"1670";"2";"1";"2";"3";"2";"2";"3";"2";"2";"1";"2";"1";"1";"1";"2";"(50,65]";"3"
"1671";"2";"3";"2";"3";"3";"3";"2";"4";"3";"2";"1";"1";"2";"2";"2";"(35,50]";"3"
"1672";"2";"2";"2";"3";"2";"2";"1";"2";"3";"2";"1";"2";"1";"2";"1";"(35,50]";"1"
"1673";"2";"3";"3";"2";"2";"3";"2";"2";"3";"1";"1";"3";"1";"3";"1";"[18,35]";"2"
"1674";"1";"2";"2";"2";"1";"2";"1";"2";"2";"1";"2";"1";"1";"1";"1";"[18,35]";"2"
"1676";"2";"2";"2";"3";"3";"3";"2";"2";"3";"3";"2";"2";"3";"3";"2";"(50,65]";"3"
"1677";"1";"1";"3";"2";"1";"1";"1";"1";"2";"1";"1";"1";"3";"3";"2";"[18,35]";"2"
"1678";"2";"3";"3";"3";"3";"3";"2";"3";"3";"2";"3";"3";"2";"3";"2";"(35,50]";"3"
"1680";"2";"2";"2";"3";"3";"3";"1";"3";"3";"3";"3";"3";"3";"3";"3";"(50,65]";"3"
"1681";"2";"4";"1";"3";"2";"3";"2";"2";"4";"3";"2";"2";"2";"3";"3";"(35,50]";"1"
"1682";"2";"2";"3";"2";"2";"2";"2";"2";"2";"1";"1";"2";"1";"1";"1";"(35,50]";"2"
"1683";"1";"1";"1";"3";"2";"1";"1";"1";"1";"1";"1";"1";"1";"1";"1";"(50,65]";"1"
"1684";"3";"3";"2";"3";"2";"3";"3";"3";"4";"3";"3";"3";"3";"3";"3";"(50,65]";"2"
"1685";"1";"2";"2";"2";"1";"1";"2";"2";"3";"1";"2";"1";"3";"1";"1";"(50,65]";"1"
"1686";"2";"2";"2";"3";"3";"2";"2";"2";"3";"2";"1";"2";"2";"3";"2";"(50,65]";"2"
"1687";"2";"2";"2";"2";"2";"2";"1";"2";"1";"1";"1";"2";"1";"3";"1";"(35,50]";"3"
"1688";"2";"3";"1";"4";"2";"2";"2";"3";"2";"1";"1";"1";"1";"3";"1";"(50,65]";"3"
"1689";"1";"1";"2";"3";"2";"2";"1";"2";"2";"3";"2";"3";"2";"2";"2";"(65,96]";"2"
"1690";"2";"2";"2";"3";"2";"2";"2";"3";"3";"2";"2";"3";"2";"2";"2";"(65,96]";"3"
"1691";"3";"3";"2";"3";"3";"3";"2";"3";"3";"2";"2";"2";"2";"3";"2";"(65,96]";"3"
"1692";"3";"3";"1";"3";"2";"3";"3";"1";"3";"2";"1";"3";"3";"2";"3";"(35,50]";"3"
"1693";"2";"2";"2";"2";"2";"3";"3";"3";"2";"3";"3";"3";"3";"1";"3";"(35,50]";"3"
"1694";"1";"2";"2";"2";"2";"2";"3";"3";"2";"2";"2";"3";"2";"2";"1";"[18,35]";"3"
"1695";"2";"2";"2";"3";"2";"2";"2";"2";"3";"3";"2";"2";"2";"3";"3";"(50,65]";"2"
"1696";"2";"2";"2";"3";"2";"3";"2";"2";"3";"2";"1";"2";"2";"3";"2";"(50,65]";"2"
"1697";"2";"2";"3";"3";"2";"2";"2";"3";"3";"2";"2";"2";"3";"3";"2";"(50,65]";"3"
"1698";"2";"2";"2";"2";"2";"1";"1";"1";"3";"3";"1";"3";"2";"2";"2";"[18,35]";"3"
"1699";"3";"2";"2";"2";"2";"2";"3";"2";"3";"1";"1";"1";"1";"1";"1";"(35,50]";"1"
"1700";"2";"2";"3";"3";"3";"3";"3";"3";"3";"3";"3";"3";"3";"3";"3";"(50,65]";"2"
"1701";"2";"2";"2";"3";"2";"2";"3";"2";"2";"3";"2";"3";"2";"3";"2";"(50,65]";"2"
"1702";"2";"2";"4";"3";"2";"2";"2";"2";"2";"1";"1";"3";"1";"1";"1";"(35,50]";"3"
"1703";"3";"3";"4";"3";"2";"2";"2";"3";"2";"3";"3";"3";"3";"3";"3";"(35,50]";"3"
"1704";"2";"2";"2";"2";"3";"2";"2";"2";"2";"1";"1";"1";"1";"1";"1";"(35,50]";"2"
"1705";"2";"3";"2";"4";"2";"4";"3";"3";"4";"3";"3";"3";"3";"3";"3";"(50,65]";"3"
"1707";"2";"2";"1";"3";"3";"2";"4";"3";"3";"3";"2";"3";"2";"3";"3";"(50,65]";"1"
"1708";"2";"3";"3";"4";"3";"2";"3";"3";"4";"3";"3";"3";"3";"3";"3";"(35,50]";"3"
"1709";"2";"2";"2";"2";"2";"3";"2";"2";"3";"3";"1";"3";"2";"2";"1";"(35,50]";"2"
"1710";"2";"2";"2";"2";"2";"2";"2";"2";"2";"2";"2";"2";"2";"2";"2";"[18,35]";"2"
"1711";"2";"2";"2";"2";"2";"1";"1";"2";"2";"2";"1";"3";"1";"1";"1";"[18,35]";"2"
"1713";"3";"4";"4";"3";"3";"3";"3";"4";"3";"2";"3";"3";"2";"2";"1";"(50,65]";"3"
"1715";"3";"3";"3";"4";"3";"3";"2";"3";"4";"3";"3";"3";"2";"3";"3";"(65,96]";"2"
"1716";"1";"2";"2";"1";"2";"2";"1";"2";"2";"1";"1";"1";"1";"2";"2";"(35,50]";"2"
"1717";"3";"3";"2";"3";"1";"2";"1";"2";"3";"3";"1";"3";"1";"3";"1";"[18,35]";"3"
"1718";"2";"2";"1";"2";"1";"2";"2";"2";"3";"3";"1";"2";"2";"3";"1";"(65,96]";"2"
"1719";"3";"2";"2";"3";"2";"2";"2";"2";"3";"2";"2";"3";"3";"2";"2";"(50,65]";"3"
"1720";"3";"2";"3";"2";"3";"3";"3";"2";"2";"3";"3";"3";"3";"3";"3";"(35,50]";"3"
"1721";"2";"2";"3";"3";"2";"2";"1";"2";"3";"1";"2";"2";"1";"1";"1";"[18,35]";"2"
"1723";"3";"1";"4";"4";"4";"1";"1";"1";"4";"3";"2";"3";"3";"3";"2";"(35,50]";"3"
"1724";"3";"4";"4";"4";"4";"4";"4";"4";"4";"3";"3";"3";"3";"3";"3";"(35,50]";"3"
"1725";"2";"2";"2";"2";"1";"2";"2";"2";"2";"2";"1";"2";"2";"2";"2";"(50,65]";"1"
"1727";"2";"2";"3";"2";"4";"2";"3";"2";"2";"2";"2";"3";"3";"3";"2";"[18,35]";"3"
"1728";"2";"2";"2";"3";"2";"3";"2";"2";"3";"1";"2";"2";"2";"2";"2";"(65,96]";"3"
"1729";"2";"3";"2";"3";"2";"3";"3";"3";"2";"3";"2";"3";"2";"3";"3";"[18,35]";"2"
"1730";"2";"3";"2";"3";"2";"3";"3";"2";"2";"3";"3";"3";"3";"3";"3";"(35,50]";"3"
"1731";"1";"1";"2";"3";"2";"2";"3";"1";"3";"3";"1";"2";"2";"3";"3";"(35,50]";"1"
"1732";"2";"2";"2";"3";"3";"2";"3";"3";"2";"2";"3";"3";"3";"2";"2";"(65,96]";"3"
"1733";"2";"3";"3";"3";"3";"2";"3";"3";"3";"2";"3";"3";"3";"3";"3";"(35,50]";"3"
"1734";"3";"2";"3";"2";"1";"2";"2";"2";"3";"2";"1";"3";"2";"1";"1";"(35,50]";"3"
"1735";"2";"1";"2";"3";"2";"2";"2";"2";"2";"2";"1";"3";"3";"3";"1";"(50,65]";"2"
"1736";"2";"3";"2";"3";"3";"3";"2";"2";"3";"3";"3";"3";"3";"3";"3";"(35,50]";"3"
"1738";"2";"2";"2";"2";"2";"2";"1";"2";"2";"2";"2";"3";"2";"2";"2";"(50,65]";"2"
"1739";"2";"2";"2";"2";"2";"2";"2";"2";"3";"1";"1";"2";"1";"1";"1";"(65,96]";"2"
"1741";"2";"2";"3";"4";"3";"3";"1";"2";"3";"2";"1";"1";"3";"3";"3";"(65,96]";"1"
"1742";"3";"3";"3";"3";"3";"3";"2";"3";"3";"2";"2";"3";"3";"3";"2";"(50,65]";"3"
"1744";"2";"3";"3";"2";"3";"2";"2";"1";"2";"1";"1";"3";"1";"3";"1";"[18,35]";"3"
"1745";"4";"3";"4";"4";"4";"4";"3";"3";"3";"3";"3";"2";"3";"3";"2";"(35,50]";"3"
"1746";"3";"4";"1";"3";"2";"3";"3";"2";"2";"2";"2";"2";"1";"2";"2";"(50,65]";"2"
"1747";"2";"2";"1";"3";"2";"2";"2";"2";"2";"3";"2";"2";"3";"3";"3";"(65,96]";"2"
"1748";"2";"3";"2";"2";"2";"3";"2";"3";"3";"2";"2";"2";"3";"2";"3";"[18,35]";"3"
"1749";"1";"1";"1";"3";"3";"2";"4";"2";"3";"1";"1";"3";"1";"3";"1";"(50,65]";"1"
"1750";"2";"2";"2";"2";"2";"2";"2";"2";"2";"1";"1";"1";"1";"1";"1";"(35,50]";"2"
"1751";"1";"1";"1";"3";"2";"2";"1";"2";"2";"2";"3";"2";"2";"2";"2";"(65,96]";"1"
"1752";"2";"2";"2";"4";"3";"2";"2";"2";"3";"3";"3";"3";"2";"2";"3";"(65,96]";"3"
"1753";"2";"1";"2";"1";"1";"2";"1";"1";"2";"2";"3";"3";"1";"1";"3";"[18,35]";"2"
"1754";"2";"2";"3";"4";"3";"3";"2";"3";"3";"2";"2";"3";"2";"3";"3";"(50,65]";"3"
"1755";"2";"3";"2";"3";"3";"3";"2";"2";"2";"3";"3";"2";"3";"3";"3";"(35,50]";"2"
"1757";"2";"3";"4";"3";"2";"2";"2";"4";"3";"1";"1";"3";"3";"2";"2";"(35,50]";"3"
"1758";"3";"4";"3";"4";"3";"3";"2";"4";"4";"3";"3";"3";"2";"3";"3";"(65,96]";"3"
"1759";"1";"2";"3";"3";"3";"3";"3";"3";"1";"1";"1";"1";"1";"1";"1";"(50,65]";"3"
"1760";"1";"2";"3";"3";"2";"2";"1";"1";"3";"1";"1";"3";"2";"2";"2";"(50,65]";"3"
"1763";"2";"2";"2";"3";"2";"2";"2";"2";"3";"2";"1";"3";"3";"1";"1";"(50,65]";"3"
"1764";"2";"1";"1";"3";"3";"2";"3";"3";"1";"3";"3";"3";"2";"2";"3";"[18,35]";"3"
"1765";"2";"3";"3";"3";"2";"2";"2";"2";"3";"2";"3";"3";"3";"3";"2";"(35,50]";"3"
"1767";"3";"3";"2";"3";"2";"3";"3";"2";"2";"2";"2";"3";"3";"3";"2";"[18,35]";"1"
"1768";"2";"2";"2";"3";"3";"3";"3";"3";"3";"1";"3";"1";"1";"3";"1";"(35,50]";"3"
"1769";"2";"3";"3";"3";"1";"3";"2";"3";"3";"3";"1";"3";"3";"1";"2";"(35,50]";"2"
"1770";"2";"3";"4";"3";"4";"3";"3";"3";"3";"3";"3";"3";"3";"3";"2";"(50,65]";"3"
"1771";"3";"3";"3";"1";"2";"3";"3";"4";"3";"3";"3";"3";"3";"3";"2";"(50,65]";"3"
"1773";"2";"4";"3";"3";"2";"3";"2";"3";"4";"3";"3";"3";"3";"3";"3";"(65,96]";"3"
"1774";"2";"3";"3";"4";"2";"3";"1";"2";"3";"1";"1";"1";"1";"1";"1";"(50,65]";"3"
"1776";"2";"2";"4";"3";"2";"3";"3";"3";"2";"2";"2";"3";"2";"3";"2";"[18,35]";"3"
"1777";"2";"3";"3";"3";"2";"2";"2";"2";"3";"2";"2";"3";"3";"2";"2";"(50,65]";"3"
"1778";"3";"3";"4";"4";"4";"3";"3";"4";"3";"3";"3";"3";"3";"3";"3";"(50,65]";"3"
"1781";"2";"3";"1";"3";"2";"2";"2";"2";"2";"3";"3";"2";"1";"2";"3";"(35,50]";"2"
"1782";"2";"2";"3";"3";"3";"3";"3";"4";"3";"1";"1";"2";"2";"2";"2";"(50,65]";"3"
"1783";"1";"2";"3";"3";"2";"2";"1";"3";"3";"2";"3";"3";"2";"1";"2";"(50,65]";"2"
"1784";"2";"2";"1";"3";"3";"3";"2";"2";"1";"3";"1";"1";"2";"3";"2";"[18,35]";"3"
"1785";"3";"3";"3";"3";"4";"4";"3";"3";"3";"3";"3";"3";"3";"3";"3";"(35,50]";"3"
"1786";"1";"1";"2";"2";"1";"1";"1";"2";"2";"1";"1";"2";"2";"2";"1";"(50,65]";"2"
"1787";"2";"3";"2";"3";"2";"2";"2";"2";"3";"2";"1";"3";"1";"2";"1";"(50,65]";"3"
"1788";"2";"2";"2";"2";"2";"2";"2";"2";"3";"2";"3";"3";"3";"3";"2";"[18,35]";"2"
"1789";"2";"2";"2";"3";"2";"3";"2";"3";"3";"3";"2";"3";"2";"3";"3";"(35,50]";"1"
"1790";"2";"2";"2";"2";"2";"2";"2";"2";"2";"2";"2";"2";"2";"3";"2";"(50,65]";"2"
"1791";"2";"1";"2";"2";"2";"2";"3";"2";"3";"1";"1";"1";"1";"1";"1";"(50,65]";"2"
"1792";"2";"2";"2";"3";"2";"2";"3";"2";"2";"3";"3";"3";"3";"3";"3";"(50,65]";"1"
"1793";"2";"2";"2";"2";"2";"2";"2";"1";"2";"1";"2";"2";"2";"2";"2";"(50,65]";"2"
"1794";"3";"2";"3";"2";"3";"2";"2";"2";"3";"1";"3";"3";"2";"3";"3";"(50,65]";"2"
"1795";"2";"2";"2";"3";"2";"2";"2";"3";"2";"3";"3";"3";"3";"3";"3";"(35,50]";"2"
"1796";"2";"2";"2";"3";"2";"2";"2";"2";"3";"2";"3";"3";"2";"2";"2";"(50,65]";"3"
"1797";"1";"2";"1";"3";"2";"2";"2";"2";"3";"1";"1";"2";"2";"1";"2";"(65,96]";"2"
"1799";"3";"3";"3";"3";"3";"3";"3";"4";"3";"3";"2";"3";"3";"3";"3";"(35,50]";"3"
"1802";"2";"3";"3";"3";"2";"4";"3";"3";"4";"3";"3";"3";"3";"3";"3";"(50,65]";"3"
"1804";"2";"3";"2";"4";"3";"3";"2";"2";"3";"2";"3";"3";"3";"1";"2";"(50,65]";"3"
"1805";"2";"2";"3";"4";"3";"3";"3";"4";"3";"3";"3";"3";"3";"3";"3";"(35,50]";"3"
"1806";"2";"3";"4";"2";"4";"3";"2";"2";"3";"3";"3";"3";"3";"3";"3";"[18,35]";"2"
"1808";"2";"1";"1";"3";"3";"2";"2";"2";"2";"2";"2";"2";"2";"2";"2";"(50,65]";"2"
"1809";"2";"2";"2";"4";"3";"3";"3";"3";"3";"3";"3";"3";"3";"3";"3";"(65,96]";"3"
"1810";"2";"2";"3";"3";"3";"3";"2";"3";"3";"3";"3";"3";"3";"3";"3";"[18,35]";"3"
"1811";"2";"4";"3";"3";"3";"3";"2";"3";"3";"3";"3";"3";"3";"3";"3";"(35,50]";"3"
"1813";"2";"2";"1";"2";"2";"2";"3";"2";"3";"2";"1";"2";"2";"1";"2";"(65,96]";"3"
"1814";"2";"2";"2";"3";"2";"2";"3";"3";"3";"1";"1";"3";"3";"3";"1";"(50,65]";"3"
"1815";"2";"3";"2";"3";"2";"2";"3";"3";"3";"1";"2";"1";"1";"2";"1";"(50,65]";"1"
"1816";"1";"2";"1";"3";"2";"1";"1";"4";"3";"2";"2";"3";"1";"2";"2";"(35,50]";"3"
"1817";"2";"3";"2";"3";"2";"3";"2";"2";"3";"2";"1";"3";"3";"2";"2";"(35,50]";"2"
"1818";"2";"2";"1";"3";"2";"2";"1";"2";"3";"3";"1";"2";"2";"3";"2";"(65,96]";"2"
"1819";"2";"2";"2";"3";"2";"2";"1";"2";"2";"1";"2";"2";"1";"3";"1";"(50,65]";"2"
"1820";"2";"3";"2";"3";"3";"3";"2";"2";"3";"2";"2";"2";"1";"2";"2";"(65,96]";"3"
"1821";"4";"4";"2";"4";"2";"3";"3";"2";"3";"2";"3";"3";"3";"3";"2";"(50,65]";"3"
"1822";"2";"2";"2";"2";"2";"3";"2";"2";"3";"3";"3";"3";"3";"3";"3";"(50,65]";"3"
"1823";"3";"3";"3";"3";"3";"3";"2";"3";"3";"3";"2";"3";"2";"3";"3";"[18,35]";"3"
"1824";"3";"4";"2";"3";"2";"3";"3";"3";"3";"3";"2";"2";"1";"3";"3";"(50,65]";"3"
"1826";"1";"3";"2";"4";"4";"4";"3";"3";"3";"3";"2";"3";"2";"3";"2";"(65,96]";"3"
"1827";"2";"3";"3";"3";"3";"3";"4";"3";"3";"3";"3";"3";"3";"3";"3";"(35,50]";"3"
"1828";"2";"3";"3";"3";"3";"2";"2";"2";"3";"3";"2";"3";"2";"3";"3";"[18,35]";"3"
"1829";"2";"1";"1";"3";"3";"3";"1";"2";"2";"1";"3";"3";"2";"2";"2";"(50,65]";"3"
"1830";"3";"2";"2";"3";"2";"2";"3";"3";"2";"2";"3";"3";"2";"3";"2";"(65,96]";"3"
"1831";"3";"3";"3";"3";"3";"3";"3";"3";"3";"3";"2";"3";"3";"2";"3";"(50,65]";"3"
"1832";"2";"2";"4";"4";"3";"4";"1";"4";"4";"3";"3";"3";"3";"3";"3";"(35,50]";"3"
"1833";"2";"2";"2";"4";"2";"3";"4";"3";"3";"1";"1";"2";"1";"3";"1";"(50,65]";"3"
"1834";"3";"3";"3";"3";"3";"3";"3";"3";"3";"2";"2";"2";"2";"1";"2";"(65,96]";"2"
"1835";"1";"1";"1";"2";"3";"1";"1";"4";"1";"3";"3";"3";"1";"3";"3";"(65,96]";"3"
"1836";"3";"2";"2";"3";"3";"2";"2";"3";"2";"3";"1";"2";"3";"2";"3";"(50,65]";"3"
"1837";"1";"2";"1";"2";"2";"2";"2";"2";"2";"2";"1";"1";"2";"3";"2";"(35,50]";"1"
"1838";"3";"3";"2";"3";"2";"4";"3";"2";"4";"3";"2";"3";"3";"3";"3";"(50,65]";"2"
"1839";"3";"2";"2";"3";"2";"2";"2";"2";"3";"3";"3";"2";"3";"3";"3";"(50,65]";"3"
"1840";"3";"2";"2";"3";"2";"3";"2";"3";"3";"3";"3";"2";"2";"3";"3";"(35,50]";"3"
"1841";"2";"2";"2";"3";"1";"2";"2";"2";"3";"2";"2";"3";"2";"3";"2";"(50,65]";"2"
"1842";"2";"2";"2";"4";"2";"2";"3";"2";"3";"1";"2";"1";"1";"2";"2";"(65,96]";"3"
"1844";"1";"2";"1";"2";"2";"2";"2";"2";"2";"2";"2";"2";"2";"3";"2";"(35,50]";"2"
"1845";"2";"3";"3";"3";"2";"3";"3";"2";"3";"2";"1";"3";"3";"3";"3";"[18,35]";"3"
"1847";"2";"3";"3";"3";"2";"2";"3";"4";"2";"2";"3";"3";"2";"3";"1";"[18,35]";"3"
"1848";"3";"3";"2";"3";"2";"3";"2";"2";"3";"3";"3";"3";"3";"2";"2";"(35,50]";"3"
"1849";"2";"3";"2";"2";"2";"3";"3";"3";"3";"3";"3";"2";"2";"3";"2";"(65,96]";"2"
"1850";"2";"3";"2";"3";"2";"3";"1";"1";"1";"3";"3";"3";"2";"1";"3";"(35,50]";"3"
"1851";"3";"2";"3";"3";"3";"3";"3";"2";"3";"1";"1";"1";"1";"1";"1";"(50,65]";"3"
"1852";"2";"3";"2";"2";"2";"3";"2";"2";"3";"3";"1";"3";"2";"3";"2";"(50,65]";"2"
"1853";"2";"3";"1";"2";"1";"2";"2";"3";"3";"1";"1";"2";"1";"1";"2";"[18,35]";"2"
"1854";"4";"4";"3";"4";"4";"4";"3";"3";"4";"3";"3";"2";"3";"3";"3";"(35,50]";"3"
"1855";"2";"3";"3";"4";"2";"3";"3";"1";"4";"3";"2";"3";"3";"3";"3";"[18,35]";"3"
"1856";"2";"2";"2";"3";"2";"3";"2";"2";"3";"2";"2";"2";"3";"3";"2";"(50,65]";"1"
"1857";"2";"3";"2";"3";"2";"3";"2";"3";"3";"1";"1";"2";"2";"2";"2";"(50,65]";"3"
"1858";"3";"2";"3";"3";"2";"3";"1";"3";"3";"2";"3";"3";"3";"3";"3";"(50,65]";"3"
"1859";"2";"2";"2";"3";"2";"2";"1";"1";"2";"3";"2";"3";"2";"3";"2";"[18,35]";"3"
"1860";"2";"2";"3";"4";"3";"3";"2";"3";"4";"3";"2";"3";"3";"3";"3";"(50,65]";"3"
"1861";"3";"2";"1";"4";"3";"2";"2";"3";"3";"3";"3";"2";"1";"1";"3";"(50,65]";"3"
"1862";"1";"2";"3";"3";"2";"3";"3";"2";"3";"2";"2";"3";"3";"2";"2";"(50,65]";"3"
"1863";"2";"2";"1";"3";"2";"2";"2";"2";"2";"3";"1";"3";"3";"1";"3";"(50,65]";"3"
"1864";"3";"3";"4";"4";"3";"4";"2";"3";"2";"3";"2";"3";"3";"3";"2";"[18,35]";"3"
"1865";"3";"3";"3";"3";"3";"3";"3";"3";"4";"3";"3";"3";"3";"3";"3";"(35,50]";"3"
"1866";"2";"2";"2";"3";"2";"3";"3";"2";"4";"2";"2";"3";"2";"3";"3";"(50,65]";"3"
"1867";"1";"1";"1";"2";"2";"2";"2";"2";"3";"1";"1";"1";"1";"1";"1";"(35,50]";"2"
"1869";"2";"2";"2";"3";"3";"2";"2";"2";"3";"1";"2";"2";"3";"2";"1";"(50,65]";"2"
"1870";"1";"3";"2";"2";"2";"3";"1";"2";"1";"3";"3";"3";"3";"3";"2";"(35,50]";"3"
"1871";"4";"4";"4";"4";"4";"3";"4";"3";"4";"3";"3";"2";"3";"3";"1";"(50,65]";"3"
"1872";"1";"1";"4";"4";"2";"4";"1";"3";"3";"1";"1";"3";"1";"3";"1";"[18,35]";"2"
"1873";"2";"3";"3";"4";"3";"2";"2";"3";"2";"1";"1";"1";"2";"1";"1";"(35,50]";"3"
"1875";"2";"2";"2";"3";"3";"1";"2";"1";"3";"2";"1";"2";"1";"2";"3";"(35,50]";"3"
"1876";"3";"2";"2";"3";"2";"3";"2";"2";"3";"3";"3";"3";"2";"3";"3";"(35,50]";"2"
"1877";"2";"1";"2";"2";"2";"3";"2";"3";"3";"3";"2";"3";"2";"3";"2";"(50,65]";"3"
"1878";"3";"3";"3";"4";"3";"3";"3";"4";"3";"3";"2";"2";"1";"3";"2";"(35,50]";"3"
"1879";"3";"3";"2";"3";"2";"3";"1";"4";"4";"2";"1";"1";"1";"2";"1";"(65,96]";"2"
"1880";"3";"2";"2";"4";"2";"3";"2";"2";"3";"3";"3";"2";"2";"2";"2";"(50,65]";"2"
"1881";"2";"1";"3";"2";"3";"2";"3";"2";"3";"1";"1";"1";"1";"1";"1";"(50,65]";"2"
"1882";"2";"2";"2";"3";"1";"3";"3";"2";"3";"3";"3";"3";"3";"3";"3";"(35,50]";"2"
"1883";"1";"2";"2";"2";"2";"3";"3";"2";"3";"3";"2";"2";"3";"3";"3";"(35,50]";"2"
"1884";"3";"2";"3";"3";"2";"3";"2";"2";"4";"3";"3";"3";"3";"3";"3";"(50,65]";"3"
"1885";"2";"2";"2";"2";"2";"3";"2";"2";"2";"2";"2";"3";"2";"2";"2";"[18,35]";"2"
"1887";"3";"3";"3";"3";"4";"3";"3";"3";"3";"3";"3";"3";"3";"3";"2";"(50,65]";"3"
"1888";"3";"2";"2";"3";"2";"2";"2";"2";"2";"1";"1";"1";"1";"2";"1";"(65,96]";"1"
"1890";"2";"2";"3";"3";"2";"2";"2";"2";"3";"3";"2";"3";"2";"3";"2";"(35,50]";"2"
"1891";"3";"3";"4";"3";"2";"3";"4";"3";"4";"3";"3";"3";"3";"3";"3";"(50,65]";"3"
"1892";"2";"1";"1";"2";"2";"1";"1";"2";"2";"1";"1";"1";"2";"1";"1";"(65,96]";"2"
"1893";"2";"3";"2";"2";"3";"3";"2";"2";"3";"3";"3";"3";"3";"3";"3";"(35,50]";"3"
"1894";"3";"2";"2";"3";"3";"3";"2";"2";"3";"3";"3";"3";"2";"3";"2";"(50,65]";"2"
"1895";"3";"4";"4";"4";"4";"4";"3";"3";"3";"3";"3";"3";"3";"3";"3";"(50,65]";"3"
"1896";"3";"3";"3";"4";"3";"4";"3";"3";"3";"2";"2";"3";"3";"2";"3";"(50,65]";"3"
"1897";"1";"1";"1";"1";"1";"1";"1";"1";"1";"1";"2";"3";"1";"3";"2";"[18,35]";"3"
"1898";"2";"3";"2";"3";"3";"3";"2";"2";"3";"1";"3";"3";"3";"3";"3";"(50,65]";"3"
"1899";"1";"2";"2";"2";"2";"1";"3";"2";"4";"3";"2";"2";"2";"2";"3";"[18,35]";"3"
"1900";"1";"1";"2";"2";"2";"2";"2";"2";"3";"1";"1";"1";"1";"1";"1";"(50,65]";"2"
"1902";"2";"3";"3";"3";"3";"3";"1";"1";"3";"3";"3";"3";"2";"3";"3";"[18,35]";"3"
"1903";"2";"1";"2";"1";"1";"2";"1";"1";"1";"3";"1";"3";"3";"1";"1";"(35,50]";"2"
"1904";"3";"3";"3";"3";"3";"3";"2";"3";"3";"3";"1";"1";"1";"1";"2";"(50,65]";"3"
"1905";"3";"3";"3";"4";"3";"4";"2";"2";"4";"3";"3";"3";"1";"2";"2";"[18,35]";"3"
"1906";"2";"2";"2";"2";"3";"2";"2";"2";"2";"2";"2";"3";"1";"2";"3";"(65,96]";"2"
"1907";"3";"4";"3";"4";"3";"3";"2";"3";"3";"3";"3";"3";"3";"3";"3";"(35,50]";"2"
"1908";"2";"2";"2";"4";"2";"2";"1";"2";"2";"3";"2";"3";"1";"3";"2";"(50,65]";"3"
"1910";"2";"2";"1";"3";"2";"2";"2";"2";"3";"2";"1";"2";"2";"1";"1";"(35,50]";"1"
"1911";"1";"1";"1";"1";"1";"1";"1";"1";"1";"2";"1";"2";"2";"3";"2";"(50,65]";"2"
"1912";"2";"3";"2";"4";"2";"2";"1";"2";"3";"3";"2";"2";"2";"3";"3";"(65,96]";"3"
"1913";"2";"2";"2";"2";"3";"3";"3";"4";"3";"2";"1";"2";"2";"2";"2";"(50,65]";"3"
"1917";"3";"2";"2";"3";"2";"3";"2";"2";"3";"1";"1";"1";"1";"1";"1";"(65,96]";"1"
"1918";"2";"3";"3";"3";"2";"3";"3";"4";"4";"3";"2";"3";"3";"2";"3";"(35,50]";"2"
"1919";"2";"2";"4";"3";"3";"3";"2";"2";"3";"3";"2";"3";"2";"3";"3";"[18,35]";"3"
"1920";"2";"2";"2";"3";"1";"2";"1";"1";"2";"1";"1";"3";"3";"3";"2";"(35,50]";"2"
"1922";"3";"3";"2";"3";"2";"4";"3";"3";"3";"3";"3";"3";"3";"3";"3";"[18,35]";"3"
"1923";"1";"3";"1";"1";"1";"1";"3";"4";"3";"1";"1";"1";"3";"2";"3";"(50,65]";"3"
"1924";"3";"3";"3";"3";"2";"2";"3";"2";"3";"3";"3";"3";"3";"3";"3";"(35,50]";"3"
"1925";"2";"2";"3";"2";"2";"2";"2";"3";"3";"3";"1";"2";"2";"2";"1";"[18,35]";"3"
"1926";"2";"2";"2";"3";"3";"3";"2";"3";"3";"1";"2";"3";"1";"1";"1";"(50,65]";"2"
"1927";"3";"2";"2";"4";"3";"3";"1";"3";"3";"2";"3";"2";"3";"3";"3";"(50,65]";"2"
"1929";"1";"1";"1";"3";"2";"3";"2";"2";"3";"1";"1";"2";"2";"3";"2";"(35,50]";"2"
"1930";"2";"2";"2";"3";"3";"3";"2";"3";"3";"3";"2";"3";"2";"2";"3";"(35,50]";"3"
"1931";"1";"2";"1";"2";"2";"2";"2";"2";"3";"2";"1";"3";"2";"1";"2";"(50,65]";"3"
"1932";"3";"4";"4";"4";"2";"4";"2";"2";"4";"3";"3";"3";"3";"3";"3";"(65,96]";"3"
"1933";"4";"4";"3";"4";"3";"3";"4";"4";"4";"3";"3";"3";"3";"3";"3";"(35,50]";"3"
"1935";"2";"2";"3";"3";"3";"2";"2";"2";"2";"3";"3";"3";"3";"3";"2";"(35,50]";"3"
"1936";"3";"2";"2";"4";"3";"3";"3";"2";"4";"3";"3";"3";"2";"3";"3";"(65,96]";"1"
"1937";"3";"4";"4";"4";"2";"3";"2";"3";"3";"3";"3";"3";"3";"3";"3";"[18,35]";"3"
"1938";"4";"3";"3";"2";"3";"3";"3";"3";"3";"2";"1";"3";"3";"2";"2";"(35,50]";"3"
"1939";"2";"4";"4";"4";"2";"4";"4";"4";"3";"3";"3";"2";"3";"3";"2";"(50,65]";"3"
"1941";"2";"2";"2";"3";"2";"2";"2";"2";"3";"1";"1";"1";"1";"1";"1";"(65,96]";"2"
"1942";"3";"3";"2";"3";"4";"4";"3";"3";"3";"3";"3";"2";"3";"3";"3";"(35,50]";"3"
"1944";"2";"3";"2";"3";"2";"3";"2";"2";"4";"3";"2";"2";"2";"3";"3";"(35,50]";"2"
"1945";"2";"2";"2";"3";"3";"2";"2";"3";"2";"2";"2";"3";"2";"3";"2";"(65,96]";"3"
"1946";"2";"2";"2";"2";"1";"3";"3";"2";"3";"3";"2";"3";"2";"2";"3";"(35,50]";"3"
"1947";"2";"2";"3";"3";"3";"3";"2";"2";"3";"2";"2";"2";"3";"3";"3";"[18,35]";"3"
"1948";"3";"3";"2";"3";"2";"3";"3";"3";"3";"3";"3";"3";"3";"3";"2";"[18,35]";"3"
"1950";"3";"3";"2";"4";"3";"3";"2";"2";"3";"3";"3";"3";"3";"3";"3";"(65,96]";"3"
"1951";"2";"2";"2";"3";"2";"2";"3";"3";"3";"2";"3";"3";"2";"2";"1";"(35,50]";"2"
"1952";"1";"2";"1";"2";"1";"2";"2";"2";"3";"3";"3";"3";"1";"3";"1";"(50,65]";"2"
"1953";"2";"3";"3";"2";"1";"3";"2";"2";"3";"3";"2";"3";"2";"2";"3";"(35,50]";"3"
"1955";"1";"3";"1";"1";"2";"3";"2";"1";"3";"2";"3";"3";"3";"3";"2";"[18,35]";"2"
"1956";"2";"2";"2";"3";"2";"2";"3";"3";"2";"1";"1";"1";"1";"2";"1";"(50,65]";"2"
"1958";"2";"2";"2";"2";"2";"2";"3";"2";"3";"2";"2";"2";"2";"2";"2";"(50,65]";"1"
"1959";"2";"2";"2";"2";"3";"3";"2";"3";"3";"2";"2";"3";"2";"3";"3";"(50,65]";"3"
"1960";"2";"2";"2";"3";"2";"2";"2";"3";"3";"3";"2";"3";"3";"3";"3";"(35,50]";"3"
"1961";"2";"2";"1";"3";"1";"2";"3";"2";"3";"2";"1";"1";"1";"2";"1";"(35,50]";"1"
"1962";"3";"3";"2";"3";"3";"3";"1";"4";"3";"1";"1";"1";"2";"1";"1";"(50,65]";"3"
"1963";"2";"1";"3";"3";"3";"3";"1";"3";"3";"2";"1";"2";"2";"3";"2";"(35,50]";"3"
"1964";"2";"2";"2";"2";"3";"2";"2";"3";"3";"2";"2";"2";"2";"2";"2";"(50,65]";"3"
"1966";"2";"3";"3";"3";"3";"2";"3";"3";"3";"3";"1";"2";"3";"3";"1";"(35,50]";"3"
"1967";"2";"2";"3";"2";"3";"3";"2";"3";"3";"2";"3";"3";"2";"3";"2";"[18,35]";"3"
"1968";"2";"3";"3";"3";"3";"3";"3";"2";"4";"3";"2";"3";"2";"3";"3";"[18,35]";"3"
"1969";"2";"1";"3";"3";"2";"2";"1";"3";"2";"2";"3";"3";"2";"3";"2";"(65,96]";"3"
"1970";"2";"2";"2";"3";"2";"3";"2";"2";"3";"3";"3";"3";"1";"3";"3";"(35,50]";"1"
"1971";"2";"3";"2";"3";"2";"3";"2";"3";"2";"2";"2";"1";"2";"3";"1";"(50,65]";"2"
"1972";"2";"3";"2";"3";"3";"3";"2";"2";"2";"3";"3";"3";"3";"3";"3";"(35,50]";"3"
"1973";"2";"3";"2";"4";"3";"4";"2";"3";"4";"2";"3";"3";"3";"3";"2";"(35,50]";"3"
"1974";"2";"3";"3";"3";"2";"3";"2";"3";"3";"2";"2";"3";"3";"3";"2";"(50,65]";"3"
"1975";"2";"2";"2";"2";"2";"2";"3";"3";"2";"2";"2";"3";"2";"3";"2";"(35,50]";"2"
"1976";"2";"2";"2";"2";"2";"2";"2";"2";"3";"2";"2";"3";"3";"3";"2";"(65,96]";"2"
"1978";"2";"2";"3";"3";"3";"1";"2";"3";"3";"3";"3";"3";"3";"3";"2";"[18,35]";"3"
"1979";"2";"2";"2";"3";"2";"2";"3";"2";"3";"1";"2";"2";"2";"1";"1";"(50,65]";"2"
"1981";"1";"1";"1";"1";"1";"1";"3";"2";"1";"3";"3";"3";"3";"3";"3";"(35,50]";"1"
"1982";"3";"2";"2";"3";"2";"2";"3";"2";"3";"1";"1";"1";"1";"1";"1";"(50,65]";"3"
"1983";"3";"3";"1";"4";"2";"3";"3";"2";"2";"2";"1";"3";"3";"1";"3";"[18,35]";"3"
"1985";"3";"2";"3";"3";"2";"3";"1";"3";"3";"2";"3";"3";"2";"2";"3";"(50,65]";"3"
"1986";"1";"3";"1";"2";"1";"3";"2";"2";"3";"3";"3";"3";"2";"3";"2";"(50,65]";"3"
"1989";"3";"3";"3";"4";"3";"2";"3";"3";"4";"3";"3";"3";"3";"2";"3";"(35,50]";"3"
"1990";"2";"3";"3";"2";"4";"2";"1";"2";"4";"1";"3";"2";"1";"2";"1";"[18,35]";"3"
"1992";"3";"3";"4";"3";"4";"3";"4";"3";"3";"1";"1";"1";"1";"3";"1";"(50,65]";"3"
"1993";"3";"4";"4";"4";"1";"4";"2";"2";"3";"3";"3";"3";"3";"3";"3";"(35,50]";"3"
"1994";"2";"3";"2";"3";"3";"2";"2";"3";"3";"3";"2";"3";"3";"3";"2";"(35,50]";"3"
"1995";"2";"3";"2";"3";"1";"3";"3";"2";"3";"2";"3";"3";"1";"3";"1";"(50,65]";"3"
"1996";"2";"2";"2";"3";"3";"3";"2";"3";"2";"3";"3";"3";"2";"3";"3";"(50,65]";"3"
"1997";"2";"2";"2";"3";"2";"2";"2";"3";"2";"2";"2";"3";"1";"3";"2";"[18,35]";"3"
"1999";"3";"2";"3";"4";"2";"3";"3";"3";"4";"3";"3";"3";"3";"3";"3";"(50,65]";"3"
"2000";"1";"1";"2";"3";"3";"2";"1";"3";"3";"2";"2";"3";"3";"3";"3";"(35,50]";"3"
"2001";"2";"1";"2";"3";"2";"2";"2";"3";"1";"3";"3";"3";"3";"3";"3";"[18,35]";"2"
"2002";"3";"2";"2";"3";"2";"3";"2";"3";"3";"3";"3";"3";"3";"3";"3";"(35,50]";"3"
"2003";"3";"3";"4";"3";"4";"3";"3";"3";"3";"3";"3";"3";"3";"3";"3";"[18,35]";"3"
"2005";"3";"2";"2";"3";"3";"3";"3";"3";"2";"2";"3";"2";"3";"3";"2";"[18,35]";"3"
"2006";"1";"1";"3";"3";"1";"4";"4";"3";"3";"1";"1";"2";"1";"3";"1";"(50,65]";"3"
"2008";"2";"1";"3";"2";"3";"2";"2";"2";"2";"1";"2";"2";"2";"1";"2";"(65,96]";"2"
"2009";"2";"2";"1";"3";"2";"2";"2";"2";"2";"2";"2";"2";"2";"1";"1";"(50,65]";"1"
"2010";"3";"3";"2";"3";"2";"3";"3";"2";"3";"3";"3";"3";"3";"3";"3";"(50,65]";"1"
"2011";"1";"1";"1";"2";"1";"1";"1";"1";"2";"3";"3";"3";"3";"3";"3";"(35,50]";"3"
"2013";"2";"1";"2";"3";"1";"2";"2";"3";"3";"2";"1";"3";"2";"1";"2";"(35,50]";"3"
"2014";"2";"3";"3";"2";"2";"3";"2";"2";"3";"3";"3";"3";"2";"2";"2";"(35,50]";"3"
"2015";"2";"2";"3";"3";"2";"3";"2";"3";"3";"3";"3";"3";"1";"3";"3";"(35,50]";"3"
"2016";"2";"4";"3";"3";"3";"3";"2";"3";"2";"3";"2";"3";"3";"3";"3";"(50,65]";"3"
"2017";"1";"1";"1";"2";"2";"2";"2";"2";"2";"2";"2";"3";"2";"3";"2";"(35,50]";"3"
"2018";"2";"2";"2";"3";"3";"3";"2";"2";"2";"3";"3";"2";"2";"3";"2";"(50,65]";"3"
"2019";"2";"4";"3";"4";"4";"4";"4";"4";"4";"3";"3";"3";"3";"3";"3";"(65,96]";"3"
"2020";"1";"1";"1";"2";"3";"2";"3";"3";"3";"1";"2";"3";"1";"1";"1";"(50,65]";"3"
"2021";"2";"3";"3";"4";"3";"3";"3";"3";"4";"2";"3";"3";"3";"3";"3";"(65,96]";"3"
"2022";"3";"4";"4";"3";"3";"3";"4";"4";"3";"3";"2";"3";"3";"3";"3";"[18,35]";"3"
"2024";"1";"1";"1";"1";"3";"3";"1";"1";"3";"1";"1";"2";"1";"1";"1";"(50,65]";"3"
"2025";"2";"1";"2";"3";"2";"1";"1";"2";"2";"2";"2";"3";"2";"3";"1";"[18,35]";"1"
"2026";"4";"4";"2";"2";"2";"4";"2";"3";"3";"3";"3";"3";"3";"3";"3";"(50,65]";"1"
"2027";"3";"2";"3";"4";"3";"3";"1";"3";"3";"2";"1";"1";"1";"2";"2";"(65,96]";"3"
"2028";"2";"3";"3";"2";"3";"3";"2";"3";"3";"2";"3";"3";"3";"2";"2";"(50,65]";"2"
"2029";"3";"3";"3";"2";"2";"3";"1";"4";"4";"3";"2";"2";"3";"3";"2";"[18,35]";"2"
"2030";"2";"3";"2";"3";"2";"3";"3";"3";"3";"3";"1";"3";"2";"2";"2";"(65,96]";"2"
"2031";"2";"2";"2";"2";"2";"2";"2";"2";"2";"3";"3";"3";"3";"3";"2";"(50,65]";"2"
"2032";"3";"3";"3";"3";"3";"3";"3";"3";"3";"3";"3";"3";"3";"3";"3";"(50,65]";"3"
"2033";"3";"3";"3";"3";"3";"3";"3";"3";"3";"1";"1";"1";"1";"1";"1";"(50,65]";"3"
"2034";"2";"3";"4";"3";"1";"3";"1";"3";"3";"1";"1";"3";"3";"3";"1";"[18,35]";"3"
"2035";"3";"2";"2";"1";"1";"1";"1";"1";"3";"3";"1";"1";"1";"2";"1";"(35,50]";"1"
"2036";"2";"3";"2";"3";"3";"3";"2";"2";"2";"3";"2";"3";"3";"3";"2";"[18,35]";"3"
"2037";"2";"3";"4";"3";"3";"3";"2";"4";"3";"3";"3";"3";"2";"3";"2";"(50,65]";"3"
"2038";"3";"3";"2";"3";"2";"3";"2";"2";"3";"2";"3";"2";"2";"2";"3";"(65,96]";"2"
"2039";"2";"1";"2";"3";"2";"3";"2";"2";"3";"2";"2";"2";"2";"2";"2";"(50,65]";"2"
"2040";"2";"2";"3";"3";"3";"3";"2";"2";"3";"3";"1";"3";"3";"3";"1";"(50,65]";"2"
"2041";"2";"2";"2";"2";"2";"2";"2";"2";"2";"2";"2";"2";"3";"3";"2";"[18,35]";"3"
"2043";"4";"4";"2";"4";"3";"4";"3";"3";"3";"3";"3";"3";"3";"3";"3";"(35,50]";"3"
"2044";"2";"3";"2";"3";"2";"3";"1";"2";"3";"3";"1";"3";"2";"3";"1";"(35,50]";"3"
"2045";"3";"4";"4";"4";"3";"4";"3";"3";"3";"3";"2";"3";"3";"3";"3";"(35,50]";"3"
"2046";"2";"2";"2";"2";"2";"2";"2";"3";"3";"1";"2";"3";"2";"1";"1";"(35,50]";"3"
"2047";"2";"3";"2";"3";"2";"2";"2";"3";"2";"3";"1";"3";"1";"3";"3";"(35,50]";"2"
"2048";"3";"3";"3";"3";"3";"3";"3";"3";"3";"2";"1";"2";"2";"3";"2";"(65,96]";"3"
"2049";"2";"2";"2";"3";"2";"3";"2";"2";"2";"3";"3";"3";"3";"3";"3";"(50,65]";"3"
"2051";"3";"3";"2";"4";"2";"2";"2";"2";"2";"3";"2";"2";"3";"3";"3";"(65,96]";"3"
"2052";"3";"3";"3";"3";"3";"3";"3";"3";"3";"2";"2";"2";"2";"2";"2";"(65,96]";"3"
"2053";"2";"1";"2";"3";"2";"2";"2";"3";"2";"2";"2";"2";"2";"2";"2";"(65,96]";"2"
"2054";"2";"3";"4";"3";"2";"2";"3";"3";"2";"2";"1";"3";"3";"3";"3";"[18,35]";"3"
"2055";"3";"2";"4";"3";"3";"3";"2";"3";"3";"3";"3";"3";"2";"3";"2";"(35,50]";"3"
"2056";"2";"2";"2";"2";"2";"2";"2";"2";"2";"2";"1";"3";"2";"2";"2";"(65,96]";"2"
"2057";"4";"3";"2";"3";"3";"3";"3";"3";"3";"3";"3";"3";"3";"3";"3";"(50,65]";"3"
"2058";"3";"3";"2";"3";"3";"3";"3";"2";"3";"3";"1";"3";"1";"3";"3";"(35,50]";"1"
"2060";"2";"2";"2";"3";"2";"1";"2";"1";"2";"2";"2";"3";"2";"3";"2";"[18,35]";"2"
"2061";"1";"2";"1";"2";"2";"2";"2";"1";"3";"3";"3";"3";"3";"3";"2";"(35,50]";"3"
"2062";"1";"1";"1";"2";"1";"2";"1";"2";"4";"2";"3";"3";"3";"3";"2";"(35,50]";"3"
"2064";"1";"3";"1";"1";"1";"1";"1";"1";"3";"3";"3";"3";"3";"3";"1";"(35,50]";"2"
"2066";"2";"2";"2";"2";"2";"3";"2";"2";"1";"1";"2";"1";"1";"1";"1";"(65,96]";"2"
"2069";"2";"2";"2";"3";"1";"2";"2";"2";"3";"3";"3";"3";"3";"3";"2";"(50,65]";"3"
"2070";"4";"2";"1";"2";"2";"1";"2";"2";"4";"2";"2";"2";"3";"3";"2";"(35,50]";"3"
"2071";"2";"1";"2";"4";"2";"2";"2";"2";"3";"2";"2";"3";"2";"3";"2";"(50,65]";"1"
"2072";"3";"3";"4";"4";"4";"3";"2";"3";"3";"2";"2";"3";"2";"1";"1";"[18,35]";"2"
"2073";"3";"2";"2";"2";"2";"2";"3";"2";"3";"3";"2";"3";"3";"2";"3";"(50,65]";"1"
"2074";"3";"2";"2";"3";"3";"2";"2";"3";"2";"2";"2";"2";"2";"3";"2";"(65,96]";"3"
"2075";"2";"2";"3";"3";"3";"3";"2";"3";"3";"1";"2";"3";"1";"1";"2";"[18,35]";"3"
"2078";"2";"2";"3";"3";"2";"3";"2";"2";"2";"2";"2";"3";"3";"3";"3";"[18,35]";"3"
"2079";"3";"3";"2";"3";"2";"3";"3";"3";"3";"2";"2";"3";"2";"3";"1";"(65,96]";"3"
"2080";"2";"2";"1";"3";"2";"2";"3";"2";"2";"2";"1";"2";"2";"3";"2";"(50,65]";"3"
"2081";"2";"2";"2";"3";"2";"3";"3";"2";"4";"3";"3";"3";"2";"3";"2";"[18,35]";"2"
"2082";"2";"4";"3";"4";"3";"4";"3";"2";"4";"3";"2";"3";"3";"3";"2";"[18,35]";"3"
"2084";"2";"3";"3";"3";"2";"2";"2";"2";"3";"3";"2";"3";"3";"3";"3";"(50,65]";"2"
"2085";"2";"1";"3";"2";"3";"2";"3";"3";"2";"1";"2";"2";"3";"1";"1";"[18,35]";"1"
"2086";"2";"2";"1";"2";"3";"2";"3";"3";"3";"3";"3";"3";"2";"3";"2";"(65,96]";"3"
"2089";"3";"2";"3";"3";"2";"3";"2";"2";"3";"3";"3";"3";"3";"3";"3";"(50,65]";"2"
"2090";"2";"2";"3";"3";"2";"2";"2";"3";"2";"1";"1";"2";"2";"3";"1";"(50,65]";"3"
"2091";"2";"2";"2";"2";"3";"2";"3";"3";"2";"1";"1";"1";"1";"1";"1";"(50,65]";"1"
"2093";"2";"2";"1";"2";"2";"2";"2";"2";"2";"2";"2";"2";"1";"2";"1";"(50,65]";"3"
"2094";"3";"4";"2";"4";"4";"4";"2";"3";"2";"2";"2";"2";"3";"3";"1";"(50,65]";"3"
"2095";"2";"1";"2";"2";"3";"2";"1";"2";"3";"2";"3";"3";"3";"2";"2";"(65,96]";"2"
"2096";"3";"3";"3";"3";"3";"3";"1";"3";"3";"3";"3";"2";"3";"3";"3";"(65,96]";"2"
"2097";"3";"3";"2";"4";"2";"3";"3";"4";"4";"3";"3";"3";"3";"3";"3";"(50,65]";"3"
"2099";"3";"2";"3";"3";"3";"4";"3";"3";"4";"3";"3";"3";"3";"3";"2";"(35,50]";"3"
"2100";"4";"2";"2";"3";"3";"3";"3";"3";"3";"1";"3";"3";"1";"3";"3";"(35,50]";"3"
"2103";"2";"2";"2";"2";"2";"2";"3";"2";"2";"3";"1";"1";"2";"3";"2";"(35,50]";"2"
"2104";"2";"2";"2";"3";"2";"2";"2";"3";"4";"3";"2";"3";"3";"3";"3";"(50,65]";"3"
"2105";"3";"2";"3";"1";"1";"2";"2";"3";"3";"2";"2";"3";"3";"3";"2";"(35,50]";"3"
"2106";"1";"2";"3";"2";"1";"3";"1";"3";"3";"1";"1";"3";"2";"2";"1";"[18,35]";"3"
"2107";"2";"3";"2";"2";"2";"3";"2";"1";"3";"2";"3";"2";"1";"2";"2";"(65,96]";"2"
"2108";"2";"2";"2";"2";"2";"1";"1";"1";"2";"2";"1";"2";"3";"2";"1";"(35,50]";"3"
"2109";"3";"3";"3";"4";"1";"3";"4";"3";"4";"3";"3";"3";"3";"3";"3";"(35,50]";"1"
"2110";"3";"3";"2";"3";"2";"3";"3";"2";"3";"3";"2";"3";"3";"3";"2";"(35,50]";"2"
"2111";"2";"2";"2";"3";"3";"2";"2";"3";"2";"2";"2";"2";"2";"2";"2";"(50,65]";"1"
"2114";"1";"1";"1";"1";"2";"2";"1";"1";"2";"2";"1";"1";"1";"1";"2";"(65,96]";"1"
"2115";"3";"2";"3";"2";"1";"2";"3";"2";"2";"2";"1";"3";"2";"3";"1";"(35,50]";"2"
"2116";"1";"3";"2";"3";"2";"2";"3";"2";"3";"3";"2";"3";"2";"3";"3";"[18,35]";"3"
"2117";"3";"2";"2";"3";"2";"2";"3";"3";"2";"3";"2";"3";"2";"3";"3";"[18,35]";"3"
"2120";"2";"2";"3";"4";"4";"3";"3";"3";"4";"3";"3";"2";"3";"3";"3";"(35,50]";"3"
"2122";"2";"1";"1";"2";"2";"3";"2";"2";"3";"2";"2";"3";"3";"2";"2";"(65,96]";"2"
"2123";"2";"2";"2";"3";"2";"3";"3";"2";"3";"3";"3";"2";"1";"3";"2";"(65,96]";"3"
"2124";"2";"2";"2";"3";"2";"3";"2";"3";"3";"2";"1";"3";"2";"3";"2";"(50,65]";"3"
"2125";"2";"1";"2";"1";"3";"2";"1";"2";"3";"2";"2";"2";"2";"3";"2";"(50,65]";"3"
"2126";"2";"3";"3";"3";"1";"2";"2";"4";"2";"2";"2";"3";"2";"3";"2";"[18,35]";"3"
"2127";"2";"2";"2";"3";"3";"2";"2";"3";"2";"3";"2";"3";"2";"3";"2";"(65,96]";"3"
"2128";"3";"3";"3";"3";"4";"3";"3";"3";"4";"3";"3";"3";"3";"3";"3";"(65,96]";"3"
"2129";"2";"1";"3";"2";"2";"2";"2";"2";"3";"3";"3";"3";"2";"3";"1";"[18,35]";"3"
"2130";"2";"2";"3";"2";"2";"3";"3";"3";"3";"3";"3";"3";"2";"1";"2";"[18,35]";"3"
"2133";"1";"1";"2";"3";"2";"2";"2";"2";"3";"3";"2";"3";"2";"2";"2";"(50,65]";"2"
"2134";"2";"2";"2";"1";"2";"2";"2";"2";"3";"2";"2";"2";"2";"2";"1";"(65,96]";"2"
"2135";"4";"4";"4";"4";"4";"4";"4";"4";"4";"3";"3";"3";"3";"3";"3";"(65,96]";"3"
"2138";"3";"3";"4";"4";"3";"2";"2";"4";"4";"1";"3";"2";"2";"1";"2";"[18,35]";"3"
"2139";"2";"2";"3";"3";"2";"2";"1";"1";"2";"3";"1";"1";"3";"3";"3";"[18,35]";"3"
"2140";"3";"3";"2";"3";"3";"3";"3";"2";"3";"3";"3";"3";"3";"3";"3";"(50,65]";"3"
"2141";"2";"2";"1";"3";"4";"2";"3";"3";"2";"2";"1";"3";"2";"3";"2";"(50,65]";"3"
"2142";"2";"2";"3";"2";"2";"2";"2";"3";"2";"3";"1";"3";"2";"1";"2";"[18,35]";"2"
"2143";"2";"3";"2";"3";"2";"3";"2";"2";"3";"3";"3";"2";"2";"3";"3";"(35,50]";"1"
"2144";"2";"4";"3";"4";"2";"2";"4";"4";"4";"1";"1";"1";"2";"2";"1";"(65,96]";"3"
"2145";"3";"4";"4";"4";"4";"1";"2";"4";"4";"3";"3";"3";"1";"3";"3";"(35,50]";"3"
"2146";"2";"2";"2";"2";"3";"2";"2";"2";"2";"2";"3";"1";"2";"3";"3";"(65,96]";"3"
"2147";"4";"4";"3";"4";"4";"4";"4";"4";"3";"3";"2";"3";"3";"3";"3";"(50,65]";"3"
"2148";"2";"3";"3";"2";"2";"3";"2";"3";"3";"2";"2";"2";"2";"2";"2";"(50,65]";"3"
"2149";"2";"2";"2";"2";"2";"2";"2";"1";"2";"3";"2";"3";"3";"2";"3";"(35,50]";"3"
"2151";"2";"4";"2";"2";"2";"2";"2";"2";"2";"2";"2";"2";"2";"2";"2";"(65,96]";"2"
"2152";"3";"3";"3";"3";"3";"2";"2";"3";"3";"3";"3";"3";"2";"2";"2";"(50,65]";"3"
"2153";"1";"3";"3";"3";"2";"1";"1";"1";"3";"1";"2";"2";"3";"3";"1";"(50,65]";"2"
"2154";"2";"2";"4";"3";"3";"3";"1";"2";"2";"2";"3";"3";"3";"3";"2";"[18,35]";"3"
"2155";"2";"3";"2";"3";"2";"3";"2";"3";"2";"3";"2";"3";"3";"3";"3";"[18,35]";"3"
"2156";"3";"2";"2";"4";"2";"3";"2";"2";"3";"2";"3";"3";"3";"2";"3";"(50,65]";"3"
"2158";"2";"2";"2";"2";"2";"2";"2";"1";"3";"2";"2";"3";"2";"2";"2";"(65,96]";"2"
"2160";"2";"3";"2";"3";"3";"3";"2";"1";"3";"3";"1";"3";"2";"3";"2";"(35,50]";"3"
"2161";"3";"1";"3";"3";"1";"3";"1";"2";"4";"2";"3";"3";"3";"3";"3";"(65,96]";"3"
"2162";"1";"3";"3";"3";"3";"1";"4";"2";"1";"3";"3";"3";"1";"3";"3";"(35,50]";"3"
"2163";"3";"2";"2";"3";"3";"2";"2";"2";"2";"1";"1";"1";"1";"1";"1";"(35,50]";"3"
"2164";"1";"1";"3";"2";"1";"2";"1";"2";"1";"2";"3";"3";"2";"2";"2";"[18,35]";"3"
"2165";"2";"2";"3";"3";"4";"3";"3";"2";"4";"3";"3";"2";"2";"3";"2";"(50,65]";"3"
"2166";"3";"3";"3";"3";"2";"3";"2";"3";"3";"1";"1";"3";"2";"2";"1";"(65,96]";"3"
"2167";"2";"2";"2";"2";"2";"2";"2";"2";"3";"1";"1";"2";"2";"1";"1";"[18,35]";"1"
"2168";"2";"3";"3";"3";"3";"2";"2";"2";"2";"2";"2";"2";"2";"2";"3";"(35,50]";"3"
"2169";"2";"3";"3";"2";"2";"2";"1";"4";"3";"3";"3";"3";"2";"3";"3";"[18,35]";"2"
"2171";"3";"2";"3";"4";"4";"3";"3";"2";"3";"2";"3";"3";"3";"3";"3";"(35,50]";"3"
"2173";"1";"2";"1";"2";"2";"2";"2";"3";"2";"3";"2";"3";"2";"1";"3";"[18,35]";"3"
"2174";"2";"2";"3";"3";"3";"2";"4";"3";"2";"2";"2";"3";"3";"3";"3";"[18,35]";"1"
"2176";"2";"2";"2";"3";"3";"3";"2";"3";"3";"3";"3";"2";"2";"3";"3";"(50,65]";"3"
"2178";"4";"4";"4";"4";"4";"4";"4";"4";"4";"3";"3";"3";"3";"3";"3";"[18,35]";"3"
"2179";"4";"2";"2";"3";"3";"3";"2";"2";"3";"2";"1";"3";"1";"2";"1";"[18,35]";"3"
"2180";"1";"1";"1";"1";"1";"1";"1";"1";"2";"3";"3";"3";"3";"3";"3";"(35,50]";"2"
"2182";"2";"3";"2";"3";"3";"2";"3";"3";"3";"1";"3";"3";"2";"2";"2";"(35,50]";"3"
"2183";"3";"4";"2";"3";"2";"3";"2";"4";"3";"3";"2";"3";"2";"3";"2";"(50,65]";"3"
"2184";"2";"3";"2";"3";"1";"3";"1";"2";"3";"3";"2";"2";"3";"3";"2";"(65,96]";"2"
"2185";"2";"2";"2";"3";"2";"3";"1";"2";"3";"1";"1";"3";"1";"1";"1";"(35,50]";"3"
"2187";"2";"3";"1";"2";"2";"3";"2";"2";"2";"2";"2";"3";"2";"3";"2";"(35,50]";"2"
"2188";"2";"2";"2";"3";"3";"3";"2";"3";"3";"3";"3";"3";"3";"3";"3";"(50,65]";"2"
"2189";"1";"1";"1";"3";"2";"2";"2";"2";"3";"3";"3";"3";"3";"2";"2";"[18,35]";"3"
"2190";"2";"2";"2";"2";"2";"3";"1";"2";"3";"2";"2";"2";"2";"2";"2";"(35,50]";"3"
"2191";"2";"2";"2";"4";"2";"3";"2";"3";"2";"2";"2";"3";"2";"3";"2";"[18,35]";"3"
"2192";"3";"3";"2";"3";"3";"3";"2";"2";"4";"3";"1";"3";"1";"3";"1";"(35,50]";"3"
"2193";"2";"1";"2";"2";"3";"2";"2";"3";"3";"2";"3";"3";"1";"3";"2";"(65,96]";"3"
"2196";"3";"3";"3";"4";"3";"3";"3";"4";"4";"3";"3";"3";"3";"3";"3";"(65,96]";"3"
"2197";"3";"3";"4";"3";"3";"3";"2";"1";"3";"3";"2";"3";"2";"3";"3";"[18,35]";"2"
"2199";"3";"3";"3";"2";"3";"3";"3";"3";"4";"3";"3";"2";"2";"3";"2";"[18,35]";"3"
"2200";"1";"2";"2";"3";"2";"2";"2";"2";"2";"2";"2";"1";"1";"2";"1";"(35,50]";"3"
"2202";"2";"2";"2";"3";"2";"3";"3";"3";"3";"3";"2";"3";"3";"2";"2";"(65,96]";"3"
"2203";"1";"2";"1";"2";"2";"2";"2";"1";"2";"2";"1";"3";"2";"3";"1";"[18,35]";"2"
"2204";"2";"1";"2";"2";"2";"3";"2";"1";"4";"2";"3";"3";"3";"3";"2";"[18,35]";"3"
"2205";"2";"2";"3";"3";"3";"3";"3";"2";"4";"2";"3";"3";"1";"2";"2";"(35,50]";"3"
"2206";"3";"3";"4";"4";"3";"3";"3";"4";"4";"3";"2";"3";"3";"2";"2";"[18,35]";"2"
"2207";"3";"3";"3";"3";"2";"3";"2";"3";"3";"1";"2";"3";"3";"3";"1";"(65,96]";"3"
"2208";"1";"3";"2";"3";"3";"3";"3";"3";"3";"1";"1";"1";"1";"3";"1";"(65,96]";"3"
"2210";"3";"2";"2";"3";"2";"3";"3";"2";"3";"3";"3";"3";"3";"3";"3";"(50,65]";"3"
"2211";"2";"3";"2";"2";"2";"3";"2";"2";"3";"3";"3";"3";"2";"3";"2";"[18,35]";"1"
"2212";"2";"2";"2";"3";"4";"3";"3";"4";"2";"2";"2";"3";"2";"3";"2";"(65,96]";"2"
"2213";"2";"1";"2";"3";"1";"2";"1";"2";"3";"1";"2";"2";"1";"1";"3";"(35,50]";"3"
"2215";"2";"3";"4";"4";"3";"2";"1";"3";"3";"3";"1";"2";"3";"3";"1";"[18,35]";"3"
"2217";"2";"3";"4";"3";"2";"2";"3";"2";"2";"3";"3";"3";"3";"3";"3";"[18,35]";"3"
"2218";"4";"3";"3";"3";"3";"3";"3";"3";"3";"3";"3";"3";"3";"3";"3";"(35,50]";"3"
"2219";"4";"3";"3";"3";"4";"3";"2";"3";"2";"3";"3";"3";"2";"3";"3";"[18,35]";"2"
"2222";"2";"3";"2";"2";"2";"2";"1";"2";"2";"3";"2";"2";"3";"3";"2";"(35,50]";"2"
"2223";"2";"2";"2";"2";"2";"2";"2";"2";"2";"2";"2";"3";"3";"2";"3";"(50,65]";"3"
"2224";"4";"4";"4";"4";"4";"4";"3";"4";"4";"3";"3";"3";"3";"3";"3";"[18,35]";"3"
"2225";"1";"2";"1";"4";"1";"2";"2";"1";"2";"1";"3";"1";"1";"2";"1";"(65,96]";"1"
"2226";"3";"3";"2";"3";"2";"3";"2";"2";"3";"3";"3";"3";"3";"3";"1";"(50,65]";"3"
"2228";"2";"2";"2";"2";"2";"2";"2";"2";"2";"1";"1";"1";"1";"1";"1";"[18,35]";"2"
"2230";"3";"3";"2";"3";"4";"3";"2";"3";"4";"3";"3";"2";"2";"3";"2";"(35,50]";"3"
"2231";"2";"2";"2";"3";"2";"3";"1";"2";"3";"3";"3";"3";"3";"3";"2";"[18,35]";"3"
"2233";"2";"2";"2";"3";"3";"2";"3";"2";"3";"2";"1";"3";"1";"3";"1";"[18,35]";"2"
"2234";"2";"2";"4";"3";"2";"3";"2";"3";"2";"3";"1";"3";"3";"3";"3";"(35,50]";"3"
"2238";"2";"4";"3";"4";"2";"4";"2";"3";"2";"3";"2";"3";"3";"3";"3";"(35,50]";"3"
"2239";"2";"2";"1";"3";"2";"3";"2";"2";"3";"2";"2";"2";"2";"3";"2";"[18,35]";"3"
"2240";"1";"1";"2";"4";"2";"2";"2";"2";"3";"2";"1";"3";"2";"3";"1";"[18,35]";"3"
"2241";"3";"2";"3";"1";"4";"3";"1";"3";"2";"2";"2";"3";"3";"3";"3";"[18,35]";"3"
"2243";"2";"2";"2";"2";"2";"2";"2";"3";"2";"3";"3";"3";"3";"3";"3";"(65,96]";"2"
"2244";"2";"2";"3";"2";"2";"3";"3";"2";"2";"3";"1";"3";"3";"3";"3";"(50,65]";"3"
"2245";"2";"3";"2";"3";"2";"2";"2";"2";"3";"2";"1";"3";"2";"1";"1";"[18,35]";"3"
"2246";"2";"2";"2";"4";"2";"2";"2";"3";"4";"2";"2";"2";"1";"2";"2";"(65,96]";"3"
"2247";"2";"2";"2";"2";"2";"2";"2";"3";"2";"2";"2";"2";"2";"3";"1";"(35,50]";"2"
"2248";"2";"2";"3";"4";"3";"3";"2";"2";"3";"3";"3";"3";"2";"3";"2";"(50,65]";"3"
"2249";"3";"2";"2";"3";"3";"3";"4";"2";"3";"3";"2";"3";"2";"2";"3";"(35,50]";"3"
"2251";"2";"2";"2";"2";"2";"3";"3";"3";"3";"3";"3";"3";"3";"3";"3";"(65,96]";"3"
"2252";"2";"2";"2";"2";"2";"2";"2";"2";"3";"2";"3";"3";"2";"3";"3";"(35,50]";"3"
"2253";"2";"2";"2";"2";"3";"3";"2";"3";"3";"2";"2";"2";"2";"1";"2";"(65,96]";"2"
"2255";"2";"3";"3";"2";"2";"3";"3";"3";"3";"3";"2";"3";"3";"3";"3";"(35,50]";"3"
"2256";"2";"2";"2";"2";"2";"2";"2";"2";"3";"2";"2";"2";"2";"2";"2";"(50,65]";"3"
"2258";"2";"3";"2";"3";"2";"3";"4";"2";"4";"3";"1";"3";"3";"3";"3";"[18,35]";"2"
"2259";"1";"1";"1";"3";"3";"1";"1";"3";"3";"2";"3";"3";"2";"3";"2";"[18,35]";"3"
"2260";"3";"4";"2";"4";"2";"2";"2";"2";"3";"3";"3";"3";"3";"3";"3";"(50,65]";"2"
"2261";"1";"1";"3";"3";"2";"3";"1";"3";"3";"2";"3";"3";"3";"3";"3";"(35,50]";"3"
"2262";"3";"2";"2";"2";"2";"3";"2";"2";"3";"2";"2";"3";"3";"3";"3";"[18,35]";"3"
"2263";"2";"1";"3";"3";"1";"3";"3";"2";"1";"3";"2";"2";"2";"2";"1";"[18,35]";"3"
"2264";"3";"1";"2";"2";"2";"3";"2";"2";"4";"2";"3";"3";"2";"3";"3";"(35,50]";"3"
"2265";"4";"3";"3";"3";"3";"3";"3";"3";"3";"3";"3";"3";"2";"3";"3";"[18,35]";"3"
"2266";"3";"2";"2";"2";"2";"2";"3";"3";"3";"2";"2";"2";"2";"1";"3";"[18,35]";"3"
"2267";"1";"1";"2";"1";"1";"1";"1";"1";"2";"3";"1";"3";"2";"2";"2";"(35,50]";"1"
"2268";"3";"2";"1";"4";"2";"2";"1";"2";"3";"1";"2";"2";"2";"1";"1";"(65,96]";"1"
"2270";"3";"3";"4";"4";"4";"3";"4";"4";"3";"3";"2";"3";"3";"3";"2";"[18,35]";"3"
"2271";"3";"3";"4";"2";"2";"2";"4";"3";"3";"2";"2";"3";"2";"3";"2";"[18,35]";"2"
"2272";"3";"3";"4";"3";"1";"3";"4";"3";"4";"3";"3";"3";"3";"3";"2";"[18,35]";"3"
"2273";"1";"1";"4";"4";"2";"3";"2";"2";"2";"2";"3";"3";"2";"3";"2";"(50,65]";"2"
"2274";"3";"4";"4";"3";"4";"3";"3";"4";"4";"3";"3";"3";"3";"3";"2";"(35,50]";"3"
"2275";"3";"1";"3";"3";"2";"1";"1";"2";"2";"2";"2";"1";"2";"3";"2";"[18,35]";"2"
"2276";"2";"2";"2";"3";"3";"3";"3";"2";"2";"2";"2";"2";"2";"3";"2";"(50,65]";"2"
"2278";"3";"3";"2";"3";"2";"2";"4";"2";"3";"1";"1";"3";"2";"3";"2";"[18,35]";"2"
"2279";"3";"4";"2";"4";"2";"4";"3";"3";"4";"3";"3";"3";"2";"3";"3";"(50,65]";"3"
"2280";"3";"3";"3";"4";"3";"3";"3";"3";"3";"3";"3";"3";"3";"3";"3";"(35,50]";"3"
"2282";"4";"4";"4";"4";"4";"4";"3";"4";"4";"3";"3";"3";"3";"3";"3";"(50,65]";"3"
"2283";"2";"2";"3";"3";"3";"1";"3";"3";"2";"3";"2";"2";"3";"3";"2";"(50,65]";"1"
"2284";"2";"2";"2";"3";"2";"2";"3";"2";"2";"1";"1";"1";"1";"2";"2";"(35,50]";"2"
"2285";"2";"3";"3";"3";"2";"2";"2";"3";"3";"3";"3";"3";"2";"3";"1";"(35,50]";"2"
"2286";"2";"2";"2";"3";"3";"2";"2";"3";"2";"2";"3";"3";"2";"2";"2";"(50,65]";"3"
"2287";"2";"3";"2";"3";"1";"2";"2";"2";"3";"3";"3";"3";"2";"1";"1";"(35,50]";"2"
"2288";"3";"2";"3";"3";"3";"3";"3";"3";"3";"1";"1";"1";"2";"2";"2";"(65,96]";"3"
"2289";"2";"3";"2";"3";"2";"3";"2";"2";"3";"3";"2";"1";"1";"3";"2";"(35,50]";"2"
"2291";"2";"1";"2";"4";"3";"3";"4";"3";"3";"3";"3";"3";"3";"2";"3";"[18,35]";"3"
"2292";"2";"1";"3";"3";"2";"3";"2";"3";"3";"2";"3";"2";"3";"3";"3";"(50,65]";"3"
"2293";"2";"3";"4";"2";"2";"2";"3";"3";"4";"1";"1";"1";"1";"1";"1";"(50,65]";"3"
"2294";"2";"3";"3";"2";"2";"3";"2";"3";"4";"3";"2";"1";"1";"3";"1";"(65,96]";"3"
"2295";"2";"2";"2";"3";"2";"3";"2";"2";"2";"3";"3";"3";"3";"3";"3";"(65,96]";"3"
"2296";"2";"3";"2";"4";"4";"4";"1";"2";"4";"3";"1";"3";"3";"3";"1";"(50,65]";"3"
"2298";"2";"2";"1";"3";"3";"2";"1";"3";"3";"3";"2";"3";"1";"3";"2";"(65,96]";"3"
"2299";"2";"4";"4";"3";"2";"4";"2";"3";"2";"3";"3";"3";"3";"3";"3";"[18,35]";"3"
"2301";"2";"2";"2";"2";"2";"2";"2";"2";"2";"3";"3";"3";"2";"3";"3";"(35,50]";"2"
"2302";"1";"2";"1";"3";"2";"2";"3";"2";"2";"3";"2";"2";"2";"2";"3";"[18,35]";"1"
"2303";"2";"2";"2";"2";"2";"2";"2";"3";"3";"3";"2";"3";"2";"1";"1";"[18,35]";"3"
"2304";"1";"1";"1";"3";"3";"1";"1";"2";"2";"1";"1";"1";"1";"1";"2";"(65,96]";"2"
"2306";"2";"2";"2";"2";"2";"2";"3";"2";"2";"1";"1";"2";"2";"1";"1";"(50,65]";"3"
"2307";"3";"2";"2";"3";"2";"2";"1";"2";"3";"1";"2";"2";"2";"3";"1";"(35,50]";"3"
"2308";"2";"1";"3";"2";"2";"2";"1";"2";"3";"3";"3";"3";"3";"2";"2";"(35,50]";"3"
"2309";"2";"1";"1";"3";"1";"1";"4";"1";"2";"2";"1";"1";"2";"1";"2";"(50,65]";"2"
"2310";"2";"3";"2";"3";"3";"3";"3";"4";"3";"3";"2";"3";"3";"2";"2";"(35,50]";"3"
"2311";"1";"1";"1";"1";"3";"1";"1";"1";"1";"1";"1";"1";"1";"1";"1";"(50,65]";"1"
"2313";"2";"2";"2";"3";"2";"2";"2";"2";"3";"1";"1";"2";"2";"1";"1";"(50,65]";"3"
"2314";"3";"2";"2";"3";"3";"3";"3";"3";"3";"3";"3";"3";"2";"3";"3";"(65,96]";"3"
"2315";"1";"2";"3";"3";"2";"2";"2";"3";"3";"3";"3";"3";"3";"3";"2";"(35,50]";"3"
"2317";"2";"2";"3";"2";"3";"2";"4";"3";"4";"2";"3";"3";"3";"3";"2";"(50,65]";"3"
"2318";"2";"2";"3";"2";"2";"2";"2";"3";"3";"2";"2";"3";"2";"3";"2";"(50,65]";"3"
"2319";"3";"3";"3";"4";"4";"3";"2";"4";"3";"2";"1";"2";"2";"2";"2";"(35,50]";"1"
"2320";"2";"2";"2";"3";"1";"2";"2";"2";"3";"3";"3";"3";"3";"3";"3";"(35,50]";"2"
"2321";"3";"3";"4";"2";"3";"2";"3";"3";"3";"3";"2";"3";"3";"3";"2";"[18,35]";"2"
"2322";"2";"2";"2";"3";"2";"2";"3";"3";"3";"2";"1";"2";"1";"3";"1";"(50,65]";"2"
"2323";"3";"2";"3";"3";"2";"2";"3";"2";"3";"1";"2";"3";"3";"3";"2";"[18,35]";"3"
"2324";"2";"2";"3";"4";"3";"3";"3";"3";"3";"1";"3";"3";"3";"3";"1";"(65,96]";"2"
"2325";"3";"3";"3";"4";"3";"3";"2";"3";"3";"2";"3";"3";"3";"2";"3";"(50,65]";"3"
"2326";"3";"3";"3";"4";"4";"1";"2";"2";"3";"3";"3";"3";"3";"3";"3";"(65,96]";"3"
"2327";"3";"3";"2";"3";"2";"3";"2";"3";"3";"3";"3";"2";"2";"3";"3";"(65,96]";"3"
"2329";"3";"3";"4";"4";"3";"3";"3";"3";"4";"2";"3";"3";"2";"3";"2";"(50,65]";"3"
"2330";"2";"3";"2";"3";"3";"2";"2";"3";"3";"3";"3";"2";"3";"3";"2";"(65,96]";"2"
"2331";"3";"4";"2";"3";"2";"2";"3";"2";"3";"2";"3";"3";"2";"3";"2";"(35,50]";"1"
"2333";"1";"3";"3";"1";"1";"1";"1";"1";"3";"3";"1";"2";"2";"2";"1";"[18,35]";"2"
"2334";"1";"3";"3";"2";"2";"3";"2";"3";"2";"1";"1";"2";"2";"3";"1";"[18,35]";"1"
"2335";"2";"2";"2";"3";"2";"2";"2";"2";"2";"2";"2";"2";"2";"3";"2";"(65,96]";"3"
"2336";"2";"2";"1";"3";"1";"1";"2";"3";"3";"2";"2";"2";"2";"1";"2";"(65,96]";"3"
"2337";"2";"2";"2";"3";"2";"2";"3";"2";"3";"2";"2";"2";"2";"3";"2";"(35,50]";"2"
"2338";"2";"3";"2";"3";"2";"3";"3";"2";"3";"2";"3";"3";"1";"3";"3";"(50,65]";"2"
"2339";"3";"2";"2";"3";"3";"2";"2";"2";"2";"2";"2";"3";"2";"2";"2";"(35,50]";"3"
"2340";"2";"2";"3";"3";"3";"2";"2";"3";"3";"2";"3";"2";"2";"3";"2";"[18,35]";"3"
"2341";"2";"3";"2";"3";"2";"3";"3";"3";"3";"3";"3";"3";"2";"3";"2";"(50,65]";"3"
"2342";"1";"2";"1";"1";"1";"2";"1";"1";"1";"2";"2";"3";"2";"1";"2";"(35,50]";"3"
"2344";"2";"2";"2";"3";"2";"2";"2";"2";"3";"3";"2";"3";"2";"3";"3";"(50,65]";"3"
"2345";"2";"2";"2";"2";"2";"2";"2";"3";"2";"3";"3";"3";"3";"2";"3";"[18,35]";"1"
"2346";"2";"2";"2";"2";"2";"2";"2";"2";"3";"3";"3";"3";"3";"3";"3";"(35,50]";"2"
"2347";"2";"4";"3";"2";"2";"3";"2";"2";"4";"3";"3";"3";"3";"3";"3";"(50,65]";"3"
"2349";"2";"2";"3";"2";"3";"3";"3";"2";"3";"3";"3";"3";"3";"3";"3";"(50,65]";"3"
"2350";"2";"1";"2";"3";"3";"2";"2";"2";"2";"1";"2";"2";"2";"2";"2";"(50,65]";"2"
"2351";"2";"2";"2";"3";"3";"2";"2";"3";"2";"2";"3";"3";"3";"3";"2";"(35,50]";"3"
"2352";"3";"3";"3";"4";"3";"4";"2";"3";"4";"3";"3";"3";"3";"3";"3";"(35,50]";"3"
"2353";"2";"2";"3";"3";"3";"3";"3";"2";"3";"3";"3";"3";"2";"3";"3";"[18,35]";"1"
"2354";"3";"1";"1";"3";"1";"3";"1";"1";"3";"2";"2";"3";"3";"3";"3";"(35,50]";"3"
"2355";"2";"3";"2";"3";"3";"2";"2";"4";"2";"3";"2";"3";"2";"2";"2";"(65,96]";"3"
"2358";"3";"3";"3";"3";"3";"3";"2";"2";"4";"3";"2";"2";"2";"2";"1";"[18,35]";"3"
"2359";"2";"2";"2";"4";"4";"3";"2";"4";"4";"2";"2";"2";"2";"2";"2";"(65,96]";"3"
"2362";"2";"2";"1";"3";"2";"3";"2";"2";"2";"1";"1";"1";"1";"1";"1";"(65,96]";"2"
"2363";"1";"2";"2";"3";"2";"2";"2";"2";"2";"3";"2";"3";"2";"3";"2";"(50,65]";"2"
"2364";"3";"3";"2";"3";"2";"2";"3";"2";"3";"1";"1";"2";"2";"3";"1";"(50,65]";"3"
"2365";"2";"2";"2";"3";"3";"3";"2";"2";"3";"3";"2";"3";"2";"3";"2";"(65,96]";"2"
"2366";"2";"2";"2";"3";"2";"2";"2";"2";"2";"2";"2";"2";"2";"2";"1";"(65,96]";"1"
"2367";"3";"3";"4";"3";"3";"4";"4";"3";"3";"3";"2";"3";"2";"2";"3";"(35,50]";"3"
"2368";"3";"3";"3";"3";"4";"3";"3";"3";"3";"3";"3";"3";"1";"3";"3";"(50,65]";"2"
"2369";"2";"1";"3";"1";"1";"1";"2";"1";"3";"1";"3";"1";"1";"1";"3";"[18,35]";"2"
"2370";"3";"3";"3";"3";"3";"3";"3";"3";"3";"3";"2";"3";"3";"3";"3";"(50,65]";"3"
"2371";"2";"2";"2";"1";"3";"3";"4";"4";"4";"2";"3";"2";"3";"3";"3";"(65,96]";"3"
"2372";"3";"3";"4";"4";"4";"3";"4";"3";"4";"3";"3";"3";"3";"3";"3";"(50,65]";"3"
"2373";"3";"2";"3";"3";"1";"3";"2";"3";"3";"3";"2";"2";"2";"3";"2";"(35,50]";"2"
"2374";"2";"3";"2";"3";"2";"3";"2";"2";"3";"3";"3";"3";"3";"3";"3";"(50,65]";"3"
"2376";"2";"3";"4";"3";"2";"3";"2";"3";"3";"3";"2";"3";"3";"3";"3";"[18,35]";"3"
"2377";"2";"2";"2";"2";"1";"2";"1";"2";"3";"3";"1";"3";"3";"3";"2";"[18,35]";"2"
"2379";"1";"2";"2";"1";"2";"2";"1";"1";"2";"1";"1";"1";"2";"2";"1";"[18,35]";"2"
"2380";"1";"1";"1";"3";"2";"2";"1";"1";"2";"3";"2";"2";"2";"3";"2";"(65,96]";"2"
"2381";"2";"2";"4";"3";"3";"3";"3";"2";"3";"3";"3";"3";"2";"2";"2";"(50,65]";"3"
"2382";"2";"3";"3";"3";"2";"1";"1";"3";"2";"2";"1";"2";"2";"3";"1";"[18,35]";"2"
"2383";"1";"1";"1";"1";"1";"1";"1";"1";"2";"3";"1";"3";"3";"3";"3";"(50,65]";"3"
"2384";"1";"1";"1";"3";"1";"1";"2";"1";"2";"1";"1";"1";"1";"2";"1";"(65,96]";"1"
"2385";"2";"3";"3";"3";"3";"2";"3";"2";"2";"3";"2";"3";"3";"2";"3";"(35,50]";"3"
"2386";"2";"2";"3";"3";"3";"2";"2";"2";"3";"1";"1";"3";"1";"1";"3";"(35,50]";"3"
"2387";"3";"4";"4";"4";"2";"2";"2";"4";"4";"3";"3";"3";"3";"3";"3";"(65,96]";"3"
"2388";"3";"3";"3";"3";"3";"3";"3";"3";"3";"2";"3";"2";"2";"3";"2";"(65,96]";"3"
"2389";"3";"2";"2";"3";"3";"2";"2";"1";"2";"2";"2";"1";"2";"2";"2";"(65,96]";"1"
"2390";"2";"2";"2";"2";"1";"1";"1";"2";"1";"3";"2";"3";"2";"3";"2";"[18,35]";"3"
"2392";"1";"1";"1";"1";"1";"1";"1";"1";"1";"1";"1";"2";"1";"1";"1";"(35,50]";"2"
"2393";"2";"4";"1";"4";"3";"2";"2";"3";"2";"3";"1";"3";"1";"3";"1";"(50,65]";"1"
"2394";"2";"2";"2";"2";"2";"2";"2";"2";"2";"1";"1";"2";"2";"1";"1";"(65,96]";"2"
"2395";"2";"2";"2";"3";"2";"3";"3";"3";"3";"2";"1";"3";"3";"3";"2";"(50,65]";"2"
"2396";"2";"2";"2";"3";"2";"2";"2";"3";"2";"3";"3";"3";"3";"3";"3";"(50,65]";"3"
"2397";"3";"3";"2";"2";"2";"3";"2";"3";"3";"1";"1";"3";"1";"3";"2";"(65,96]";"2"
"2398";"3";"4";"3";"3";"4";"4";"3";"3";"4";"3";"3";"3";"3";"3";"3";"(65,96]";"3"
"2399";"2";"2";"4";"3";"3";"2";"2";"2";"3";"1";"2";"2";"2";"2";"2";"(50,65]";"3"
"2400";"2";"2";"1";"3";"2";"2";"2";"2";"3";"2";"2";"3";"2";"3";"2";"(35,50]";"3"
"2402";"3";"1";"2";"2";"1";"3";"1";"1";"3";"2";"1";"2";"1";"1";"2";"[18,35]";"3"
"2403";"3";"4";"3";"3";"3";"3";"3";"4";"4";"3";"2";"3";"2";"2";"3";"(50,65]";"3"
"2404";"2";"2";"2";"3";"3";"3";"2";"3";"2";"3";"3";"3";"3";"3";"3";"(50,65]";"3"
"2405";"3";"3";"3";"3";"2";"3";"3";"3";"3";"2";"1";"1";"1";"2";"2";"(50,65]";"3"
"2406";"2";"1";"2";"2";"2";"1";"3";"3";"2";"2";"3";"3";"1";"3";"3";"(35,50]";"3"
"2407";"3";"4";"3";"4";"4";"3";"2";"4";"4";"3";"3";"3";"3";"3";"3";"(50,65]";"3"
"2408";"1";"2";"3";"3";"1";"2";"2";"2";"3";"2";"2";"3";"1";"1";"3";"[18,35]";"1"
"2409";"2";"1";"1";"1";"1";"2";"2";"1";"3";"1";"1";"1";"1";"1";"1";"(35,50]";"1"
"2410";"2";"2";"2";"2";"2";"3";"3";"2";"2";"3";"1";"3";"3";"3";"2";"[18,35]";"2"
"2411";"3";"3";"2";"3";"2";"3";"2";"2";"4";"3";"3";"3";"3";"3";"3";"(35,50]";"3"
"2413";"2";"2";"2";"2";"1";"2";"3";"2";"3";"1";"1";"1";"1";"1";"1";"[18,35]";"1"
"2414";"2";"2";"3";"3";"3";"3";"3";"3";"3";"1";"1";"1";"1";"1";"1";"(50,65]";"3"
"2416";"2";"2";"2";"4";"2";"2";"3";"2";"3";"2";"3";"2";"2";"3";"2";"(50,65]";"2"
"2417";"2";"1";"2";"3";"3";"2";"2";"2";"3";"1";"1";"3";"2";"3";"2";"(35,50]";"2"
"2418";"2";"2";"2";"3";"3";"3";"2";"3";"3";"2";"3";"3";"3";"3";"2";"(50,65]";"3"
"2419";"2";"2";"2";"3";"3";"3";"1";"4";"3";"2";"3";"3";"2";"3";"2";"[18,35]";"3"
"2420";"3";"3";"2";"3";"2";"2";"2";"2";"1";"2";"1";"1";"1";"2";"1";"[18,35]";"2"
"2421";"1";"1";"2";"2";"1";"2";"1";"1";"1";"2";"1";"2";"1";"2";"2";"[18,35]";"3"
"2422";"2";"3";"3";"3";"2";"4";"2";"3";"4";"3";"3";"3";"3";"3";"3";"(35,50]";"3"
"2424";"3";"2";"2";"3";"2";"3";"3";"3";"3";"1";"1";"3";"1";"3";"2";"(35,50]";"3"
"2425";"2";"3";"2";"3";"3";"2";"2";"3";"2";"1";"1";"2";"2";"1";"1";"(50,65]";"3"
"2428";"3";"2";"4";"3";"3";"3";"2";"2";"2";"2";"2";"2";"1";"2";"1";"[18,35]";"2"
"2430";"3";"3";"4";"4";"3";"3";"2";"3";"4";"2";"3";"3";"3";"3";"3";"[18,35]";"3"
"2431";"3";"2";"2";"4";"4";"3";"3";"4";"4";"3";"3";"3";"3";"3";"3";"(65,96]";"3"
"2434";"3";"4";"4";"4";"4";"2";"4";"4";"4";"3";"3";"3";"3";"3";"3";"(50,65]";"2"
"2435";"3";"1";"3";"4";"4";"3";"1";"4";"3";"1";"2";"2";"2";"2";"2";"(35,50]";"2"
"2438";"3";"3";"4";"3";"3";"3";"2";"3";"3";"3";"2";"3";"3";"3";"2";"(50,65]";"3"
"2439";"1";"2";"2";"4";"4";"2";"1";"1";"1";"1";"1";"1";"3";"3";"1";"[18,35]";"3"
"2440";"2";"2";"3";"3";"2";"2";"2";"3";"3";"3";"2";"3";"3";"3";"3";"[18,35]";"3"
"2441";"1";"3";"1";"3";"1";"3";"1";"1";"1";"2";"1";"1";"1";"3";"1";"(50,65]";"2"
"2442";"3";"4";"3";"4";"3";"3";"3";"3";"4";"2";"3";"3";"2";"2";"2";"(35,50]";"3"
"2443";"3";"4";"4";"2";"3";"4";"4";"3";"3";"3";"3";"3";"3";"3";"3";"(35,50]";"3"
"2444";"3";"3";"1";"3";"2";"3";"3";"1";"3";"3";"3";"3";"2";"2";"1";"[18,35]";"3"
"2445";"3";"4";"4";"4";"3";"3";"4";"4";"4";"1";"3";"3";"3";"3";"3";"[18,35]";"3"
"2446";"2";"2";"1";"4";"1";"2";"2";"3";"2";"3";"2";"3";"2";"3";"2";"(65,96]";"2"
"2447";"2";"2";"2";"3";"2";"2";"2";"2";"2";"1";"2";"1";"2";"1";"2";"(35,50]";"2"
"2448";"2";"2";"2";"2";"2";"2";"2";"2";"2";"3";"3";"3";"3";"3";"3";"(65,96]";"2"
"2449";"2";"3";"2";"3";"3";"2";"2";"3";"2";"3";"3";"3";"2";"3";"2";"(50,65]";"3"
"2450";"2";"1";"2";"4";"3";"2";"3";"3";"3";"3";"3";"3";"3";"3";"3";"(35,50]";"3"
"2451";"1";"3";"3";"3";"1";"2";"3";"2";"3";"3";"2";"2";"2";"3";"2";"(35,50]";"3"
"2452";"2";"2";"2";"4";"2";"2";"2";"3";"2";"3";"3";"3";"3";"3";"3";"(50,65]";"3"
"2453";"3";"3";"2";"3";"2";"3";"2";"3";"4";"1";"1";"1";"1";"1";"1";"(50,65]";"1"
"2454";"1";"1";"2";"2";"1";"2";"1";"1";"2";"1";"3";"3";"1";"3";"1";"(35,50]";"2"
"2455";"1";"2";"1";"2";"2";"2";"1";"2";"2";"1";"1";"2";"2";"2";"1";"(50,65]";"3"
"2457";"2";"2";"2";"4";"2";"3";"2";"2";"3";"2";"1";"3";"2";"3";"2";"(50,65]";"3"
"2458";"1";"2";"1";"2";"2";"1";"2";"3";"3";"2";"2";"2";"2";"1";"2";"(65,96]";"3"
"2459";"2";"2";"2";"3";"2";"2";"3";"3";"2";"1";"1";"3";"3";"3";"1";"[18,35]";"2"
"2460";"2";"4";"4";"3";"3";"3";"2";"4";"3";"3";"3";"3";"3";"3";"2";"[18,35]";"3"
"2461";"2";"3";"2";"3";"2";"2";"3";"2";"3";"1";"1";"2";"1";"1";"1";"(35,50]";"1"
"2462";"2";"2";"2";"3";"2";"2";"2";"2";"3";"2";"2";"3";"2";"3";"2";"(65,96]";"2"
"2463";"2";"2";"2";"2";"2";"3";"3";"3";"3";"3";"3";"3";"3";"3";"2";"(50,65]";"3"
"2464";"3";"2";"3";"3";"3";"3";"3";"3";"3";"1";"2";"2";"2";"2";"2";"(65,96]";"2"
"2466";"2";"2";"2";"2";"3";"2";"3";"3";"2";"3";"3";"3";"3";"3";"3";"(35,50]";"3"
"2469";"3";"3";"4";"3";"3";"3";"1";"1";"3";"1";"1";"1";"1";"1";"1";"(35,50]";"3"
"2471";"2";"2";"3";"3";"4";"3";"2";"3";"3";"3";"3";"3";"3";"3";"2";"(50,65]";"3"
"2472";"2";"3";"2";"3";"3";"2";"2";"2";"2";"3";"1";"3";"2";"3";"3";"[18,35]";"2"
"2473";"4";"3";"3";"3";"3";"3";"2";"3";"2";"1";"1";"3";"1";"1";"2";"[18,35]";"3"
"2474";"2";"2";"2";"3";"3";"2";"2";"2";"3";"2";"3";"2";"3";"3";"1";"(65,96]";"3"
"2475";"2";"2";"3";"3";"2";"3";"2";"2";"2";"3";"3";"3";"1";"1";"1";"[18,35]";"3"
"2478";"2";"3";"2";"4";"2";"3";"4";"3";"3";"3";"3";"3";"3";"3";"3";"(35,50]";"3"
"2479";"2";"2";"2";"3";"3";"3";"3";"1";"3";"3";"3";"3";"3";"3";"3";"(50,65]";"3"
"2480";"2";"2";"2";"3";"2";"2";"2";"2";"2";"2";"1";"2";"2";"2";"2";"(50,65]";"2"
"2481";"2";"2";"2";"2";"2";"2";"1";"2";"2";"2";"2";"2";"2";"3";"3";"[18,35]";"1"
"2482";"3";"2";"2";"4";"2";"2";"1";"3";"2";"1";"2";"3";"3";"3";"3";"(65,96]";"3"
"2483";"3";"1";"2";"3";"1";"3";"1";"3";"3";"1";"2";"3";"3";"3";"2";"(50,65]";"3"
"2484";"2";"2";"2";"3";"2";"2";"2";"2";"2";"2";"2";"3";"2";"3";"1";"[18,35]";"2"
"2485";"2";"2";"2";"3";"2";"2";"3";"2";"2";"1";"1";"3";"1";"1";"1";"(35,50]";"2"
"2488";"2";"2";"2";"3";"3";"3";"3";"2";"3";"1";"3";"2";"2";"3";"3";"(35,50]";"3"
"2489";"2";"1";"2";"2";"2";"1";"2";"2";"2";"2";"2";"2";"2";"3";"1";"[18,35]";"2"
"2490";"2";"1";"1";"3";"3";"2";"2";"2";"2";"2";"2";"3";"2";"3";"2";"(65,96]";"2"
"2491";"3";"3";"3";"3";"2";"2";"2";"3";"3";"3";"3";"3";"3";"3";"3";"(35,50]";"3"
"2493";"4";"4";"4";"4";"4";"3";"3";"3";"4";"2";"3";"3";"2";"2";"2";"(50,65]";"3"
"2494";"3";"2";"1";"2";"3";"2";"2";"3";"4";"2";"3";"3";"3";"3";"3";"(50,65]";"3"
"2495";"2";"2";"2";"3";"2";"3";"2";"2";"3";"3";"3";"3";"3";"3";"3";"(35,50]";"3"
"2496";"2";"3";"3";"4";"3";"3";"3";"3";"3";"2";"2";"3";"2";"3";"2";"(65,96]";"3"
"2497";"1";"2";"2";"3";"2";"2";"2";"1";"3";"2";"3";"3";"3";"2";"1";"[18,35]";"3"
"2498";"3";"2";"1";"4";"3";"3";"2";"3";"3";"3";"3";"3";"3";"3";"3";"(35,50]";"2"
"2499";"2";"1";"1";"3";"2";"3";"2";"2";"2";"2";"1";"3";"3";"2";"2";"(35,50]";"3"
"2500";"3";"3";"2";"3";"3";"2";"3";"3";"2";"3";"1";"3";"1";"3";"1";"(50,65]";"3"
"2501";"2";"2";"2";"2";"2";"2";"1";"2";"3";"2";"1";"1";"1";"1";"1";"(65,96]";"2"
"2502";"3";"3";"2";"4";"3";"2";"2";"3";"2";"3";"3";"3";"3";"3";"3";"(50,65]";"3"
"2503";"2";"2";"1";"2";"2";"2";"1";"1";"2";"2";"2";"3";"3";"3";"2";"(35,50]";"3"
"2504";"2";"3";"2";"3";"2";"3";"2";"3";"3";"3";"1";"2";"2";"3";"2";"(50,65]";"3"
"2505";"3";"4";"1";"2";"2";"3";"2";"2";"3";"3";"2";"3";"2";"3";"3";"[18,35]";"3"
"2506";"2";"2";"2";"2";"2";"3";"2";"2";"3";"3";"2";"2";"3";"3";"2";"(65,96]";"3"
"2507";"2";"2";"3";"2";"2";"2";"2";"2";"3";"1";"1";"1";"1";"1";"1";"(65,96]";"3"
"2509";"3";"3";"3";"3";"3";"3";"2";"3";"4";"2";"3";"2";"2";"3";"3";"(35,50]";"3"
"2510";"3";"4";"4";"4";"3";"4";"3";"4";"4";"3";"3";"3";"3";"3";"3";"(35,50]";"3"
"2511";"3";"3";"4";"4";"3";"3";"3";"4";"4";"2";"3";"3";"2";"3";"3";"[18,35]";"3"
"2512";"2";"2";"2";"3";"1";"2";"2";"2";"2";"2";"1";"2";"2";"1";"2";"(65,96]";"2"
"2513";"2";"2";"1";"3";"1";"2";"2";"2";"2";"3";"2";"3";"3";"3";"2";"(65,96]";"2"
"2514";"2";"3";"4";"3";"4";"3";"1";"1";"3";"3";"2";"3";"3";"3";"3";"[18,35]";"3"
"2515";"3";"3";"2";"3";"3";"3";"2";"3";"3";"1";"1";"2";"1";"3";"1";"(65,96]";"2"
"2516";"3";"3";"3";"3";"2";"3";"1";"3";"2";"3";"3";"3";"3";"3";"2";"[18,35]";"3"
"2517";"3";"4";"4";"4";"3";"3";"3";"3";"4";"2";"2";"2";"2";"2";"2";"(50,65]";"3"
"2518";"2";"1";"1";"3";"1";"2";"2";"2";"2";"2";"2";"2";"1";"3";"2";"(65,96]";"2"
"2519";"3";"2";"3";"4";"4";"4";"4";"3";"4";"2";"3";"3";"3";"3";"3";"(50,65]";"3"
"2520";"2";"2";"3";"2";"2";"3";"2";"3";"3";"1";"1";"1";"1";"2";"1";"[18,35]";"3"
"2521";"3";"3";"2";"3";"2";"3";"2";"3";"3";"3";"3";"3";"3";"3";"2";"(35,50]";"3"
"2522";"3";"3";"2";"4";"1";"3";"2";"3";"4";"2";"3";"3";"1";"1";"2";"(50,65]";"2"
"2523";"1";"2";"1";"3";"2";"2";"2";"2";"2";"2";"1";"1";"2";"2";"1";"(65,96]";"1"
"2524";"3";"4";"2";"4";"4";"3";"2";"3";"3";"3";"3";"3";"2";"3";"3";"(35,50]";"3"
"2525";"2";"3";"2";"4";"3";"2";"2";"3";"3";"2";"1";"3";"3";"2";"2";"(35,50]";"3"
"2526";"2";"2";"4";"3";"3";"3";"2";"4";"3";"3";"2";"3";"2";"3";"3";"(35,50]";"3"
"2527";"2";"3";"2";"3";"2";"3";"3";"2";"3";"3";"1";"3";"3";"3";"2";"(35,50]";"2"
"2528";"2";"2";"2";"4";"2";"2";"2";"2";"3";"3";"3";"3";"3";"3";"3";"(50,65]";"2"
"2529";"1";"2";"1";"3";"2";"2";"2";"1";"3";"3";"2";"3";"2";"2";"2";"(50,65]";"1"
"2530";"2";"1";"1";"3";"1";"3";"3";"2";"3";"2";"2";"2";"2";"3";"2";"(50,65]";"2"
"2531";"3";"3";"2";"3";"2";"3";"2";"3";"3";"3";"3";"3";"3";"3";"2";"(35,50]";"3"
"2532";"4";"3";"4";"4";"3";"2";"3";"3";"4";"3";"1";"3";"3";"2";"3";"(35,50]";"3"
"2534";"2";"2";"2";"2";"1";"1";"1";"2";"2";"2";"2";"2";"2";"2";"2";"(65,96]";"2"
"2536";"2";"3";"3";"3";"2";"3";"2";"3";"3";"2";"1";"3";"1";"2";"1";"(65,96]";"3"
"2537";"3";"2";"3";"4";"2";"3";"2";"2";"3";"3";"1";"3";"3";"3";"2";"(50,65]";"3"
"2538";"2";"3";"1";"4";"3";"2";"2";"1";"3";"1";"1";"1";"1";"1";"1";"(50,65]";"3"
"2539";"2";"1";"2";"1";"1";"3";"1";"1";"3";"2";"2";"3";"3";"3";"2";"(50,65]";"3"
"2540";"1";"2";"3";"4";"3";"2";"3";"3";"4";"3";"3";"3";"3";"3";"3";"(35,50]";"3"
"2541";"2";"4";"1";"3";"3";"3";"1";"2";"1";"3";"3";"3";"2";"3";"2";"(35,50]";"2"
"2542";"2";"2";"2";"3";"2";"2";"1";"2";"3";"1";"1";"3";"3";"3";"1";"(35,50]";"1"
"2543";"4";"3";"4";"3";"3";"4";"3";"4";"3";"3";"3";"3";"3";"3";"3";"(50,65]";"3"
"2544";"2";"3";"2";"3";"2";"2";"3";"3";"2";"1";"2";"2";"2";"3";"2";"(35,50]";"2"
"2545";"2";"2";"4";"2";"3";"2";"1";"2";"2";"1";"1";"1";"2";"1";"2";"(65,96]";"2"
"2546";"2";"3";"3";"2";"2";"2";"2";"2";"3";"2";"3";"2";"3";"3";"3";"[18,35]";"3"
"2547";"2";"2";"3";"3";"3";"3";"2";"3";"2";"3";"3";"3";"3";"3";"2";"(50,65]";"3"
"2548";"3";"2";"2";"3";"2";"3";"3";"3";"3";"3";"3";"3";"3";"3";"3";"(65,96]";"2"
"2549";"2";"2";"2";"3";"2";"2";"2";"2";"3";"2";"3";"2";"1";"2";"2";"(50,65]";"1"
"2550";"2";"2";"3";"4";"3";"1";"3";"3";"3";"2";"2";"3";"2";"2";"2";"(50,65]";"3"
"2551";"2";"1";"3";"2";"2";"2";"2";"2";"3";"1";"2";"2";"2";"2";"2";"(50,65]";"3"
"2552";"2";"2";"2";"2";"2";"2";"2";"2";"2";"1";"3";"3";"3";"3";"1";"(50,65]";"3"
"2553";"2";"2";"3";"2";"2";"2";"2";"3";"2";"1";"1";"1";"1";"1";"1";"(35,50]";"2"
"2556";"1";"1";"1";"2";"2";"1";"1";"1";"3";"2";"2";"3";"2";"3";"2";"(35,50]";"3"
"2557";"2";"2";"2";"3";"2";"2";"2";"2";"2";"3";"2";"3";"3";"2";"3";"(65,96]";"3"
"2558";"2";"3";"2";"3";"3";"2";"3";"2";"3";"3";"2";"3";"2";"2";"3";"(50,65]";"3"
"2559";"2";"2";"2";"3";"2";"2";"2";"2";"2";"2";"3";"3";"2";"3";"2";"(35,50]";"3"
"2560";"2";"4";"4";"4";"2";"3";"4";"4";"3";"3";"1";"2";"2";"2";"2";"(65,96]";"3"
"2561";"2";"4";"3";"3";"3";"3";"4";"2";"4";"3";"3";"3";"2";"2";"2";"(35,50]";"3"
"2562";"2";"2";"3";"2";"1";"4";"2";"2";"4";"3";"2";"3";"2";"3";"3";"(50,65]";"2"
"2563";"2";"2";"4";"1";"4";"2";"3";"1";"1";"1";"1";"1";"1";"1";"1";"(50,65]";"2"
"2564";"2";"2";"2";"3";"2";"2";"2";"2";"3";"3";"3";"3";"2";"3";"3";"(50,65]";"3"
"2565";"2";"2";"2";"2";"2";"3";"2";"2";"3";"2";"1";"3";"2";"3";"2";"(35,50]";"1"
"2566";"3";"3";"3";"3";"3";"3";"4";"3";"4";"3";"3";"3";"2";"3";"3";"(50,65]";"3"
"2567";"4";"4";"4";"4";"4";"4";"3";"3";"3";"3";"3";"3";"3";"3";"3";"(50,65]";"3"
"2568";"2";"4";"2";"2";"3";"2";"2";"4";"2";"3";"3";"3";"3";"3";"3";"(65,96]";"3"
"2569";"2";"2";"3";"3";"2";"3";"2";"2";"3";"3";"3";"3";"2";"2";"2";"(35,50]";"2"
"2570";"3";"1";"3";"3";"3";"3";"3";"3";"3";"3";"3";"3";"1";"3";"1";"[18,35]";"3"
"2571";"2";"3";"2";"3";"1";"3";"2";"2";"3";"3";"1";"3";"3";"2";"2";"(35,50]";"2"
"2572";"3";"3";"3";"3";"3";"3";"3";"3";"3";"2";"3";"3";"3";"3";"2";"(35,50]";"3"
"2573";"3";"3";"4";"3";"3";"1";"2";"2";"4";"2";"3";"2";"3";"3";"3";"[18,35]";"3"
"2574";"3";"3";"2";"2";"3";"3";"2";"3";"3";"3";"3";"3";"2";"1";"1";"(50,65]";"3"
"2575";"2";"2";"3";"3";"2";"2";"2";"3";"3";"2";"2";"3";"2";"2";"3";"(50,65]";"3"
"2576";"1";"1";"2";"2";"2";"3";"2";"3";"3";"3";"2";"3";"3";"3";"1";"(50,65]";"3"
"2577";"3";"3";"2";"2";"2";"3";"2";"2";"2";"3";"3";"3";"3";"3";"3";"[18,35]";"3"
"2578";"1";"2";"2";"3";"2";"2";"2";"2";"2";"1";"1";"1";"1";"1";"1";"(50,65]";"3"
"2579";"2";"2";"3";"3";"2";"3";"1";"3";"2";"3";"3";"3";"3";"3";"2";"(35,50]";"3"
"2580";"2";"2";"2";"4";"3";"3";"2";"2";"2";"2";"2";"3";"3";"3";"2";"(50,65]";"3"
"2581";"3";"3";"2";"3";"3";"4";"4";"3";"3";"3";"1";"3";"1";"3";"2";"(35,50]";"3"
"2582";"4";"4";"2";"4";"4";"4";"1";"3";"4";"3";"3";"2";"3";"3";"3";"(35,50]";"3"
"2583";"3";"3";"3";"4";"2";"3";"4";"3";"4";"2";"3";"3";"2";"3";"2";"(35,50]";"3"
"2584";"2";"2";"2";"2";"2";"2";"2";"2";"2";"2";"2";"3";"2";"3";"2";"(35,50]";"3"
"2585";"1";"2";"1";"2";"2";"1";"4";"1";"2";"1";"1";"2";"1";"1";"1";"(65,96]";"2"
"2586";"2";"1";"2";"2";"1";"2";"2";"1";"3";"1";"1";"1";"1";"1";"1";"(35,50]";"2"
"2587";"3";"4";"2";"4";"4";"3";"1";"2";"3";"3";"3";"2";"2";"3";"3";"(50,65]";"3"
"2588";"2";"2";"3";"4";"2";"3";"2";"2";"3";"1";"1";"1";"1";"1";"1";"(35,50]";"2"
"2589";"2";"2";"3";"3";"3";"3";"3";"3";"4";"1";"1";"1";"1";"1";"1";"(65,96]";"3"
"2590";"3";"3";"3";"3";"3";"3";"3";"2";"3";"1";"1";"1";"1";"1";"1";"(65,96]";"3"
"2592";"2";"2";"2";"3";"2";"2";"2";"2";"2";"1";"1";"1";"2";"1";"1";"(35,50]";"2"
"2593";"3";"3";"4";"4";"4";"4";"3";"3";"3";"3";"2";"3";"3";"3";"2";"(35,50]";"3"
"2594";"2";"2";"2";"2";"2";"2";"3";"2";"2";"2";"2";"3";"2";"3";"2";"(50,65]";"2"
"2595";"2";"2";"2";"2";"2";"2";"2";"2";"2";"1";"1";"1";"1";"1";"1";"[18,35]";"2"
"2596";"3";"3";"3";"3";"3";"3";"2";"3";"4";"2";"2";"3";"3";"3";"2";"(50,65]";"2"
"2597";"2";"3";"2";"2";"2";"3";"3";"2";"3";"3";"3";"3";"3";"3";"1";"(50,65]";"2"
"2598";"2";"2";"2";"2";"2";"2";"2";"2";"2";"2";"2";"2";"2";"2";"2";"(50,65]";"2"
"2599";"1";"3";"3";"3";"3";"3";"1";"3";"3";"2";"3";"3";"3";"3";"1";"[18,35]";"3"
"2600";"2";"2";"4";"3";"2";"2";"3";"4";"3";"3";"3";"3";"3";"3";"3";"(35,50]";"3"
"2602";"2";"2";"2";"3";"2";"2";"3";"2";"3";"3";"3";"3";"3";"3";"3";"(50,65]";"2"
"2603";"4";"4";"4";"4";"4";"4";"4";"3";"4";"3";"3";"3";"2";"3";"3";"(50,65]";"3"
"2604";"4";"2";"2";"1";"2";"2";"3";"3";"3";"2";"1";"2";"2";"3";"3";"(50,65]";"3"
"2605";"3";"2";"3";"4";"3";"4";"3";"3";"4";"3";"2";"3";"3";"3";"3";"(50,65]";"1"
"2606";"2";"2";"2";"4";"2";"2";"2";"3";"2";"2";"2";"3";"2";"3";"3";"(50,65]";"3"
"2607";"3";"3";"4";"3";"3";"2";"2";"2";"3";"1";"3";"3";"1";"3";"3";"(35,50]";"3"
"2608";"2";"2";"2";"2";"1";"2";"2";"1";"3";"2";"1";"2";"1";"2";"3";"(35,50]";"3"
"2609";"2";"3";"1";"4";"3";"3";"2";"3";"2";"2";"2";"2";"3";"3";"2";"[18,35]";"3"
"2610";"2";"2";"2";"3";"2";"2";"2";"2";"3";"2";"2";"3";"3";"3";"2";"(35,50]";"3"
"2611";"3";"3";"3";"3";"2";"4";"3";"4";"4";"3";"3";"3";"3";"3";"3";"(50,65]";"3"
"2612";"3";"3";"3";"4";"3";"3";"1";"3";"3";"3";"2";"3";"3";"3";"2";"(65,96]";"3"
"2613";"2";"2";"2";"2";"2";"2";"2";"2";"2";"1";"1";"1";"1";"1";"1";"(50,65]";"2"
"2614";"3";"3";"3";"3";"3";"3";"2";"3";"3";"2";"2";"3";"2";"2";"1";"(65,96]";"3"
"2616";"1";"3";"3";"4";"3";"2";"3";"3";"3";"2";"3";"3";"3";"3";"3";"(35,50]";"3"
"2617";"2";"2";"4";"2";"3";"3";"2";"2";"3";"1";"1";"3";"3";"3";"1";"[18,35]";"3"
"2618";"2";"2";"2";"2";"2";"2";"2";"1";"2";"2";"2";"2";"2";"2";"2";"(35,50]";"3"
"2619";"2";"2";"1";"3";"1";"1";"3";"2";"3";"3";"1";"1";"1";"3";"1";"(50,65]";"1"
"2620";"2";"2";"2";"2";"2";"2";"1";"3";"2";"2";"2";"3";"2";"3";"1";"[18,35]";"3"
"2621";"3";"3";"4";"3";"3";"3";"2";"2";"2";"1";"1";"3";"3";"2";"3";"[18,35]";"3"
"2622";"3";"2";"3";"3";"3";"3";"4";"3";"4";"3";"1";"3";"2";"3";"2";"(50,65]";"3"
"2623";"1";"1";"1";"3";"1";"1";"1";"1";"1";"1";"1";"1";"1";"1";"1";"(50,65]";"2"
"2624";"2";"2";"3";"2";"3";"4";"2";"3";"3";"1";"2";"2";"1";"2";"2";"(35,50]";"3"
"2625";"2";"2";"2";"3";"2";"2";"2";"2";"2";"3";"3";"3";"3";"3";"3";"(50,65]";"1"
"2626";"1";"1";"1";"2";"2";"1";"1";"2";"1";"1";"1";"1";"3";"1";"1";"(35,50]";"2"
"2627";"3";"3";"1";"3";"2";"2";"1";"2";"2";"3";"2";"3";"3";"1";"3";"(50,65]";"3"
"2628";"2";"3";"3";"3";"2";"2";"2";"3";"2";"3";"3";"3";"3";"3";"3";"(50,65]";"3"
"2629";"3";"2";"2";"3";"3";"2";"2";"3";"3";"2";"2";"3";"2";"2";"3";"(50,65]";"3"
"2630";"3";"2";"2";"3";"2";"1";"3";"3";"2";"2";"2";"3";"3";"3";"2";"(35,50]";"2"
"2631";"1";"1";"1";"3";"3";"1";"1";"1";"2";"2";"2";"2";"2";"3";"2";"(50,65]";"1"
"2633";"2";"2";"2";"3";"2";"2";"2";"2";"1";"1";"1";"3";"1";"2";"1";"(35,50]";"2"
"2635";"3";"1";"3";"3";"2";"2";"2";"3";"2";"2";"1";"2";"1";"1";"2";"[18,35]";"2"
"2636";"3";"1";"2";"4";"2";"3";"3";"4";"3";"1";"1";"2";"2";"1";"1";"[18,35]";"3"
"2637";"2";"2";"1";"4";"2";"2";"2";"2";"4";"3";"3";"3";"3";"3";"3";"(65,96]";"3"
"2638";"3";"3";"2";"3";"2";"3";"2";"2";"3";"3";"3";"2";"3";"3";"3";"(50,65]";"3"
"2639";"4";"2";"3";"2";"2";"2";"3";"2";"4";"1";"3";"3";"2";"3";"3";"(35,50]";"3"
"2642";"2";"3";"2";"3";"3";"2";"1";"3";"3";"3";"3";"3";"3";"3";"3";"(35,50]";"3"
"2643";"3";"4";"3";"3";"1";"3";"1";"1";"4";"3";"3";"3";"2";"1";"3";"[18,35]";"3"
"2645";"2";"3";"3";"3";"1";"2";"2";"2";"2";"3";"2";"3";"3";"3";"2";"[18,35]";"3"
"2646";"2";"1";"1";"2";"1";"3";"1";"2";"2";"3";"3";"3";"3";"3";"3";"(35,50]";"2"
"2647";"3";"3";"3";"4";"3";"4";"3";"3";"4";"3";"3";"2";"3";"3";"3";"(35,50]";"3"
"2648";"2";"2";"2";"3";"2";"3";"3";"3";"3";"2";"1";"1";"1";"2";"1";"(35,50]";"3"
"2653";"2";"2";"2";"3";"2";"2";"3";"3";"2";"3";"2";"3";"3";"2";"3";"(50,65]";"3"
"2655";"2";"2";"3";"2";"2";"3";"2";"3";"3";"3";"2";"1";"2";"3";"1";"(65,96]";"3"
"2657";"3";"3";"3";"4";"2";"2";"2";"3";"2";"2";"2";"3";"3";"2";"2";"[18,35]";"3"
"2658";"2";"2";"2";"3";"2";"2";"2";"3";"3";"2";"2";"3";"3";"3";"2";"(35,50]";"1"
"2659";"1";"1";"3";"4";"2";"2";"3";"4";"4";"2";"1";"1";"3";"1";"2";"(65,96]";"3"
"2660";"2";"1";"1";"3";"2";"1";"1";"2";"3";"1";"1";"1";"2";"1";"1";"(65,96]";"1"
"2661";"2";"3";"3";"3";"1";"3";"2";"2";"3";"2";"2";"3";"2";"3";"3";"[18,35]";"3"
"2663";"1";"2";"2";"2";"1";"2";"2";"2";"2";"3";"2";"3";"2";"3";"2";"[18,35]";"2"
"2664";"3";"3";"2";"3";"2";"3";"4";"3";"4";"3";"3";"3";"3";"3";"1";"(50,65]";"3"
"2665";"2";"3";"3";"4";"3";"3";"2";"3";"4";"3";"2";"2";"2";"2";"2";"(50,65]";"2"
"2666";"2";"2";"3";"3";"3";"3";"3";"4";"3";"1";"1";"2";"2";"2";"2";"(65,96]";"3"
"2667";"3";"3";"3";"3";"3";"3";"1";"2";"3";"3";"3";"2";"3";"2";"2";"(65,96]";"1"
"2668";"2";"3";"3";"3";"3";"2";"1";"2";"2";"3";"2";"3";"2";"3";"2";"[18,35]";"3"
"2669";"1";"1";"1";"2";"1";"2";"1";"2";"3";"2";"2";"3";"2";"2";"1";"(50,65]";"3"
"2670";"1";"3";"1";"2";"2";"2";"2";"2";"3";"2";"1";"2";"1";"1";"1";"(65,96]";"3"
"2671";"3";"3";"2";"3";"2";"3";"3";"3";"3";"3";"3";"2";"3";"3";"3";"(50,65]";"2"
"2672";"1";"2";"2";"3";"2";"2";"1";"3";"3";"2";"2";"2";"3";"3";"1";"[18,35]";"2"
"2673";"2";"1";"2";"3";"1";"2";"1";"2";"2";"1";"1";"1";"1";"1";"1";"[18,35]";"1"
"2674";"2";"3";"2";"2";"2";"3";"3";"3";"3";"3";"3";"3";"2";"1";"3";"(50,65]";"2"
"2675";"3";"3";"2";"3";"3";"2";"3";"3";"4";"3";"3";"3";"3";"3";"2";"(35,50]";"3"
"2677";"3";"3";"2";"3";"3";"3";"4";"2";"3";"3";"2";"2";"2";"2";"2";"(50,65]";"3"
"2679";"4";"3";"2";"4";"4";"3";"4";"3";"3";"3";"3";"3";"2";"3";"3";"(35,50]";"3"
"2680";"2";"2";"1";"2";"1";"2";"2";"1";"2";"2";"3";"2";"2";"1";"2";"(50,65]";"1"
"2681";"4";"4";"4";"4";"4";"4";"4";"4";"4";"3";"3";"3";"3";"3";"3";"(35,50]";"3"
"2682";"2";"2";"3";"3";"3";"2";"2";"2";"3";"3";"3";"3";"3";"2";"2";"(35,50]";"3"
"2683";"1";"3";"1";"1";"1";"3";"2";"1";"3";"3";"2";"1";"2";"2";"1";"[18,35]";"3"
"2685";"2";"4";"3";"3";"2";"3";"3";"4";"3";"2";"3";"3";"2";"3";"2";"(35,50]";"3"
"2686";"2";"2";"2";"3";"3";"2";"2";"2";"2";"3";"3";"3";"2";"3";"3";"(35,50]";"3"
"2687";"2";"2";"2";"3";"3";"3";"2";"2";"3";"3";"2";"3";"2";"3";"2";"(50,65]";"3"
"2688";"2";"2";"2";"2";"2";"2";"1";"2";"2";"1";"2";"2";"1";"2";"1";"[18,35]";"2"
"2689";"2";"2";"2";"3";"2";"2";"2";"2";"3";"2";"2";"3";"2";"3";"2";"(50,65]";"3"
"2690";"4";"3";"4";"3";"2";"3";"2";"3";"3";"3";"2";"3";"2";"3";"3";"[18,35]";"2"
"2691";"4";"3";"2";"4";"4";"3";"3";"4";"3";"3";"2";"2";"3";"3";"3";"(35,50]";"3"
"2692";"3";"4";"2";"4";"3";"4";"3";"4";"3";"3";"1";"1";"3";"3";"3";"[18,35]";"3"
"2693";"3";"4";"3";"4";"4";"2";"4";"2";"2";"3";"3";"3";"2";"2";"3";"[18,35]";"3"
"2694";"3";"2";"1";"4";"3";"3";"4";"4";"3";"3";"3";"3";"3";"3";"3";"(50,65]";"3"
"2695";"2";"1";"3";"2";"2";"2";"3";"2";"3";"2";"1";"2";"3";"3";"1";"(35,50]";"3"
"2696";"2";"1";"3";"2";"1";"3";"1";"3";"3";"3";"3";"3";"2";"2";"2";"(35,50]";"2"
"2697";"2";"2";"2";"3";"2";"3";"3";"2";"3";"3";"3";"3";"3";"3";"3";"(35,50]";"1"
"2698";"2";"2";"3";"2";"3";"3";"2";"3";"2";"3";"1";"3";"3";"2";"2";"(35,50]";"3"
"2699";"1";"2";"1";"4";"2";"3";"1";"2";"1";"2";"2";"1";"2";"3";"2";"(50,65]";"2"
"2700";"2";"2";"2";"2";"2";"2";"2";"3";"2";"2";"1";"2";"2";"3";"2";"(35,50]";"2"
"2701";"3";"3";"3";"4";"3";"3";"3";"3";"3";"3";"3";"3";"3";"3";"3";"(50,65]";"3"
"2702";"2";"2";"2";"3";"2";"3";"3";"2";"3";"3";"3";"3";"3";"3";"2";"(35,50]";"2"
"2704";"3";"3";"3";"3";"2";"2";"2";"2";"3";"3";"2";"2";"3";"3";"2";"[18,35]";"3"
"2705";"2";"3";"2";"3";"1";"2";"3";"2";"3";"3";"2";"3";"1";"3";"3";"(35,50]";"2"
"2706";"2";"2";"2";"2";"2";"2";"2";"3";"2";"3";"2";"2";"3";"3";"2";"(65,96]";"3"
"2707";"2";"1";"2";"3";"2";"2";"2";"2";"3";"3";"1";"3";"2";"2";"1";"(50,65]";"2"
"2710";"3";"2";"3";"4";"3";"2";"2";"2";"3";"3";"2";"3";"2";"3";"2";"[18,35]";"3"
"2711";"2";"2";"2";"3";"2";"2";"2";"2";"3";"1";"1";"1";"1";"2";"1";"(50,65]";"2"
"2712";"2";"3";"2";"2";"2";"2";"3";"3";"2";"3";"1";"1";"2";"1";"3";"[18,35]";"2"
"2713";"2";"3";"2";"3";"2";"2";"2";"1";"2";"3";"3";"3";"2";"3";"2";"(35,50]";"3"
"2716";"4";"4";"4";"4";"4";"4";"4";"4";"4";"3";"3";"3";"3";"3";"3";"(50,65]";"3"
"2717";"2";"2";"2";"3";"3";"3";"3";"2";"3";"2";"3";"3";"2";"3";"2";"(35,50]";"3"
"2718";"2";"3";"3";"4";"3";"3";"2";"4";"3";"2";"2";"3";"3";"3";"3";"[18,35]";"3"
"2720";"2";"3";"3";"3";"3";"3";"1";"1";"4";"1";"1";"2";"1";"1";"2";"[18,35]";"3"
"2721";"2";"2";"3";"4";"4";"2";"4";"4";"3";"1";"1";"3";"2";"3";"3";"(35,50]";"3"
"2722";"2";"3";"3";"3";"3";"1";"2";"3";"1";"3";"3";"3";"3";"3";"3";"[18,35]";"3"
"2723";"3";"3";"3";"3";"2";"4";"3";"3";"4";"3";"3";"3";"3";"3";"3";"(50,65]";"3"
"2724";"2";"3";"2";"3";"2";"3";"2";"3";"3";"3";"3";"3";"3";"3";"3";"(35,50]";"3"
"2725";"1";"1";"1";"3";"1";"3";"1";"1";"2";"2";"2";"2";"2";"3";"2";"[18,35]";"2"
"2726";"2";"2";"2";"2";"3";"2";"2";"2";"3";"2";"2";"3";"2";"3";"2";"(50,65]";"3"
"2727";"1";"2";"2";"2";"2";"3";"1";"3";"3";"2";"2";"2";"1";"2";"1";"(35,50]";"3"
"2728";"2";"2";"2";"1";"1";"2";"2";"3";"2";"2";"3";"3";"3";"2";"2";"(50,65]";"3"
"2729";"2";"2";"3";"4";"4";"2";"2";"2";"3";"2";"2";"3";"2";"2";"2";"(35,50]";"3"
"2730";"2";"3";"1";"1";"2";"2";"1";"2";"2";"2";"3";"3";"2";"1";"1";"[18,35]";"2"
"2731";"4";"3";"2";"3";"3";"2";"2";"3";"2";"1";"1";"2";"1";"2";"3";"(50,65]";"3"
"2732";"2";"2";"3";"3";"2";"3";"3";"3";"3";"1";"1";"2";"2";"2";"1";"(35,50]";"2"
"2735";"2";"2";"3";"3";"2";"3";"2";"3";"3";"2";"2";"3";"2";"3";"1";"(35,50]";"3"
"2737";"2";"3";"2";"3";"2";"2";"2";"2";"3";"3";"3";"3";"3";"3";"3";"(65,96]";"3"
"2738";"2";"2";"2";"3";"2";"3";"3";"2";"4";"3";"3";"3";"3";"3";"2";"(65,96]";"2"
"2740";"3";"3";"4";"4";"2";"4";"4";"3";"3";"3";"3";"3";"2";"2";"3";"[18,35]";"3"
"2741";"3";"4";"3";"1";"3";"1";"3";"1";"1";"3";"3";"3";"3";"3";"3";"(50,65]";"3"
"2743";"3";"2";"4";"3";"3";"3";"4";"2";"3";"1";"2";"2";"2";"3";"2";"(65,96]";"3"
"2744";"3";"3";"2";"3";"2";"3";"3";"2";"3";"3";"3";"3";"1";"3";"3";"(35,50]";"3"
"2745";"1";"1";"1";"1";"1";"1";"1";"1";"2";"1";"1";"1";"1";"1";"1";"(65,96]";"2"
"2746";"2";"2";"2";"2";"2";"2";"2";"2";"3";"2";"1";"3";"3";"2";"2";"(50,65]";"1"
"2747";"2";"1";"2";"2";"4";"2";"4";"4";"1";"2";"2";"2";"3";"3";"3";"(50,65]";"3"
"2748";"2";"2";"1";"2";"2";"2";"1";"3";"2";"1";"1";"1";"1";"1";"1";"(65,96]";"2"
"2749";"4";"2";"2";"3";"2";"3";"2";"2";"3";"1";"2";"3";"3";"3";"2";"[18,35]";"3"
"2750";"2";"2";"2";"2";"2";"2";"3";"2";"2";"2";"2";"3";"3";"2";"2";"(50,65]";"2"
"2751";"2";"2";"2";"3";"2";"3";"3";"2";"3";"1";"3";"2";"3";"3";"3";"(35,50]";"1"
"2753";"2";"3";"3";"4";"2";"3";"3";"1";"3";"3";"2";"2";"2";"3";"2";"(35,50]";"3"
"2754";"1";"2";"1";"1";"1";"1";"2";"2";"1";"2";"1";"2";"1";"1";"2";"[18,35]";"2"
"2757";"3";"3";"2";"3";"4";"2";"3";"3";"2";"3";"2";"3";"2";"3";"3";"[18,35]";"3"
"2758";"2";"2";"2";"2";"2";"2";"4";"3";"3";"2";"1";"2";"2";"3";"2";"(65,96]";"3"
"2759";"2";"2";"2";"3";"2";"2";"2";"2";"2";"2";"2";"2";"2";"2";"2";"(65,96]";"2"
"2760";"2";"2";"2";"3";"2";"2";"2";"2";"3";"2";"3";"1";"2";"1";"1";"(50,65]";"1"
"2761";"2";"3";"2";"3";"2";"3";"3";"4";"3";"2";"1";"1";"3";"2";"3";"(35,50]";"3"
"2762";"2";"2";"3";"2";"2";"2";"2";"2";"2";"2";"1";"2";"2";"3";"1";"(50,65]";"2"
"2763";"2";"2";"1";"3";"2";"1";"1";"1";"2";"2";"2";"2";"2";"2";"2";"(50,65]";"2"
"2764";"2";"2";"1";"3";"2";"2";"2";"2";"3";"2";"2";"1";"1";"3";"3";"(65,96]";"2"
"2765";"3";"3";"2";"4";"2";"3";"2";"4";"3";"3";"3";"3";"3";"2";"3";"(50,65]";"3"
"2766";"3";"3";"4";"3";"3";"4";"4";"3";"4";"3";"3";"3";"2";"3";"2";"(35,50]";"3"
"2767";"2";"2";"2";"3";"3";"2";"3";"3";"2";"3";"3";"3";"2";"3";"2";"(50,65]";"2"
"2768";"3";"3";"3";"3";"2";"3";"2";"3";"4";"3";"3";"3";"3";"3";"3";"(35,50]";"3"
"2769";"2";"2";"2";"3";"2";"3";"3";"2";"3";"3";"3";"3";"2";"3";"3";"(35,50]";"3"
"2770";"3";"2";"3";"2";"2";"2";"3";"3";"3";"3";"3";"3";"3";"2";"3";"(35,50]";"3"
"2771";"3";"2";"3";"3";"2";"2";"2";"3";"2";"3";"3";"3";"3";"3";"3";"(35,50]";"3"
"2772";"3";"2";"4";"3";"2";"3";"1";"2";"4";"2";"1";"3";"2";"2";"2";"(35,50]";"3"
"2773";"1";"1";"2";"4";"2";"2";"2";"2";"3";"1";"1";"1";"1";"1";"1";"(65,96]";"2"
"2774";"2";"1";"2";"3";"2";"2";"2";"1";"2";"2";"1";"2";"1";"2";"2";"(65,96]";"1"
"2775";"3";"2";"2";"3";"3";"2";"3";"4";"3";"1";"3";"2";"1";"3";"3";"(35,50]";"3"
"2776";"3";"2";"3";"3";"2";"3";"3";"3";"3";"2";"2";"2";"2";"3";"2";"(50,65]";"2"
"2777";"2";"2";"2";"2";"2";"2";"2";"2";"2";"1";"2";"2";"1";"3";"2";"(65,96]";"2"
"2778";"1";"1";"2";"3";"1";"2";"2";"3";"2";"3";"3";"3";"2";"2";"3";"(50,65]";"3"
"2779";"1";"1";"1";"2";"3";"1";"1";"3";"2";"1";"1";"1";"1";"1";"1";"(50,65]";"2"
"2780";"3";"4";"3";"3";"2";"1";"3";"4";"1";"3";"1";"2";"2";"2";"2";"(65,96]";"3"
"2781";"3";"3";"3";"2";"2";"3";"3";"4";"3";"3";"3";"3";"2";"3";"3";"(35,50]";"3"
"2782";"2";"2";"3";"3";"2";"3";"1";"2";"4";"2";"2";"3";"2";"1";"2";"(50,65]";"3"
"2783";"2";"1";"2";"3";"2";"2";"2";"2";"4";"2";"2";"2";"2";"3";"2";"(50,65]";"2"
"2785";"2";"2";"3";"3";"1";"2";"2";"1";"2";"1";"1";"3";"1";"3";"3";"(35,50]";"3"
"2786";"2";"2";"2";"2";"2";"2";"2";"2";"3";"2";"2";"3";"2";"3";"1";"(50,65]";"1"
"2788";"3";"3";"3";"4";"3";"3";"3";"3";"3";"2";"2";"2";"2";"2";"2";"(50,65]";"3"
"2789";"2";"3";"2";"3";"2";"2";"2";"1";"3";"3";"1";"2";"2";"3";"2";"[18,35]";"3"
"2790";"4";"4";"3";"3";"3";"4";"3";"4";"3";"3";"2";"3";"3";"3";"3";"(50,65]";"3"
"2791";"3";"2";"2";"3";"2";"3";"2";"2";"4";"2";"2";"2";"2";"3";"2";"(35,50]";"3"
"2792";"2";"2";"2";"2";"3";"2";"2";"1";"2";"2";"2";"2";"3";"3";"1";"[18,35]";"3"
"2793";"2";"2";"2";"3";"3";"2";"2";"2";"2";"1";"2";"3";"2";"3";"2";"(65,96]";"3"
"2794";"2";"2";"1";"2";"2";"2";"2";"2";"3";"2";"1";"2";"2";"2";"2";"(50,65]";"3"
"2795";"3";"4";"4";"3";"1";"4";"3";"4";"3";"3";"3";"3";"2";"2";"3";"[18,35]";"3"
"2796";"3";"3";"3";"4";"2";"3";"3";"3";"4";"3";"3";"3";"3";"3";"3";"(65,96]";"3"
"2798";"1";"1";"2";"2";"1";"1";"3";"2";"2";"2";"1";"1";"1";"2";"1";"[18,35]";"3"
"2799";"2";"2";"3";"2";"1";"2";"2";"2";"3";"3";"3";"3";"3";"3";"3";"(50,65]";"1"
"2800";"3";"3";"3";"3";"3";"3";"3";"4";"4";"3";"3";"3";"3";"3";"2";"(65,96]";"3"
"2802";"2";"3";"2";"2";"3";"2";"3";"3";"3";"3";"2";"3";"2";"2";"3";"[18,35]";"3"
"2803";"2";"2";"2";"4";"2";"2";"2";"2";"2";"2";"1";"2";"3";"3";"2";"(35,50]";"3"
"2804";"2";"3";"2";"3";"2";"3";"3";"2";"4";"3";"3";"3";"1";"3";"3";"[18,35]";"2"
"2805";"4";"4";"4";"4";"4";"4";"4";"4";"4";"3";"3";"3";"3";"3";"3";"(35,50]";"3"
"2806";"3";"3";"3";"3";"3";"3";"3";"3";"3";"1";"1";"3";"2";"3";"2";"[18,35]";"3"
"2807";"3";"2";"2";"4";"3";"3";"2";"3";"3";"3";"2";"3";"2";"3";"3";"(65,96]";"3"
"2810";"3";"2";"3";"2";"3";"3";"2";"3";"3";"2";"2";"2";"2";"3";"2";"(65,96]";"2"
"2811";"2";"2";"3";"3";"2";"3";"3";"2";"3";"1";"1";"1";"1";"1";"3";"(35,50]";"3"
"2812";"3";"3";"4";"3";"3";"3";"2";"3";"3";"2";"3";"3";"1";"3";"2";"[18,35]";"3"
"2814";"4";"4";"4";"4";"4";"4";"4";"4";"4";"3";"3";"3";"3";"3";"3";"(50,65]";"3"
"2816";"2";"2";"3";"3";"3";"2";"3";"3";"3";"2";"2";"3";"3";"3";"2";"(50,65]";"3"
"2817";"2";"2";"1";"3";"2";"2";"2";"2";"2";"3";"2";"3";"2";"2";"2";"(50,65]";"2"
"2818";"1";"1";"1";"3";"1";"2";"2";"1";"3";"2";"1";"3";"2";"3";"2";"(50,65]";"3"
"2819";"3";"3";"3";"4";"3";"3";"3";"2";"2";"3";"3";"3";"2";"3";"2";"(35,50]";"3"
"2820";"2";"2";"3";"2";"3";"1";"3";"3";"2";"3";"1";"3";"1";"3";"1";"[18,35]";"3"
"2821";"2";"1";"2";"3";"3";"2";"2";"3";"3";"3";"1";"2";"3";"3";"1";"(35,50]";"2"
"2822";"3";"3";"4";"4";"2";"3";"1";"3";"4";"3";"3";"3";"2";"3";"3";"[18,35]";"3"
"2823";"2";"1";"2";"1";"2";"1";"1";"1";"4";"3";"3";"3";"3";"3";"1";"(65,96]";"3"
"2825";"3";"2";"2";"3";"2";"3";"1";"3";"2";"3";"1";"2";"1";"2";"3";"[18,35]";"2"
"2827";"2";"4";"2";"4";"2";"2";"1";"2";"2";"3";"2";"3";"3";"2";"2";"(35,50]";"3"
"2828";"2";"2";"2";"2";"3";"2";"2";"3";"3";"3";"3";"2";"2";"2";"2";"(50,65]";"3"
"2829";"2";"2";"2";"3";"3";"2";"2";"2";"2";"2";"2";"2";"1";"1";"1";"(50,65]";"2"
"2830";"2";"2";"2";"3";"3";"2";"2";"2";"3";"2";"1";"1";"1";"2";"1";"(65,96]";"2"
"2831";"1";"1";"1";"3";"1";"3";"3";"2";"3";"3";"2";"2";"2";"3";"3";"[18,35]";"1"
"2832";"2";"2";"2";"3";"2";"2";"2";"3";"3";"2";"3";"2";"2";"3";"2";"(35,50]";"3"
"2833";"3";"2";"3";"3";"2";"2";"3";"3";"3";"1";"1";"3";"2";"3";"3";"(50,65]";"3"
"2834";"2";"2";"1";"3";"3";"2";"2";"2";"2";"2";"1";"2";"1";"2";"1";"(65,96]";"2"
"2835";"2";"3";"3";"2";"3";"3";"2";"2";"4";"2";"1";"3";"2";"3";"2";"(35,50]";"1"
"2836";"2";"2";"2";"3";"2";"2";"3";"3";"3";"1";"1";"1";"1";"2";"1";"(65,96]";"1"
"2837";"2";"2";"2";"3";"3";"3";"3";"2";"2";"2";"1";"2";"2";"3";"2";"[18,35]";"2"
"2838";"1";"1";"3";"2";"3";"3";"1";"2";"3";"1";"1";"3";"1";"3";"1";"[18,35]";"3"
"2839";"2";"2";"2";"3";"2";"3";"2";"3";"3";"3";"2";"2";"2";"3";"3";"(35,50]";"3"
"2840";"3";"1";"1";"4";"4";"4";"1";"1";"3";"2";"3";"1";"3";"3";"3";"(35,50]";"3"
"2841";"2";"2";"2";"2";"3";"3";"2";"3";"3";"1";"1";"1";"1";"1";"1";"(65,96]";"2"
"2842";"3";"3";"2";"3";"3";"3";"2";"2";"3";"3";"2";"3";"3";"3";"3";"(50,65]";"3"
"2843";"2";"2";"2";"2";"1";"1";"1";"2";"1";"2";"2";"2";"3";"2";"2";"[18,35]";"2"
"2844";"2";"3";"3";"3";"2";"2";"2";"3";"3";"3";"2";"3";"3";"3";"2";"(35,50]";"3"
"2845";"2";"3";"3";"3";"2";"2";"2";"2";"3";"2";"1";"3";"3";"3";"2";"(35,50]";"3"
"2848";"2";"1";"1";"2";"1";"1";"1";"1";"1";"3";"2";"3";"2";"3";"2";"(35,50]";"3"
"2850";"2";"2";"2";"2";"3";"3";"1";"3";"3";"3";"2";"2";"3";"2";"3";"(50,65]";"3"
"2851";"2";"3";"3";"3";"3";"2";"3";"2";"3";"2";"3";"3";"3";"2";"1";"[18,35]";"3"
"2853";"1";"2";"1";"2";"3";"1";"1";"3";"2";"2";"2";"2";"3";"1";"2";"(50,65]";"2"
"2854";"2";"2";"3";"2";"3";"2";"2";"2";"3";"3";"2";"2";"3";"3";"3";"(65,96]";"3"
"2855";"2";"1";"2";"2";"2";"2";"2";"2";"3";"1";"1";"1";"1";"1";"1";"(50,65]";"2"
"2856";"2";"2";"2";"2";"2";"3";"3";"2";"3";"3";"2";"2";"1";"2";"2";"[18,35]";"3"
"2857";"2";"3";"3";"3";"2";"3";"3";"3";"3";"3";"3";"3";"3";"3";"3";"[18,35]";"3"
"2858";"2";"2";"3";"3";"3";"2";"1";"3";"3";"2";"3";"3";"3";"3";"3";"(35,50]";"3"
"2859";"2";"1";"1";"4";"1";"3";"3";"1";"3";"2";"1";"1";"1";"1";"2";"(65,96]";"2"
"2860";"3";"3";"2";"3";"3";"3";"4";"3";"2";"3";"3";"3";"3";"3";"3";"(50,65]";"3"
"2862";"2";"2";"1";"3";"2";"3";"2";"2";"3";"3";"2";"2";"2";"3";"2";"(35,50]";"2"
"2863";"2";"2";"2";"4";"2";"3";"3";"1";"3";"3";"2";"3";"3";"1";"3";"(35,50]";"3"
"2864";"3";"3";"3";"3";"3";"3";"3";"3";"3";"2";"2";"3";"3";"2";"2";"[18,35]";"3"
"2865";"2";"1";"3";"3";"1";"2";"1";"1";"1";"2";"3";"2";"3";"3";"3";"(50,65]";"2"
"2866";"2";"2";"3";"2";"2";"3";"2";"3";"3";"2";"3";"3";"2";"2";"1";"(35,50]";"2"
"2869";"2";"2";"1";"3";"1";"1";"2";"2";"2";"3";"2";"3";"2";"3";"3";"(35,50]";"2"
"2870";"4";"3";"2";"4";"4";"2";"3";"3";"2";"3";"2";"3";"3";"3";"3";"(35,50]";"3"
"2871";"3";"3";"2";"2";"2";"3";"2";"4";"3";"3";"3";"3";"3";"3";"2";"[18,35]";"3"
"2872";"3";"3";"2";"3";"1";"3";"2";"3";"3";"1";"2";"1";"3";"2";"1";"(65,96]";"3"
"2873";"3";"3";"3";"3";"3";"3";"2";"3";"3";"3";"3";"3";"3";"3";"3";"(50,65]";"2"
"2874";"2";"3";"3";"4";"2";"3";"2";"3";"3";"2";"2";"3";"2";"3";"3";"(50,65]";"3"
"2875";"2";"2";"2";"3";"3";"2";"2";"3";"2";"2";"1";"2";"2";"2";"1";"(65,96]";"3"
"2876";"2";"3";"2";"4";"1";"1";"2";"3";"3";"3";"2";"3";"3";"2";"2";"(50,65]";"3"
"2877";"2";"2";"2";"3";"2";"3";"2";"2";"3";"3";"3";"3";"3";"3";"3";"(35,50]";"3"
"2881";"2";"2";"1";"2";"1";"1";"2";"1";"2";"3";"3";"3";"2";"3";"2";"(35,50]";"3"
"2882";"2";"3";"3";"3";"2";"2";"2";"3";"2";"3";"3";"3";"3";"3";"1";"[18,35]";"3"
"2883";"2";"3";"3";"2";"3";"3";"3";"3";"2";"3";"2";"3";"2";"3";"3";"(35,50]";"3"
"2884";"3";"4";"2";"4";"4";"4";"1";"4";"4";"3";"3";"3";"3";"3";"3";"(35,50]";"3"
"2885";"2";"2";"1";"2";"2";"2";"2";"2";"2";"2";"1";"2";"2";"2";"2";"(50,65]";"3"
"2886";"3";"3";"2";"2";"2";"3";"2";"3";"3";"3";"3";"3";"3";"3";"3";"(50,65]";"3"
"2887";"2";"2";"2";"3";"2";"3";"3";"2";"3";"1";"1";"1";"1";"1";"1";"(50,65]";"3"
"2888";"2";"2";"4";"4";"3";"1";"2";"2";"3";"3";"1";"3";"2";"1";"2";"[18,35]";"3"
"2889";"1";"2";"4";"4";"2";"2";"1";"2";"2";"3";"2";"3";"2";"3";"3";"[18,35]";"2"
"2890";"3";"4";"2";"2";"3";"2";"2";"3";"2";"3";"2";"2";"2";"2";"2";"(50,65]";"2"
"2891";"2";"2";"2";"2";"2";"2";"2";"3";"3";"2";"3";"3";"3";"3";"2";"(50,65]";"3"
"2892";"3";"2";"2";"3";"2";"3";"4";"4";"3";"3";"2";"3";"2";"3";"3";"(50,65]";"1"
"2893";"3";"3";"2";"3";"3";"3";"2";"2";"3";"2";"1";"2";"1";"1";"1";"(35,50]";"3"
"2894";"2";"4";"4";"2";"2";"3";"3";"3";"3";"1";"1";"3";"3";"2";"1";"[18,35]";"3"
"2895";"3";"2";"2";"3";"2";"3";"2";"1";"3";"3";"2";"3";"3";"3";"3";"(50,65]";"1"
"2896";"3";"3";"2";"3";"2";"3";"2";"2";"3";"3";"3";"3";"3";"1";"3";"(35,50]";"3"
"2897";"2";"3";"2";"3";"2";"3";"2";"2";"3";"3";"3";"3";"3";"3";"3";"[18,35]";"2"
"2898";"3";"2";"2";"3";"3";"3";"2";"2";"3";"2";"3";"2";"2";"3";"3";"(35,50]";"2"
"2899";"1";"2";"3";"3";"3";"3";"3";"4";"3";"3";"3";"3";"3";"3";"3";"(35,50]";"3"
"2900";"3";"3";"2";"3";"2";"2";"3";"3";"2";"2";"3";"3";"1";"2";"2";"(35,50]";"3"
"2901";"3";"3";"4";"4";"4";"4";"3";"3";"4";"2";"3";"3";"3";"3";"1";"[18,35]";"3"
"2903";"1";"1";"3";"2";"2";"3";"1";"3";"4";"2";"3";"2";"1";"3";"1";"[18,35]";"3"
"2904";"2";"2";"3";"2";"2";"2";"3";"2";"1";"3";"2";"3";"2";"3";"2";"(35,50]";"3"
"2905";"2";"2";"2";"3";"1";"2";"2";"3";"3";"3";"3";"3";"2";"3";"3";"(35,50]";"1"
"2906";"1";"1";"1";"3";"3";"1";"1";"4";"1";"2";"2";"3";"2";"2";"2";"(50,65]";"3"
"2907";"2";"1";"2";"3";"1";"2";"2";"1";"2";"2";"3";"2";"2";"3";"2";"(35,50]";"3"
"2908";"2";"3";"3";"4";"3";"3";"4";"2";"3";"1";"1";"2";"2";"3";"2";"(65,96]";"3"
"2909";"4";"3";"4";"4";"4";"3";"3";"4";"4";"3";"3";"3";"3";"3";"3";"(50,65]";"3"
"2910";"1";"1";"1";"2";"2";"3";"3";"1";"3";"1";"2";"2";"2";"3";"1";"(35,50]";"2"
"2911";"2";"2";"1";"3";"2";"2";"1";"3";"2";"3";"3";"3";"1";"3";"3";"(50,65]";"1"
"2912";"1";"1";"2";"3";"2";"1";"1";"1";"3";"3";"3";"3";"3";"3";"3";"[18,35]";"1"
"2913";"3";"3";"3";"4";"4";"3";"3";"3";"3";"3";"3";"3";"3";"3";"3";"[18,35]";"3"
"2916";"2";"4";"3";"3";"3";"3";"2";"3";"3";"3";"3";"3";"3";"3";"2";"(35,50]";"2"
"2917";"2";"2";"3";"2";"3";"3";"2";"3";"3";"2";"3";"3";"3";"3";"1";"(35,50]";"3"
"2918";"2";"2";"3";"2";"3";"2";"2";"2";"2";"1";"3";"3";"2";"3";"3";"(35,50]";"2"
"2919";"3";"3";"3";"4";"4";"3";"4";"3";"3";"3";"3";"3";"3";"2";"3";"(50,65]";"3"
"2921";"2";"2";"2";"2";"2";"2";"2";"2";"3";"3";"2";"3";"3";"3";"2";"(50,65]";"3"
"2922";"3";"2";"3";"3";"3";"3";"4";"3";"4";"3";"3";"3";"3";"3";"3";"(35,50]";"2"
"2923";"3";"3";"3";"3";"3";"3";"3";"2";"3";"3";"3";"3";"3";"3";"3";"(50,65]";"3"
"2924";"2";"2";"3";"2";"3";"3";"2";"3";"3";"3";"3";"3";"3";"3";"3";"(35,50]";"3"
"2925";"3";"3";"4";"4";"3";"3";"3";"2";"3";"2";"2";"3";"2";"3";"3";"(50,65]";"3"
"2926";"2";"2";"2";"2";"3";"2";"2";"3";"3";"3";"3";"3";"3";"3";"2";"(50,65]";"3"
"2927";"3";"4";"2";"4";"2";"2";"3";"3";"2";"2";"1";"3";"3";"3";"3";"(50,65]";"3"
"2928";"2";"2";"2";"3";"2";"2";"3";"2";"2";"1";"1";"1";"1";"1";"1";"(65,96]";"2"
"2929";"2";"4";"3";"3";"2";"3";"2";"3";"3";"3";"2";"2";"3";"3";"2";"(65,96]";"3"
"2930";"2";"2";"3";"3";"3";"2";"1";"2";"3";"2";"3";"3";"3";"3";"1";"(65,96]";"3"
"2931";"3";"3";"3";"4";"3";"3";"4";"3";"3";"3";"2";"2";"3";"3";"3";"(35,50]";"3"
"2932";"1";"3";"3";"2";"2";"2";"3";"3";"2";"2";"2";"3";"1";"3";"3";"[18,35]";"3"
"2933";"2";"2";"2";"2";"3";"2";"2";"2";"3";"1";"2";"2";"1";"1";"2";"[18,35]";"2"
"2934";"3";"3";"3";"3";"4";"3";"4";"4";"3";"3";"1";"3";"3";"1";"1";"(50,65]";"3"
"2935";"3";"3";"1";"4";"3";"1";"1";"3";"2";"3";"2";"2";"3";"3";"2";"(35,50]";"3"
"2936";"3";"3";"4";"4";"2";"3";"2";"2";"4";"3";"3";"3";"1";"3";"3";"[18,35]";"3"
"2937";"3";"3";"2";"2";"2";"2";"2";"2";"3";"3";"3";"2";"2";"3";"3";"(50,65]";"3"
"2938";"3";"3";"3";"4";"3";"3";"2";"2";"3";"3";"2";"2";"2";"3";"3";"(50,65]";"2"
"2939";"2";"2";"2";"3";"3";"2";"2";"2";"3";"3";"3";"3";"2";"3";"2";"(50,65]";"3"
"2940";"2";"2";"3";"2";"4";"3";"2";"2";"3";"2";"2";"3";"2";"2";"2";"(50,65]";"3"
"2942";"2";"3";"2";"2";"1";"2";"2";"3";"3";"3";"1";"3";"3";"3";"3";"(35,50]";"3"
"2943";"3";"2";"3";"3";"3";"2";"2";"2";"2";"3";"3";"3";"3";"3";"3";"(35,50]";"3"
"2944";"2";"2";"2";"2";"2";"3";"2";"2";"3";"2";"2";"3";"2";"2";"3";"(65,96]";"3"
"2945";"2";"1";"1";"3";"1";"2";"2";"1";"3";"2";"1";"3";"3";"2";"2";"(35,50]";"3"
"2946";"2";"3";"2";"3";"2";"2";"2";"3";"3";"3";"2";"3";"3";"3";"2";"[18,35]";"2"
"2947";"1";"1";"1";"2";"2";"2";"3";"2";"1";"2";"2";"2";"1";"3";"2";"(50,65]";"1"
"2950";"3";"3";"3";"3";"3";"4";"4";"4";"4";"3";"3";"1";"1";"3";"1";"(50,65]";"3"
"2951";"3";"3";"3";"4";"4";"4";"3";"3";"3";"3";"3";"3";"3";"3";"3";"(50,65]";"3"
"2953";"2";"2";"2";"2";"2";"2";"2";"2";"3";"3";"3";"3";"3";"3";"2";"(35,50]";"3"
"2954";"3";"3";"3";"3";"3";"3";"3";"3";"3";"3";"3";"3";"3";"3";"3";"(35,50]";"3"
"2955";"2";"2";"2";"3";"2";"2";"2";"2";"3";"1";"1";"2";"1";"1";"2";"(65,96]";"2"
"2956";"1";"2";"3";"2";"3";"2";"1";"1";"3";"2";"1";"3";"2";"1";"3";"[18,35]";"3"
"2958";"2";"2";"2";"3";"3";"3";"2";"3";"3";"2";"2";"2";"2";"3";"1";"(65,96]";"2"
"2959";"3";"2";"3";"4";"3";"4";"2";"2";"3";"3";"2";"3";"3";"3";"2";"(35,50]";"3"
"2961";"3";"3";"3";"3";"4";"2";"2";"2";"3";"3";"1";"3";"3";"2";"1";"[18,35]";"3"
"2962";"2";"3";"3";"3";"3";"3";"3";"4";"3";"3";"3";"3";"2";"3";"2";"(65,96]";"3"
"2963";"2";"3";"2";"3";"3";"2";"2";"2";"2";"3";"2";"2";"3";"3";"3";"(35,50]";"3"
"2964";"3";"2";"2";"3";"2";"3";"3";"2";"3";"2";"1";"2";"2";"3";"3";"(35,50]";"3"
"2965";"4";"2";"2";"3";"3";"3";"2";"3";"2";"3";"1";"3";"3";"3";"3";"(35,50]";"3"
"2967";"2";"2";"2";"3";"3";"2";"2";"3";"2";"3";"3";"2";"2";"2";"2";"(50,65]";"3"
"2968";"3";"2";"3";"2";"2";"2";"2";"3";"2";"1";"1";"1";"1";"3";"1";"(50,65]";"2"
"2969";"3";"2";"2";"4";"3";"2";"2";"3";"3";"3";"3";"3";"3";"3";"3";"[18,35]";"3"
"2970";"4";"2";"3";"3";"2";"3";"2";"3";"3";"3";"3";"3";"2";"3";"2";"(65,96]";"3"
"2972";"2";"2";"2";"3";"2";"4";"2";"4";"4";"1";"1";"2";"1";"2";"1";"(50,65]";"1"
"2973";"2";"3";"2";"3";"3";"3";"3";"2";"3";"3";"3";"3";"3";"3";"3";"(50,65]";"3"
"2974";"1";"2";"3";"3";"2";"3";"1";"2";"3";"1";"1";"1";"1";"3";"1";"(35,50]";"3"
"2975";"2";"3";"2";"3";"1";"3";"1";"1";"2";"3";"3";"3";"3";"3";"3";"(35,50]";"3"
"2976";"2";"2";"2";"2";"1";"3";"1";"2";"4";"3";"3";"2";"2";"3";"3";"[18,35]";"2"
"2977";"2";"2";"2";"3";"2";"2";"2";"1";"3";"2";"2";"2";"2";"3";"2";"(50,65]";"2"
"2978";"3";"2";"3";"3";"4";"3";"2";"3";"3";"3";"3";"3";"3";"3";"3";"(65,96]";"3"
"2979";"3";"4";"3";"3";"3";"4";"3";"3";"4";"3";"1";"2";"1";"3";"3";"(65,96]";"3"
"2980";"3";"2";"2";"4";"1";"3";"1";"2";"3";"2";"3";"3";"3";"2";"3";"(50,65]";"3"
"2981";"1";"1";"1";"1";"3";"1";"1";"3";"3";"3";"3";"3";"3";"3";"3";"[18,35]";"3"
"2982";"3";"2";"2";"2";"3";"2";"2";"2";"2";"1";"1";"1";"1";"1";"1";"(65,96]";"1"
"2983";"3";"3";"3";"3";"4";"2";"3";"3";"3";"3";"3";"3";"3";"3";"3";"(65,96]";"3"
"2984";"3";"2";"2";"2";"2";"3";"2";"3";"4";"3";"3";"3";"1";"3";"1";"(50,65]";"3"
"2986";"2";"2";"2";"3";"3";"2";"2";"3";"2";"1";"2";"2";"2";"2";"2";"(65,96]";"3"
"2987";"1";"1";"1";"3";"2";"1";"1";"2";"3";"2";"2";"2";"2";"3";"3";"(35,50]";"3"
"2990";"3";"2";"3";"3";"1";"3";"2";"2";"3";"1";"1";"1";"1";"1";"1";"(35,50]";"3"
"2991";"2";"3";"2";"3";"2";"3";"3";"3";"3";"2";"2";"2";"2";"2";"2";"(35,50]";"3"
"2992";"3";"3";"3";"3";"3";"3";"2";"3";"3";"1";"1";"1";"1";"1";"1";"(65,96]";"3"
"2993";"2";"1";"2";"4";"1";"3";"2";"2";"3";"2";"3";"2";"2";"3";"1";"(50,65]";"1"
"2994";"3";"2";"1";"3";"2";"3";"2";"2";"3";"3";"2";"1";"1";"2";"1";"(50,65]";"2"
"2995";"1";"1";"2";"3";"2";"2";"2";"2";"3";"3";"1";"2";"2";"3";"3";"(50,65]";"3"
"2996";"4";"2";"2";"3";"2";"2";"2";"2";"2";"2";"3";"3";"2";"3";"2";"(50,65]";"3"
"2997";"1";"2";"1";"2";"2";"1";"2";"2";"2";"3";"3";"3";"3";"3";"3";"[18,35]";"2"
"2999";"4";"4";"4";"4";"4";"4";"4";"4";"4";"3";"3";"3";"3";"3";"3";"(65,96]";"3"
"3000";"2";"3";"3";"3";"3";"3";"3";"3";"4";"3";"3";"3";"2";"3";"2";"(50,65]";"3"
"3001";"3";"4";"3";"3";"3";"3";"3";"4";"4";"3";"3";"2";"2";"3";"3";"(65,96]";"3"
"3002";"2";"3";"3";"3";"3";"3";"2";"2";"3";"2";"2";"3";"2";"3";"2";"(50,65]";"1"
"3004";"3";"4";"4";"2";"3";"3";"2";"2";"3";"3";"3";"3";"3";"3";"3";"(35,50]";"2"
"3006";"2";"2";"2";"2";"2";"2";"2";"2";"3";"2";"3";"3";"3";"3";"2";"(50,65]";"2"
"3008";"3";"4";"3";"4";"4";"3";"3";"3";"4";"3";"3";"2";"3";"3";"3";"(50,65]";"3"
"3010";"3";"2";"2";"3";"2";"2";"2";"2";"3";"3";"2";"3";"2";"3";"3";"(35,50]";"2"
"3011";"2";"1";"2";"2";"2";"2";"3";"2";"2";"1";"1";"2";"1";"2";"1";"(65,96]";"2"
"3012";"2";"2";"2";"3";"2";"3";"2";"2";"4";"2";"1";"2";"2";"2";"3";"[18,35]";"2"
"3013";"2";"3";"2";"3";"2";"3";"2";"2";"3";"3";"1";"2";"2";"3";"2";"(65,96]";"2"
"3014";"2";"3";"2";"3";"2";"3";"2";"2";"3";"3";"3";"3";"3";"3";"3";"(65,96]";"1"
"3015";"2";"3";"2";"4";"2";"2";"2";"2";"2";"2";"1";"1";"1";"1";"1";"(65,96]";"2"
"3017";"2";"2";"2";"3";"2";"3";"2";"2";"3";"1";"1";"2";"2";"1";"1";"(50,65]";"2"
"3018";"3";"3";"3";"3";"3";"2";"2";"4";"2";"3";"2";"3";"2";"3";"3";"(35,50]";"2"
"3020";"4";"2";"3";"2";"4";"3";"3";"3";"3";"1";"1";"1";"1";"1";"1";"(35,50]";"3"
"3021";"2";"3";"2";"3";"2";"3";"2";"3";"3";"3";"3";"3";"3";"3";"3";"(35,50]";"1"
"3022";"2";"2";"2";"3";"2";"2";"2";"2";"3";"3";"3";"3";"2";"2";"2";"(35,50]";"3"
"3023";"3";"4";"3";"3";"3";"3";"2";"3";"3";"2";"2";"3";"2";"2";"2";"[18,35]";"3"
"3024";"1";"1";"4";"3";"2";"1";"1";"2";"3";"3";"2";"3";"2";"3";"3";"[18,35]";"3"
"3025";"2";"2";"2";"2";"1";"2";"1";"2";"2";"2";"1";"2";"2";"1";"1";"(35,50]";"2"
"3026";"2";"2";"1";"3";"2";"2";"2";"2";"2";"1";"1";"3";"1";"1";"1";"[18,35]";"1"
"3029";"2";"2";"2";"2";"1";"2";"2";"2";"3";"1";"1";"2";"1";"1";"1";"[18,35]";"2"
"3031";"1";"2";"2";"1";"2";"2";"2";"1";"1";"2";"1";"1";"2";"2";"1";"[18,35]";"2"
"3033";"2";"2";"3";"3";"2";"3";"2";"3";"3";"3";"3";"3";"3";"3";"3";"(35,50]";"2"
"3034";"3";"3";"3";"2";"1";"2";"1";"1";"1";"2";"2";"3";"3";"3";"2";"[18,35]";"3"
"3039";"2";"2";"2";"3";"2";"2";"2";"2";"3";"3";"3";"3";"2";"3";"3";"(35,50]";"2"
"3041";"3";"2";"2";"2";"2";"2";"2";"2";"3";"2";"2";"3";"2";"3";"3";"(65,96]";"3"
"3043";"3";"3";"2";"3";"2";"3";"2";"3";"3";"3";"3";"3";"2";"3";"2";"(35,50]";"3"
"3044";"3";"2";"4";"2";"2";"2";"2";"2";"3";"2";"2";"3";"2";"3";"2";"[18,35]";"3"
"3046";"3";"3";"2";"3";"2";"2";"3";"3";"2";"3";"2";"3";"3";"3";"3";"(50,65]";"2"
"3047";"2";"2";"2";"2";"2";"2";"2";"3";"2";"3";"3";"3";"3";"3";"2";"(65,96]";"3"
"3048";"1";"2";"3";"3";"1";"2";"2";"2";"3";"2";"1";"3";"2";"3";"2";"(35,50]";"1"
"3049";"2";"2";"3";"3";"2";"3";"3";"2";"4";"2";"3";"2";"1";"1";"3";"[18,35]";"3"
"3050";"2";"1";"1";"2";"1";"2";"2";"2";"2";"1";"2";"1";"1";"2";"1";"(65,96]";"3"
"3051";"2";"2";"1";"3";"1";"3";"1";"1";"1";"2";"3";"3";"2";"2";"2";"(35,50]";"2"
"3052";"2";"2";"2";"2";"2";"2";"3";"2";"2";"2";"2";"2";"3";"2";"3";"(35,50]";"1"
"3053";"3";"2";"3";"2";"1";"1";"3";"3";"2";"2";"3";"3";"2";"3";"2";"(35,50]";"3"
"3054";"2";"3";"2";"3";"2";"3";"2";"2";"3";"1";"1";"3";"1";"1";"1";"(65,96]";"3"
"3055";"3";"2";"3";"2";"2";"3";"2";"3";"2";"2";"2";"3";"3";"3";"2";"(35,50]";"3"
"3056";"2";"2";"2";"3";"2";"2";"2";"3";"3";"1";"1";"2";"2";"2";"1";"(50,65]";"1"
"3057";"3";"4";"4";"4";"3";"4";"3";"3";"4";"3";"3";"3";"3";"3";"3";"(35,50]";"3"
"3058";"2";"3";"2";"2";"2";"2";"2";"2";"3";"3";"2";"3";"3";"3";"2";"[18,35]";"3"
"3060";"2";"2";"2";"2";"2";"2";"2";"2";"3";"2";"2";"2";"2";"3";"3";"[18,35]";"3"
"3061";"2";"3";"1";"3";"1";"3";"1";"3";"3";"2";"2";"3";"1";"2";"3";"(65,96]";"3"
"3062";"1";"2";"2";"2";"2";"2";"2";"1";"2";"2";"2";"3";"2";"3";"2";"[18,35]";"3"
"3063";"2";"2";"2";"2";"2";"3";"2";"3";"3";"2";"2";"3";"2";"3";"2";"(50,65]";"3"
"3065";"3";"2";"3";"2";"2";"3";"2";"3";"2";"3";"3";"3";"3";"3";"3";"(35,50]";"3"
"3066";"2";"1";"2";"2";"2";"3";"3";"2";"3";"1";"1";"2";"3";"1";"2";"(65,96]";"3"
"3067";"3";"4";"2";"3";"2";"3";"4";"3";"3";"3";"2";"2";"3";"2";"2";"(50,65]";"1"
"3069";"3";"1";"1";"3";"3";"3";"1";"3";"4";"2";"2";"3";"2";"2";"2";"(50,65]";"3"
"3070";"2";"2";"1";"3";"2";"3";"2";"2";"3";"3";"3";"3";"3";"3";"3";"(65,96]";"2"
"3071";"2";"2";"2";"2";"2";"2";"2";"2";"3";"3";"3";"3";"3";"3";"3";"(35,50]";"2"
"3072";"2";"3";"2";"3";"2";"3";"2";"3";"2";"1";"2";"1";"3";"3";"1";"(65,96]";"2"
"3073";"2";"2";"2";"2";"2";"2";"2";"2";"2";"1";"1";"1";"1";"3";"1";"(65,96]";"1"
"3074";"3";"3";"3";"4";"2";"4";"2";"2";"3";"2";"2";"3";"3";"3";"3";"[18,35]";"3"
"3075";"3";"3";"2";"3";"2";"2";"3";"1";"2";"3";"2";"2";"2";"3";"3";"[18,35]";"2"
"3076";"2";"3";"2";"3";"2";"4";"4";"3";"4";"3";"3";"3";"2";"3";"3";"(50,65]";"3"
"3077";"2";"3";"2";"4";"2";"3";"3";"2";"3";"3";"3";"3";"3";"3";"3";"(50,65]";"1"
"3078";"2";"3";"3";"4";"4";"3";"3";"3";"3";"1";"3";"3";"3";"3";"2";"(50,65]";"3"
"3079";"3";"2";"3";"3";"2";"3";"2";"3";"3";"2";"2";"2";"3";"3";"2";"(50,65]";"3"
"3080";"3";"2";"2";"3";"2";"3";"2";"3";"3";"2";"2";"2";"3";"1";"2";"(35,50]";"3"
"3081";"3";"3";"3";"3";"4";"2";"2";"3";"4";"3";"3";"3";"3";"3";"3";"(35,50]";"3"
"3082";"3";"4";"3";"3";"3";"2";"1";"2";"2";"3";"2";"1";"1";"2";"1";"(65,96]";"3"
"3083";"2";"2";"2";"3";"2";"3";"2";"3";"3";"2";"2";"3";"2";"3";"2";"(50,65]";"2"
"3085";"2";"4";"2";"4";"3";"2";"4";"3";"4";"3";"1";"3";"3";"3";"3";"(50,65]";"3"
"3086";"2";"3";"3";"3";"3";"3";"2";"3";"4";"3";"3";"3";"3";"1";"3";"[18,35]";"3"
"3087";"1";"2";"2";"2";"2";"3";"3";"2";"3";"2";"3";"3";"2";"2";"1";"(50,65]";"2"
"3089";"2";"2";"2";"2";"2";"2";"2";"2";"2";"3";"1";"3";"3";"3";"2";"(50,65]";"3"
"3090";"3";"2";"4";"3";"3";"2";"4";"2";"3";"3";"1";"3";"2";"3";"2";"[18,35]";"3"
"3091";"3";"3";"3";"4";"3";"3";"3";"4";"3";"3";"3";"3";"3";"3";"3";"(50,65]";"3"
"3092";"2";"2";"1";"3";"2";"2";"2";"2";"2";"2";"2";"3";"1";"3";"2";"[18,35]";"3"
"3093";"2";"1";"2";"3";"2";"2";"1";"3";"3";"3";"3";"3";"2";"2";"3";"(35,50]";"3"
"3095";"3";"3";"3";"3";"2";"3";"2";"3";"4";"3";"3";"3";"3";"3";"3";"(50,65]";"3"
"3096";"1";"2";"1";"3";"1";"2";"2";"2";"1";"1";"1";"1";"1";"1";"1";"(65,96]";"1"
"3097";"1";"1";"2";"2";"2";"1";"2";"2";"2";"1";"2";"1";"1";"1";"1";"(65,96]";"1"
"3098";"2";"3";"2";"3";"4";"3";"2";"2";"2";"2";"2";"2";"3";"3";"2";"[18,35]";"2"
"3099";"2";"3";"3";"3";"2";"3";"1";"2";"3";"3";"3";"3";"1";"3";"1";"(50,65]";"3"
"3100";"3";"3";"3";"3";"2";"4";"2";"2";"4";"3";"3";"3";"2";"3";"3";"(35,50]";"3"
"3101";"2";"2";"1";"3";"2";"2";"1";"2";"1";"3";"2";"2";"3";"3";"3";"(65,96]";"2"
"3103";"3";"2";"4";"4";"3";"3";"2";"4";"3";"2";"1";"3";"3";"1";"1";"[18,35]";"3"
"3104";"2";"3";"2";"3";"2";"3";"2";"2";"3";"3";"1";"3";"2";"1";"3";"(65,96]";"2"
"3105";"3";"3";"3";"3";"3";"3";"2";"3";"4";"3";"3";"3";"2";"3";"2";"(35,50]";"2"
"3106";"3";"3";"1";"4";"2";"3";"2";"2";"3";"3";"3";"1";"1";"2";"2";"(65,96]";"1"
"3107";"2";"2";"4";"4";"4";"3";"3";"3";"3";"3";"2";"3";"2";"2";"3";"(50,65]";"2"
"3108";"1";"1";"1";"3";"1";"1";"1";"3";"3";"1";"1";"2";"1";"2";"1";"(65,96]";"3"
"3109";"2";"2";"3";"3";"3";"4";"2";"4";"4";"3";"3";"3";"3";"2";"2";"(35,50]";"3"
"3110";"2";"2";"2";"3";"2";"2";"2";"2";"3";"3";"3";"3";"2";"2";"2";"[18,35]";"2"
"3112";"4";"2";"4";"4";"3";"3";"3";"3";"4";"3";"3";"3";"3";"3";"3";"(35,50]";"3"
"3114";"2";"2";"3";"2";"2";"3";"2";"4";"2";"1";"1";"2";"1";"2";"2";"[18,35]";"3"
"3116";"2";"2";"2";"2";"2";"3";"2";"3";"3";"2";"2";"3";"2";"3";"2";"(35,50]";"3"
"3117";"3";"3";"3";"3";"2";"3";"2";"3";"3";"3";"1";"2";"3";"3";"1";"(65,96]";"2"
"3118";"4";"4";"3";"4";"3";"3";"1";"3";"3";"2";"3";"3";"3";"3";"3";"(50,65]";"3"
"3119";"2";"2";"4";"3";"3";"3";"2";"3";"3";"2";"3";"3";"3";"1";"2";"[18,35]";"3"
"3120";"3";"3";"3";"3";"1";"3";"1";"4";"4";"2";"3";"3";"3";"3";"3";"(65,96]";"3"
"3121";"2";"3";"2";"3";"3";"3";"1";"1";"2";"3";"2";"3";"3";"3";"2";"(35,50]";"3"
"3122";"1";"1";"2";"4";"2";"2";"3";"4";"2";"2";"1";"2";"3";"3";"2";"(50,65]";"3"
"3123";"2";"2";"2";"3";"2";"3";"2";"2";"3";"3";"3";"3";"3";"3";"2";"(35,50]";"3"
"3125";"2";"3";"3";"4";"3";"3";"2";"2";"3";"3";"1";"3";"1";"2";"2";"(35,50]";"3"
"3126";"3";"3";"2";"4";"2";"3";"2";"2";"3";"3";"3";"2";"2";"3";"3";"(65,96]";"1"
"3127";"3";"3";"2";"3";"1";"3";"3";"2";"4";"2";"3";"2";"2";"2";"3";"(50,65]";"3"
"3130";"2";"3";"3";"3";"2";"3";"2";"2";"3";"3";"3";"3";"3";"3";"3";"(35,50]";"2"
"3132";"3";"3";"3";"4";"4";"4";"3";"3";"3";"3";"3";"3";"3";"3";"3";"(35,50]";"3"
"3133";"2";"1";"2";"2";"1";"2";"1";"2";"2";"2";"2";"2";"1";"3";"2";"[18,35]";"2"
"3134";"2";"2";"2";"2";"2";"2";"2";"2";"3";"2";"2";"2";"3";"3";"2";"(65,96]";"3"
"3135";"2";"1";"3";"2";"2";"2";"3";"2";"2";"2";"1";"3";"3";"3";"2";"(50,65]";"2"
"3136";"4";"3";"3";"4";"3";"3";"2";"2";"4";"3";"3";"3";"3";"3";"3";"(65,96]";"3"
"3137";"3";"4";"3";"3";"2";"4";"3";"4";"4";"3";"3";"2";"3";"3";"3";"(35,50]";"3"
"3138";"2";"3";"2";"3";"3";"3";"3";"2";"3";"1";"1";"1";"1";"2";"1";"(65,96]";"2"
"3139";"3";"2";"2";"4";"3";"3";"1";"3";"3";"3";"1";"3";"3";"1";"3";"(65,96]";"3"
"3141";"3";"3";"3";"3";"3";"4";"3";"3";"4";"3";"3";"3";"3";"3";"3";"(35,50]";"3"
"3143";"2";"3";"2";"2";"3";"3";"3";"3";"3";"2";"2";"3";"2";"3";"2";"(50,65]";"3"
"3145";"3";"3";"3";"3";"3";"3";"3";"4";"3";"3";"3";"3";"3";"3";"3";"[18,35]";"3"
"3147";"2";"2";"2";"3";"2";"3";"2";"2";"3";"3";"3";"3";"2";"2";"3";"(50,65]";"3"
"3148";"3";"4";"3";"4";"3";"4";"3";"4";"4";"3";"3";"3";"3";"2";"2";"(65,96]";"3"
"3151";"2";"3";"3";"4";"3";"3";"4";"4";"3";"3";"3";"3";"3";"3";"3";"(35,50]";"3"
"3152";"2";"1";"3";"1";"1";"2";"1";"2";"2";"3";"3";"3";"2";"2";"3";"(35,50]";"3"
"3154";"3";"3";"3";"3";"2";"3";"2";"3";"3";"1";"3";"3";"2";"3";"3";"(35,50]";"3"
"3155";"2";"2";"2";"2";"1";"2";"2";"2";"2";"1";"1";"1";"1";"1";"1";"(35,50]";"2"
"3156";"2";"3";"3";"3";"3";"2";"2";"3";"3";"3";"2";"3";"2";"3";"2";"(50,65]";"3"
"3157";"2";"2";"2";"3";"2";"2";"2";"2";"2";"3";"3";"3";"3";"3";"3";"(35,50]";"2"
"3158";"4";"3";"3";"4";"3";"4";"4";"4";"4";"3";"3";"3";"1";"3";"3";"(50,65]";"3"
"3159";"2";"2";"4";"2";"2";"3";"3";"3";"3";"3";"3";"3";"3";"3";"3";"[18,35]";"2"
"3161";"2";"3";"2";"3";"3";"2";"2";"2";"2";"3";"2";"3";"3";"2";"2";"(50,65]";"3"
"3162";"2";"3";"2";"4";"3";"2";"3";"3";"3";"3";"1";"3";"2";"3";"2";"(50,65]";"3"
"3164";"1";"2";"2";"2";"2";"2";"2";"2";"2";"2";"2";"2";"2";"2";"1";"(65,96]";"3"
"3165";"2";"2";"2";"2";"2";"2";"2";"2";"2";"1";"1";"2";"2";"2";"1";"(65,96]";"2"
"3166";"3";"3";"2";"4";"3";"4";"4";"4";"4";"3";"3";"3";"3";"3";"3";"(35,50]";"3"
"3167";"2";"3";"3";"4";"4";"4";"2";"3";"4";"3";"3";"3";"3";"3";"3";"(65,96]";"3"
"3168";"2";"2";"3";"3";"3";"2";"3";"2";"2";"1";"1";"2";"3";"3";"2";"[18,35]";"3"
"3169";"4";"2";"2";"3";"4";"3";"2";"3";"2";"2";"3";"2";"3";"3";"2";"(65,96]";"2"
"3170";"2";"1";"1";"3";"1";"2";"2";"2";"2";"3";"2";"3";"3";"3";"3";"[18,35]";"1"
"3171";"3";"1";"2";"2";"2";"2";"2";"2";"2";"3";"3";"3";"3";"3";"1";"(65,96]";"3"
"3172";"2";"3";"2";"3";"2";"2";"2";"2";"3";"1";"2";"3";"2";"1";"1";"(50,65]";"2"
"3174";"3";"3";"4";"4";"4";"3";"3";"3";"4";"3";"3";"3";"2";"3";"3";"(35,50]";"3"
"3175";"2";"3";"2";"3";"2";"2";"2";"2";"3";"3";"3";"3";"1";"2";"3";"(35,50]";"2"
"3178";"3";"3";"3";"4";"4";"3";"3";"3";"3";"2";"3";"3";"3";"3";"2";"(65,96]";"3"
"3180";"2";"3";"3";"2";"2";"3";"2";"2";"2";"3";"3";"3";"2";"3";"3";"[18,35]";"2"
"3181";"2";"2";"3";"4";"2";"2";"2";"2";"3";"2";"3";"2";"2";"1";"1";"(35,50]";"3"
"3182";"3";"4";"3";"4";"3";"3";"1";"3";"3";"3";"3";"3";"3";"3";"3";"(35,50]";"3"
"3183";"4";"3";"3";"3";"3";"3";"3";"3";"3";"3";"3";"3";"3";"3";"3";"(65,96]";"3"
"3184";"2";"2";"1";"3";"2";"2";"2";"1";"2";"3";"1";"3";"2";"3";"2";"[18,35]";"3"
"3185";"3";"3";"2";"3";"3";"2";"2";"2";"3";"1";"2";"2";"1";"2";"2";"[18,35]";"3"
"3186";"2";"2";"1";"3";"2";"2";"3";"2";"3";"2";"2";"2";"1";"3";"2";"(65,96]";"2"
"3187";"2";"2";"2";"3";"2";"3";"2";"2";"3";"3";"3";"3";"3";"3";"3";"(35,50]";"3"
"3188";"1";"4";"2";"4";"3";"4";"2";"3";"2";"1";"1";"1";"1";"1";"1";"(65,96]";"3"
"3190";"2";"2";"3";"3";"2";"3";"2";"2";"3";"3";"3";"3";"2";"2";"3";"(50,65]";"1"
"3193";"1";"3";"4";"3";"2";"3";"1";"3";"3";"3";"3";"3";"3";"3";"1";"[18,35]";"3"
"3194";"2";"2";"2";"4";"2";"3";"2";"3";"3";"3";"2";"3";"2";"3";"2";"(35,50]";"3"
"3195";"2";"2";"2";"3";"2";"2";"3";"2";"3";"3";"1";"2";"2";"3";"3";"(50,65]";"3"
"3196";"2";"2";"3";"3";"3";"2";"2";"2";"3";"1";"1";"3";"1";"3";"1";"(50,65]";"3"
"3197";"3";"3";"2";"4";"4";"4";"4";"3";"4";"3";"3";"2";"2";"2";"3";"(35,50]";"3"
"3198";"3";"3";"3";"4";"4";"3";"3";"3";"3";"3";"3";"3";"3";"3";"3";"(50,65]";"3"
"3199";"3";"3";"3";"3";"2";"3";"2";"2";"3";"3";"3";"3";"3";"3";"3";"[18,35]";"2"
"3200";"1";"1";"2";"3";"2";"3";"3";"2";"2";"2";"2";"3";"2";"3";"2";"(50,65]";"1"
"3201";"1";"1";"3";"3";"4";"3";"1";"1";"1";"1";"1";"2";"2";"1";"1";"(65,96]";"3"
"3202";"1";"2";"3";"3";"2";"2";"1";"3";"2";"2";"3";"3";"2";"3";"3";"[18,35]";"2"
"3204";"2";"2";"1";"4";"2";"3";"1";"2";"2";"1";"1";"1";"1";"1";"1";"(65,96]";"2"
"3205";"3";"2";"4";"4";"3";"3";"3";"2";"2";"3";"3";"3";"3";"3";"3";"[18,35]";"2"
"3206";"3";"2";"2";"2";"2";"2";"2";"2";"1";"1";"1";"3";"1";"1";"1";"(50,65]";"2"
"3207";"2";"3";"3";"3";"2";"2";"1";"3";"2";"3";"3";"3";"2";"3";"2";"[18,35]";"3"
"3209";"2";"2";"2";"4";"3";"3";"3";"3";"3";"3";"2";"3";"2";"3";"3";"(35,50]";"2"
"3211";"1";"1";"2";"2";"1";"2";"3";"2";"2";"2";"1";"1";"2";"3";"2";"(35,50]";"2"
"3212";"3";"4";"4";"3";"3";"3";"4";"3";"4";"3";"3";"3";"1";"1";"3";"(35,50]";"3"
"3213";"2";"2";"3";"2";"3";"4";"2";"2";"2";"2";"2";"3";"3";"3";"2";"[18,35]";"3"
"3214";"2";"2";"2";"3";"2";"2";"2";"2";"4";"2";"1";"3";"3";"2";"2";"(35,50]";"2"
"3216";"1";"2";"3";"3";"2";"1";"3";"2";"2";"3";"2";"2";"2";"3";"2";"(35,50]";"3"
"3217";"2";"1";"1";"1";"4";"4";"2";"2";"4";"3";"3";"3";"3";"3";"3";"(35,50]";"3"
"3218";"2";"3";"3";"3";"2";"2";"3";"3";"4";"3";"3";"3";"2";"3";"3";"[18,35]";"1"
"3220";"3";"3";"2";"3";"3";"3";"4";"4";"3";"1";"3";"3";"2";"2";"1";"[18,35]";"3"
"3221";"2";"2";"2";"3";"3";"3";"3";"3";"3";"2";"3";"3";"2";"3";"2";"(50,65]";"3"
"3222";"3";"3";"2";"4";"4";"3";"3";"3";"4";"3";"3";"3";"3";"3";"3";"(65,96]";"3"
"3223";"3";"3";"1";"4";"1";"2";"2";"3";"3";"3";"1";"2";"2";"3";"3";"(35,50]";"3"
"3224";"2";"2";"1";"2";"2";"3";"3";"2";"3";"1";"1";"2";"2";"2";"1";"(35,50]";"3"
"3226";"1";"3";"2";"2";"2";"2";"1";"2";"2";"2";"2";"2";"2";"3";"2";"[18,35]";"3"
"3227";"2";"2";"2";"3";"2";"3";"2";"2";"2";"2";"2";"2";"2";"3";"2";"(35,50]";"1"
"3228";"3";"3";"1";"3";"3";"3";"1";"2";"3";"3";"2";"2";"3";"3";"3";"(35,50]";"3"
"3229";"3";"4";"2";"4";"1";"2";"4";"2";"2";"3";"2";"3";"2";"3";"2";"[18,35]";"3"
"3230";"3";"3";"3";"3";"3";"3";"3";"4";"3";"3";"2";"3";"3";"3";"2";"(35,50]";"3"
"3231";"2";"3";"3";"3";"3";"2";"3";"3";"3";"3";"3";"3";"3";"3";"2";"(35,50]";"3"
"3232";"2";"3";"3";"4";"3";"3";"3";"4";"4";"2";"1";"3";"2";"3";"3";"[18,35]";"3"
"3233";"2";"3";"2";"2";"2";"2";"2";"3";"3";"3";"3";"3";"2";"3";"2";"[18,35]";"2"
"3234";"2";"2";"2";"3";"3";"2";"3";"3";"2";"1";"1";"2";"2";"1";"1";"(35,50]";"3"
"3236";"2";"1";"1";"3";"2";"2";"2";"2";"3";"2";"1";"2";"2";"3";"2";"[18,35]";"1"
"3238";"2";"2";"3";"2";"1";"2";"2";"1";"1";"2";"1";"3";"1";"1";"2";"[18,35]";"2"
"3239";"3";"4";"4";"4";"3";"4";"4";"4";"4";"3";"3";"3";"1";"3";"3";"(35,50]";"3"
"3240";"2";"3";"2";"4";"3";"4";"2";"2";"3";"3";"1";"2";"3";"2";"3";"(50,65]";"3"
"3241";"2";"2";"2";"2";"2";"3";"3";"2";"3";"2";"2";"3";"2";"3";"2";"(35,50]";"3"
"3242";"3";"2";"4";"3";"2";"3";"3";"3";"4";"3";"2";"3";"3";"3";"3";"[18,35]";"3"
"3243";"3";"1";"3";"4";"3";"3";"2";"3";"3";"3";"3";"3";"3";"3";"3";"(50,65]";"3"
"3244";"3";"2";"2";"4";"3";"3";"2";"3";"4";"1";"3";"2";"2";"3";"2";"(65,96]";"3"
"3245";"1";"1";"1";"3";"2";"2";"3";"2";"3";"2";"2";"2";"2";"3";"3";"(50,65]";"2"
"3248";"2";"1";"2";"2";"2";"2";"1";"2";"2";"2";"2";"3";"2";"2";"1";"[18,35]";"2"
"3249";"2";"3";"2";"3";"2";"2";"2";"3";"3";"3";"3";"2";"2";"3";"3";"(65,96]";"1"
"3250";"3";"3";"2";"3";"4";"3";"3";"3";"3";"2";"3";"3";"2";"2";"3";"(65,96]";"3"
"3251";"2";"2";"2";"3";"3";"2";"2";"2";"3";"3";"3";"2";"2";"2";"2";"(50,65]";"3"
"3252";"2";"2";"1";"3";"4";"2";"1";"2";"2";"2";"1";"3";"3";"2";"1";"(50,65]";"1"
"3254";"2";"3";"3";"3";"4";"3";"2";"3";"3";"3";"2";"2";"3";"2";"3";"(65,96]";"3"
"3255";"2";"2";"2";"3";"3";"2";"3";"2";"3";"2";"3";"2";"3";"2";"2";"(65,96]";"3"
"3257";"2";"1";"2";"2";"3";"2";"1";"2";"3";"3";"3";"3";"2";"2";"3";"(35,50]";"3"
"3258";"2";"3";"2";"3";"2";"2";"2";"2";"3";"2";"3";"3";"2";"3";"2";"(35,50]";"2"
"3259";"3";"3";"2";"4";"4";"3";"3";"3";"3";"3";"1";"3";"2";"3";"3";"(65,96]";"3"
"3260";"1";"1";"3";"2";"2";"3";"1";"2";"2";"1";"2";"2";"1";"3";"1";"(65,96]";"3"
"3261";"2";"2";"3";"3";"3";"3";"3";"3";"4";"1";"1";"1";"1";"1";"1";"(35,50]";"2"
"3264";"2";"3";"1";"3";"2";"3";"2";"2";"2";"3";"3";"3";"1";"2";"1";"[18,35]";"1"
"3265";"2";"3";"2";"2";"2";"3";"2";"2";"3";"3";"3";"3";"3";"3";"2";"[18,35]";"1"
"3266";"3";"3";"3";"3";"2";"3";"3";"3";"3";"1";"1";"1";"1";"1";"1";"(35,50]";"2"
"3267";"2";"3";"3";"3";"4";"3";"2";"3";"3";"1";"3";"3";"3";"3";"1";"(50,65]";"3"
"3268";"3";"1";"3";"3";"3";"3";"2";"2";"3";"2";"2";"2";"1";"1";"1";"[18,35]";"3"
"3270";"2";"2";"2";"2";"2";"2";"3";"3";"2";"3";"3";"3";"3";"3";"2";"(35,50]";"3"
"3271";"3";"2";"2";"3";"2";"2";"2";"3";"2";"1";"1";"2";"1";"1";"1";"(65,96]";"2"
"3273";"3";"4";"4";"3";"3";"1";"4";"4";"1";"1";"1";"3";"1";"3";"1";"[18,35]";"3"
"3274";"2";"3";"2";"3";"3";"3";"3";"2";"2";"2";"2";"3";"2";"3";"3";"[18,35]";"3"
"3275";"1";"1";"1";"2";"2";"1";"2";"2";"1";"1";"1";"1";"1";"2";"1";"(65,96]";"2"
"3276";"2";"2";"2";"3";"3";"3";"3";"2";"3";"3";"2";"3";"2";"2";"3";"(50,65]";"3"
"3278";"2";"3";"1";"2";"3";"2";"2";"1";"3";"1";"1";"1";"1";"1";"1";"[18,35]";"1"
"3279";"3";"2";"3";"3";"3";"3";"4";"4";"3";"3";"3";"3";"3";"3";"3";"(50,65]";"3"
"3280";"3";"4";"4";"4";"2";"4";"4";"4";"4";"3";"3";"3";"3";"3";"3";"[18,35]";"2"
"3281";"2";"2";"2";"3";"2";"2";"2";"2";"2";"1";"1";"1";"1";"1";"3";"(50,65]";"2"
"3282";"3";"2";"3";"2";"2";"3";"2";"3";"3";"3";"1";"3";"3";"3";"3";"[18,35]";"3"
"3283";"2";"2";"3";"3";"4";"3";"2";"3";"2";"3";"3";"3";"3";"3";"2";"[18,35]";"3"
"3284";"4";"4";"4";"4";"3";"4";"3";"4";"4";"3";"3";"3";"3";"3";"3";"(35,50]";"1"
"3286";"3";"3";"3";"2";"2";"3";"2";"2";"3";"3";"3";"3";"3";"3";"3";"[18,35]";"1"
"3287";"3";"3";"3";"3";"2";"3";"2";"2";"4";"3";"3";"3";"3";"3";"3";"(50,65]";"3"
"3288";"4";"2";"3";"2";"3";"3";"3";"4";"3";"3";"2";"3";"3";"3";"3";"[18,35]";"3"
"3291";"2";"2";"3";"3";"3";"3";"3";"2";"2";"1";"2";"3";"3";"3";"1";"[18,35]";"2"
"3292";"3";"2";"2";"4";"3";"3";"3";"3";"3";"3";"3";"3";"3";"3";"3";"(35,50]";"2"
"3293";"2";"3";"3";"3";"3";"3";"2";"2";"3";"3";"3";"3";"3";"3";"2";"(50,65]";"3"
"3294";"2";"2";"2";"3";"2";"2";"2";"2";"3";"3";"3";"3";"1";"2";"2";"(35,50]";"3"
"3296";"2";"2";"2";"3";"2";"3";"3";"3";"3";"3";"2";"3";"2";"2";"2";"(65,96]";"3"
"3297";"3";"1";"3";"3";"3";"3";"3";"3";"3";"2";"1";"3";"3";"3";"1";"(35,50]";"3"
"3298";"3";"3";"2";"3";"3";"2";"2";"3";"3";"1";"1";"2";"1";"1";"1";"(65,96]";"3"
"3299";"2";"2";"3";"4";"1";"2";"3";"4";"3";"2";"3";"3";"3";"2";"3";"(35,50]";"3"
"3303";"2";"1";"2";"3";"2";"3";"4";"2";"3";"2";"1";"3";"1";"3";"1";"(35,50]";"2"
"3304";"2";"3";"3";"3";"2";"2";"2";"2";"3";"2";"2";"3";"1";"3";"1";"[18,35]";"3"
"3305";"3";"3";"3";"3";"2";"3";"2";"3";"3";"3";"3";"3";"3";"3";"3";"(35,50]";"3"
"3307";"2";"2";"3";"3";"3";"2";"3";"2";"2";"3";"3";"2";"1";"3";"1";"(65,96]";"1"
"3308";"3";"4";"2";"4";"4";"4";"3";"3";"4";"2";"2";"2";"2";"2";"2";"(65,96]";"3"
"3309";"2";"2";"2";"3";"3";"3";"2";"3";"3";"2";"3";"3";"3";"3";"1";"(50,65]";"2"
"3310";"3";"3";"2";"3";"2";"2";"1";"2";"2";"2";"2";"2";"2";"2";"2";"[18,35]";"2"
"3311";"3";"3";"3";"3";"3";"3";"2";"3";"2";"3";"2";"3";"3";"3";"3";"(35,50]";"3"
"3312";"3";"3";"3";"3";"2";"3";"2";"3";"3";"3";"2";"3";"2";"3";"2";"[18,35]";"2"
"3313";"2";"2";"3";"3";"2";"3";"2";"3";"3";"2";"3";"3";"3";"3";"2";"(35,50]";"2"
"3314";"1";"1";"2";"2";"1";"2";"1";"1";"1";"1";"2";"1";"2";"3";"1";"[18,35]";"2"
"3315";"3";"2";"4";"4";"4";"3";"3";"3";"3";"3";"3";"3";"3";"3";"3";"[18,35]";"2"
"3317";"3";"3";"3";"4";"4";"2";"4";"4";"3";"3";"3";"3";"2";"2";"3";"(65,96]";"3"
"3318";"2";"2";"1";"3";"2";"2";"3";"2";"1";"3";"2";"3";"2";"3";"2";"(35,50]";"1"
"3319";"3";"3";"3";"3";"3";"3";"3";"3";"3";"2";"2";"2";"3";"3";"2";"[18,35]";"3"
"3320";"2";"2";"2";"3";"2";"2";"3";"3";"3";"2";"2";"3";"2";"2";"2";"[18,35]";"3"
"3321";"2";"2";"3";"3";"2";"3";"2";"2";"3";"2";"3";"3";"2";"3";"2";"[18,35]";"1"
"3322";"4";"4";"2";"4";"2";"3";"2";"2";"4";"3";"3";"3";"3";"3";"3";"(65,96]";"2"
"3323";"1";"2";"1";"2";"1";"3";"3";"2";"2";"3";"2";"3";"3";"3";"3";"(35,50]";"3"
"3324";"1";"2";"2";"2";"3";"2";"2";"2";"3";"2";"2";"3";"2";"3";"1";"(35,50]";"3"
"3327";"2";"3";"3";"2";"3";"3";"2";"3";"3";"3";"2";"3";"2";"2";"2";"(50,65]";"3"
"3328";"2";"2";"1";"3";"2";"2";"2";"2";"3";"2";"1";"2";"2";"3";"1";"(35,50]";"1"
"3329";"2";"2";"3";"1";"1";"4";"1";"1";"3";"2";"3";"3";"3";"3";"2";"[18,35]";"3"
"3330";"2";"2";"2";"3";"2";"2";"2";"3";"4";"3";"3";"2";"2";"3";"2";"(50,65]";"2"
"3331";"3";"3";"3";"3";"3";"3";"2";"2";"3";"1";"2";"1";"2";"1";"1";"(65,96]";"3"
"3332";"2";"2";"2";"3";"2";"2";"3";"3";"3";"3";"2";"2";"1";"2";"1";"(50,65]";"2"
"3333";"3";"3";"3";"3";"3";"3";"3";"3";"3";"3";"3";"2";"2";"3";"3";"(65,96]";"3"
"3334";"2";"1";"2";"3";"1";"3";"2";"2";"2";"1";"1";"1";"1";"2";"1";"(65,96]";"2"
"3335";"1";"1";"1";"2";"1";"2";"1";"1";"1";"2";"1";"3";"3";"3";"2";"(50,65]";"3"
"3336";"3";"2";"3";"3";"3";"3";"3";"3";"3";"1";"1";"1";"1";"1";"1";"[18,35]";"3"
"3337";"3";"2";"2";"2";"4";"3";"4";"4";"3";"3";"3";"3";"3";"3";"2";"[18,35]";"2"
"3338";"3";"3";"3";"3";"2";"2";"3";"3";"3";"3";"3";"3";"3";"3";"3";"(50,65]";"3"
"3340";"2";"2";"2";"3";"3";"3";"2";"2";"2";"1";"1";"1";"1";"1";"1";"[18,35]";"2"
"3341";"2";"2";"2";"2";"2";"2";"3";"1";"3";"3";"2";"2";"2";"3";"3";"(35,50]";"2"
"3342";"1";"3";"2";"1";"2";"2";"1";"2";"3";"2";"2";"3";"2";"3";"2";"[18,35]";"2"
"3343";"1";"3";"3";"3";"1";"3";"1";"3";"3";"1";"3";"1";"3";"1";"1";"[18,35]";"2"
"3344";"2";"2";"2";"3";"2";"3";"2";"2";"3";"1";"3";"3";"3";"3";"1";"[18,35]";"3"
"3346";"2";"2";"1";"1";"1";"1";"1";"1";"1";"1";"2";"3";"2";"1";"2";"[18,35]";"2"
"3347";"2";"3";"1";"2";"1";"3";"2";"3";"3";"2";"2";"1";"1";"3";"2";"(35,50]";"2"
"3348";"3";"3";"2";"4";"2";"2";"2";"2";"3";"2";"2";"2";"3";"3";"2";"(65,96]";"3"
"3349";"2";"3";"3";"3";"2";"3";"2";"2";"3";"1";"1";"3";"1";"3";"1";"[18,35]";"3"
"3350";"1";"1";"1";"1";"1";"1";"1";"2";"1";"1";"1";"1";"1";"1";"1";"(50,65]";"2"
"3351";"2";"3";"2";"3";"1";"2";"1";"1";"2";"1";"1";"3";"1";"3";"1";"(35,50]";"2"
"3353";"2";"2";"3";"4";"3";"3";"2";"3";"3";"3";"3";"3";"3";"3";"3";"(50,65]";"3"
"3354";"2";"1";"2";"2";"2";"2";"1";"2";"1";"2";"2";"2";"2";"3";"2";"(65,96]";"2"
"3355";"1";"2";"2";"3";"2";"2";"2";"2";"2";"2";"2";"3";"3";"3";"2";"(50,65]";"3"
"3356";"3";"2";"4";"4";"2";"4";"2";"4";"4";"1";"2";"2";"2";"2";"2";"(35,50]";"3"
"3357";"4";"3";"4";"4";"2";"3";"4";"4";"4";"3";"3";"3";"3";"3";"3";"(65,96]";"3"
"3359";"3";"3";"3";"3";"3";"3";"3";"3";"3";"3";"1";"2";"2";"3";"2";"(65,96]";"3"
"3361";"3";"2";"3";"4";"2";"3";"2";"2";"3";"1";"3";"2";"2";"2";"1";"[18,35]";"3"
"3362";"2";"3";"3";"3";"3";"3";"3";"3";"3";"3";"3";"3";"3";"3";"3";"(50,65]";"3"
"3363";"1";"1";"3";"4";"3";"2";"4";"3";"2";"1";"1";"3";"3";"3";"1";"[18,35]";"3"
"3365";"2";"1";"3";"2";"2";"3";"1";"2";"2";"2";"2";"3";"3";"3";"2";"(35,50]";"3"
"3366";"2";"2";"4";"3";"3";"4";"2";"4";"2";"3";"3";"3";"3";"3";"3";"(35,50]";"3"
"3367";"2";"2";"4";"2";"3";"3";"3";"2";"3";"3";"3";"3";"3";"3";"3";"[18,35]";"3"
"3368";"2";"1";"2";"4";"2";"2";"2";"2";"3";"3";"3";"3";"1";"3";"3";"(50,65]";"3"
"3369";"4";"4";"4";"4";"4";"4";"4";"4";"4";"3";"3";"3";"3";"3";"3";"(35,50]";"3"
"3370";"3";"3";"3";"4";"4";"3";"2";"3";"3";"3";"3";"3";"3";"3";"3";"(35,50]";"3"
"3371";"2";"2";"4";"2";"4";"2";"4";"2";"4";"1";"1";"1";"1";"1";"3";"[18,35]";"3"
"3372";"2";"3";"4";"4";"2";"3";"4";"4";"4";"2";"3";"3";"3";"3";"1";"(50,65]";"3"
"3373";"2";"2";"2";"3";"3";"2";"1";"2";"2";"1";"1";"2";"2";"3";"1";"(65,96]";"2"
"3374";"3";"4";"3";"3";"4";"3";"3";"3";"3";"3";"3";"3";"3";"3";"3";"(50,65]";"3"
"3376";"1";"2";"2";"3";"2";"3";"2";"3";"3";"2";"3";"2";"2";"3";"2";"(35,50]";"3"
"3377";"3";"2";"2";"2";"2";"2";"1";"1";"3";"3";"1";"3";"3";"3";"2";"(50,65]";"2"
"3378";"2";"3";"2";"3";"2";"3";"2";"3";"3";"3";"2";"3";"2";"2";"3";"(35,50]";"3"
"3379";"2";"3";"2";"3";"3";"3";"3";"3";"3";"2";"3";"3";"3";"3";"2";"(50,65]";"3"
"3380";"2";"2";"4";"3";"4";"1";"2";"3";"4";"2";"3";"3";"2";"2";"3";"(50,65]";"3"
"3381";"1";"1";"2";"4";"3";"3";"1";"1";"3";"2";"3";"2";"2";"3";"2";"(50,65]";"2"
"3382";"2";"2";"2";"4";"3";"3";"3";"2";"3";"3";"1";"2";"2";"3";"3";"(50,65]";"2"
"3383";"2";"3";"4";"4";"3";"3";"2";"3";"3";"3";"3";"3";"1";"3";"1";"[18,35]";"3"
"3384";"3";"3";"4";"4";"3";"3";"4";"4";"4";"3";"3";"3";"3";"3";"3";"(50,65]";"3"
"3385";"2";"1";"2";"3";"3";"2";"2";"1";"3";"2";"3";"3";"2";"3";"3";"(50,65]";"3"
"3386";"1";"1";"1";"1";"1";"1";"1";"1";"2";"2";"1";"3";"3";"3";"1";"(35,50]";"3"
"3387";"1";"2";"2";"2";"2";"2";"2";"3";"2";"3";"3";"3";"2";"3";"2";"(35,50]";"3"
"3388";"4";"3";"3";"3";"2";"3";"2";"2";"3";"3";"2";"2";"3";"3";"2";"(65,96]";"2"
"3389";"3";"3";"3";"3";"2";"2";"2";"3";"3";"2";"3";"3";"2";"3";"3";"(35,50]";"3"
"3390";"2";"3";"2";"2";"2";"2";"2";"2";"3";"2";"2";"3";"2";"3";"2";"(35,50]";"3"
"3391";"3";"3";"3";"3";"3";"2";"2";"2";"3";"1";"1";"1";"3";"3";"3";"(65,96]";"3"
"3393";"2";"2";"1";"3";"3";"1";"3";"2";"1";"3";"1";"2";"2";"3";"2";"[18,35]";"3"
"3394";"1";"2";"2";"1";"1";"1";"1";"2";"1";"2";"1";"2";"3";"1";"1";"[18,35]";"3"
"3395";"2";"1";"4";"3";"1";"2";"1";"1";"2";"2";"2";"3";"2";"2";"2";"[18,35]";"2"
"3396";"2";"2";"3";"2";"2";"3";"3";"2";"4";"2";"3";"3";"3";"3";"2";"[18,35]";"3"
"3397";"1";"2";"2";"2";"2";"2";"2";"2";"2";"2";"2";"2";"2";"2";"2";"(65,96]";"2"
"3398";"2";"1";"2";"4";"2";"2";"2";"3";"4";"3";"2";"3";"2";"3";"1";"(50,65]";"2"
"3399";"4";"4";"3";"4";"3";"3";"3";"3";"2";"3";"2";"2";"3";"1";"2";"[18,35]";"3"
"3400";"2";"2";"3";"3";"2";"3";"2";"3";"3";"3";"1";"3";"3";"3";"3";"(35,50]";"3"
"3401";"2";"2";"3";"3";"2";"3";"4";"3";"2";"1";"1";"2";"3";"3";"2";"(35,50]";"3"
"3402";"3";"3";"2";"3";"2";"2";"2";"3";"2";"1";"1";"1";"1";"1";"3";"[18,35]";"2"
"3403";"2";"3";"2";"3";"2";"3";"4";"2";"3";"3";"3";"3";"3";"3";"3";"[18,35]";"1"
"3404";"1";"1";"3";"1";"1";"3";"3";"3";"3";"2";"3";"3";"1";"3";"3";"[18,35]";"3"
"3406";"2";"4";"4";"3";"2";"3";"3";"3";"4";"3";"3";"3";"3";"3";"3";"(65,96]";"3"
"3407";"1";"1";"2";"2";"2";"2";"2";"2";"2";"3";"3";"3";"3";"3";"2";"[18,35]";"3"
"3408";"3";"3";"3";"4";"4";"4";"4";"3";"2";"3";"1";"3";"2";"3";"2";"[18,35]";"2"
"3409";"2";"3";"2";"4";"2";"3";"2";"2";"4";"3";"2";"2";"3";"3";"3";"(65,96]";"3"
"3410";"2";"3";"2";"3";"3";"2";"2";"2";"2";"1";"2";"1";"2";"2";"1";"(65,96]";"2"
"3411";"2";"2";"2";"4";"1";"4";"3";"4";"4";"2";"3";"3";"2";"3";"3";"(50,65]";"3"
"3413";"2";"2";"4";"3";"2";"2";"3";"2";"3";"2";"3";"3";"3";"3";"3";"[18,35]";"2"
"3415";"4";"4";"4";"4";"4";"4";"3";"4";"4";"3";"3";"3";"3";"3";"3";"(35,50]";"3"
"3416";"3";"2";"2";"3";"2";"3";"2";"3";"3";"1";"2";"3";"3";"3";"1";"[18,35]";"3"
"3417";"3";"2";"2";"2";"3";"3";"2";"3";"3";"3";"3";"3";"2";"3";"2";"(35,50]";"3"
"3418";"2";"3";"2";"3";"3";"3";"2";"2";"3";"1";"1";"1";"3";"3";"1";"(65,96]";"2"
"3419";"3";"1";"3";"3";"2";"4";"3";"2";"4";"1";"3";"3";"2";"2";"3";"[18,35]";"2"
"3420";"2";"3";"4";"3";"3";"3";"2";"3";"3";"1";"2";"2";"3";"2";"2";"(50,65]";"2"
"3421";"3";"3";"3";"3";"3";"3";"3";"3";"3";"3";"3";"3";"3";"3";"3";"(50,65]";"3"
"3422";"3";"3";"2";"3";"2";"3";"2";"2";"3";"3";"2";"3";"2";"1";"3";"(35,50]";"3"
"3423";"2";"2";"4";"3";"2";"3";"2";"2";"4";"3";"2";"3";"2";"3";"2";"(35,50]";"2"
"3425";"3";"3";"3";"3";"4";"3";"4";"4";"3";"3";"3";"3";"3";"3";"2";"(65,96]";"3"
"3426";"3";"3";"4";"4";"3";"3";"2";"4";"4";"2";"2";"3";"1";"1";"3";"[18,35]";"2"
"3427";"3";"2";"2";"3";"3";"3";"3";"2";"3";"3";"3";"3";"3";"3";"3";"(50,65]";"3"
"3428";"3";"4";"3";"3";"4";"3";"3";"4";"4";"3";"3";"3";"3";"3";"3";"(35,50]";"3"
"3429";"2";"1";"1";"4";"1";"2";"2";"1";"1";"1";"2";"2";"2";"2";"1";"(65,96]";"1"
"3430";"1";"1";"1";"2";"2";"2";"2";"2";"2";"3";"3";"3";"2";"3";"2";"(65,96]";"2"
"3431";"2";"2";"2";"4";"3";"2";"2";"3";"1";"1";"1";"1";"1";"1";"1";"(35,50]";"3"
"3432";"2";"1";"2";"2";"2";"2";"2";"2";"2";"1";"1";"1";"1";"1";"1";"(35,50]";"3"
"3434";"2";"2";"1";"3";"3";"3";"2";"2";"3";"3";"2";"1";"2";"2";"1";"(65,96]";"2"
"3436";"3";"3";"4";"2";"3";"3";"2";"3";"3";"3";"3";"3";"2";"2";"3";"[18,35]";"3"
"3437";"2";"2";"2";"3";"2";"3";"2";"2";"3";"3";"3";"2";"2";"2";"2";"(65,96]";"2"
"3438";"1";"3";"2";"4";"3";"3";"2";"3";"3";"3";"1";"2";"3";"3";"2";"(50,65]";"3"
"3439";"3";"3";"3";"4";"3";"2";"2";"3";"3";"3";"3";"3";"3";"3";"3";"(35,50]";"3"
"3440";"2";"3";"4";"4";"3";"3";"3";"2";"3";"3";"3";"3";"2";"3";"2";"(35,50]";"3"
"3441";"2";"1";"2";"2";"2";"3";"2";"2";"3";"2";"2";"3";"2";"3";"2";"(35,50]";"3"
"3442";"2";"4";"2";"3";"2";"2";"2";"2";"4";"3";"3";"2";"2";"3";"2";"(65,96]";"3"
"3443";"2";"2";"2";"3";"2";"3";"3";"3";"3";"2";"2";"2";"2";"2";"3";"(65,96]";"2"
"3444";"2";"3";"1";"4";"1";"3";"3";"2";"3";"3";"3";"3";"3";"3";"3";"(50,65]";"3"
"3445";"1";"3";"2";"3";"3";"2";"2";"3";"3";"1";"3";"3";"3";"3";"1";"(35,50]";"3"
"3446";"4";"3";"3";"4";"4";"3";"3";"3";"4";"3";"2";"3";"3";"3";"3";"(35,50]";"3"
"3447";"3";"4";"3";"4";"2";"4";"3";"3";"3";"3";"2";"2";"2";"3";"2";"(35,50]";"3"
"3448";"3";"2";"1";"3";"2";"2";"2";"3";"2";"3";"2";"2";"2";"3";"3";"[18,35]";"3"
"3450";"3";"2";"2";"3";"2";"2";"2";"1";"2";"2";"2";"3";"2";"2";"2";"[18,35]";"3"
"3452";"2";"2";"3";"3";"2";"3";"4";"3";"4";"3";"2";"2";"2";"2";"1";"[18,35]";"3"
"3453";"3";"3";"3";"3";"2";"3";"2";"2";"4";"3";"3";"3";"3";"1";"3";"[18,35]";"3"
"3455";"2";"2";"2";"3";"3";"2";"3";"1";"2";"3";"3";"2";"2";"3";"3";"(65,96]";"3"
"3457";"2";"2";"3";"3";"2";"2";"2";"3";"1";"2";"3";"3";"1";"3";"2";"[18,35]";"2"
"3458";"3";"3";"3";"3";"2";"3";"2";"2";"4";"3";"3";"2";"2";"2";"3";"(35,50]";"3"
"3460";"4";"4";"4";"4";"4";"4";"4";"4";"4";"3";"3";"3";"3";"3";"3";"(35,50]";"3"
"3461";"4";"4";"4";"4";"3";"4";"3";"3";"4";"3";"3";"3";"3";"3";"3";"[18,35]";"3"
"3462";"3";"3";"1";"3";"1";"4";"3";"3";"4";"3";"3";"2";"3";"3";"2";"[18,35]";"2"
"3463";"1";"1";"3";"1";"3";"3";"2";"1";"1";"1";"1";"1";"1";"3";"1";"[18,35]";"3"
"3464";"2";"2";"2";"1";"2";"1";"2";"2";"1";"1";"1";"3";"2";"1";"2";"[18,35]";"2"
"3466";"3";"3";"4";"3";"3";"3";"3";"3";"4";"3";"3";"3";"3";"3";"2";"(35,50]";"3"
"3467";"2";"3";"3";"4";"2";"3";"3";"3";"4";"2";"2";"3";"2";"2";"2";"(65,96]";"3"
"3468";"2";"2";"3";"4";"3";"2";"3";"3";"3";"2";"2";"2";"3";"3";"2";"(65,96]";"1"
"3470";"2";"2";"3";"3";"2";"3";"3";"3";"3";"3";"3";"3";"2";"3";"3";"(35,50]";"2"
"3471";"2";"3";"2";"3";"3";"2";"3";"2";"2";"2";"2";"3";"3";"3";"2";"(65,96]";"3"
"3472";"3";"3";"3";"3";"3";"3";"3";"4";"3";"2";"2";"3";"3";"3";"3";"(50,65]";"3"
"3473";"3";"3";"2";"3";"4";"3";"3";"1";"3";"3";"3";"3";"3";"3";"2";"(65,96]";"3"
"3474";"2";"2";"2";"3";"2";"3";"4";"3";"3";"3";"2";"3";"2";"3";"3";"[18,35]";"3"
"3476";"2";"2";"2";"3";"2";"2";"2";"2";"3";"2";"3";"3";"3";"3";"2";"(65,96]";"2"
"3477";"3";"3";"3";"3";"4";"3";"2";"3";"4";"3";"2";"3";"3";"3";"2";"(50,65]";"3"
"3478";"3";"3";"3";"3";"3";"3";"3";"3";"4";"3";"3";"3";"2";"3";"2";"(35,50]";"2"
"3479";"2";"2";"2";"2";"1";"2";"2";"2";"3";"2";"2";"3";"2";"3";"2";"(35,50]";"2"
"3480";"3";"3";"1";"3";"1";"3";"3";"1";"3";"1";"1";"1";"1";"1";"1";"[18,35]";"1"
"3481";"3";"3";"3";"3";"4";"3";"1";"4";"3";"3";"1";"3";"3";"1";"3";"(35,50]";"3"
"3482";"2";"2";"2";"4";"2";"3";"1";"3";"3";"3";"2";"3";"3";"3";"2";"(50,65]";"1"
"3483";"2";"3";"3";"3";"2";"3";"2";"2";"2";"3";"2";"3";"3";"3";"2";"(35,50]";"2"
"3484";"2";"2";"2";"2";"2";"2";"2";"2";"2";"3";"3";"2";"3";"3";"3";"(65,96]";"1"
"3485";"3";"3";"3";"3";"2";"3";"2";"2";"4";"3";"3";"3";"1";"3";"2";"(50,65]";"2"
"3486";"4";"4";"2";"2";"4";"3";"4";"4";"2";"3";"3";"3";"3";"3";"3";"(50,65]";"3"
"3487";"2";"2";"2";"3";"2";"2";"2";"2";"2";"1";"1";"3";"2";"2";"2";"(50,65]";"1"
"3488";"2";"2";"2";"2";"2";"2";"2";"2";"3";"1";"3";"3";"3";"3";"1";"(35,50]";"3"
"3489";"3";"4";"3";"4";"3";"4";"3";"4";"4";"2";"2";"2";"2";"2";"2";"(50,65]";"3"
"3490";"2";"2";"2";"3";"3";"3";"3";"2";"4";"2";"2";"3";"2";"2";"2";"(65,96]";"2"
"3491";"2";"1";"2";"3";"3";"2";"1";"2";"2";"2";"1";"3";"3";"2";"2";"(50,65]";"3"
"3492";"2";"2";"2";"2";"2";"2";"2";"3";"2";"1";"1";"1";"1";"1";"1";"[18,35]";"3"
"3493";"1";"3";"3";"2";"1";"1";"2";"3";"1";"3";"1";"3";"3";"3";"3";"(50,65]";"3"
"3494";"3";"4";"2";"4";"4";"2";"2";"4";"4";"3";"3";"3";"2";"3";"3";"(35,50]";"3"
"3495";"4";"2";"3";"4";"3";"3";"3";"3";"3";"3";"3";"3";"3";"3";"3";"(50,65]";"3"
"3496";"2";"3";"3";"3";"3";"3";"2";"3";"3";"2";"2";"1";"1";"1";"1";"(50,65]";"3"
"3497";"2";"3";"3";"3";"3";"2";"3";"3";"3";"1";"3";"3";"3";"3";"1";"(35,50]";"3"
"3498";"2";"3";"2";"3";"2";"3";"2";"3";"3";"3";"3";"3";"2";"3";"3";"(35,50]";"3"
"3499";"2";"2";"2";"3";"2";"2";"2";"2";"3";"1";"1";"1";"1";"1";"1";"(50,65]";"2"
"3500";"2";"2";"4";"2";"3";"3";"2";"3";"2";"2";"3";"3";"3";"2";"1";"(35,50]";"3"
"3501";"2";"3";"2";"2";"2";"3";"2";"2";"3";"3";"1";"2";"2";"3";"2";"(50,65]";"2"
"3502";"1";"1";"1";"3";"1";"1";"1";"1";"1";"2";"3";"3";"3";"3";"2";"(50,65]";"1"
"3503";"3";"2";"2";"3";"3";"3";"2";"3";"2";"3";"1";"3";"3";"3";"3";"(35,50]";"3"
"3504";"3";"1";"3";"4";"3";"3";"3";"3";"1";"1";"1";"1";"1";"3";"3";"(65,96]";"3"
"3505";"1";"2";"2";"3";"2";"2";"2";"2";"2";"2";"2";"2";"2";"3";"2";"(65,96]";"2"
"3506";"2";"3";"1";"3";"2";"4";"2";"2";"4";"3";"3";"1";"1";"3";"3";"(50,65]";"1"
"3507";"3";"3";"2";"4";"2";"2";"2";"3";"4";"3";"2";"1";"1";"3";"2";"(50,65]";"2"
"3508";"2";"2";"2";"2";"2";"2";"3";"2";"2";"1";"1";"1";"1";"3";"1";"(35,50]";"3"
"3509";"2";"3";"2";"3";"2";"3";"2";"3";"3";"2";"1";"3";"2";"1";"2";"(50,65]";"3"
"3510";"1";"3";"1";"1";"1";"1";"1";"1";"1";"1";"1";"1";"1";"1";"1";"(50,65]";"2"
"3511";"2";"2";"3";"3";"2";"3";"3";"2";"3";"3";"3";"3";"2";"3";"3";"(50,65]";"2"
"3512";"3";"3";"3";"3";"3";"3";"3";"2";"3";"2";"1";"2";"1";"2";"2";"(35,50]";"2"
"3513";"2";"2";"2";"4";"2";"3";"2";"2";"3";"3";"2";"3";"2";"2";"3";"(50,65]";"2"
"3515";"3";"3";"3";"3";"2";"3";"2";"3";"3";"3";"3";"3";"3";"3";"3";"(35,50]";"3"
"3516";"3";"3";"2";"4";"3";"3";"3";"2";"3";"3";"1";"1";"1";"1";"3";"(35,50]";"2"
"3517";"1";"2";"3";"4";"2";"3";"2";"3";"2";"1";"1";"3";"2";"1";"2";"(35,50]";"3"
"3518";"4";"3";"4";"4";"4";"4";"3";"4";"4";"3";"3";"3";"3";"3";"3";"(35,50]";"3"
"3520";"1";"1";"1";"2";"1";"2";"1";"2";"3";"2";"2";"3";"3";"2";"3";"(50,65]";"3"
"3521";"2";"2";"2";"3";"2";"2";"3";"2";"3";"2";"3";"3";"2";"3";"3";"(35,50]";"2"
"3522";"4";"2";"3";"4";"4";"4";"4";"3";"4";"3";"3";"3";"3";"3";"2";"(35,50]";"3"
"3523";"2";"2";"2";"3";"2";"1";"2";"1";"2";"2";"2";"3";"2";"3";"2";"(50,65]";"2"
"3524";"2";"3";"3";"3";"3";"3";"2";"4";"3";"3";"2";"3";"2";"2";"2";"(65,96]";"3"
"3526";"3";"1";"4";"4";"3";"2";"3";"3";"4";"2";"2";"3";"1";"3";"2";"(35,50]";"3"
"3527";"2";"1";"2";"2";"2";"1";"2";"2";"2";"2";"1";"2";"2";"3";"1";"(35,50]";"2"
"3528";"3";"3";"4";"3";"3";"2";"2";"1";"2";"2";"3";"3";"3";"3";"2";"(35,50]";"3"
"3529";"3";"2";"2";"2";"2";"2";"3";"3";"2";"3";"2";"2";"2";"2";"3";"[18,35]";"2"
"3530";"2";"3";"2";"3";"3";"3";"2";"2";"3";"3";"3";"3";"3";"3";"3";"(35,50]";"3"
"3531";"3";"3";"3";"3";"2";"4";"3";"2";"4";"3";"2";"2";"3";"3";"2";"(35,50]";"2"
"3532";"3";"4";"3";"4";"2";"2";"3";"3";"4";"3";"3";"2";"2";"2";"3";"(35,50]";"3"
"3533";"3";"2";"3";"3";"4";"4";"2";"3";"3";"3";"2";"3";"3";"3";"3";"(50,65]";"3"
"3534";"3";"4";"4";"3";"3";"2";"4";"2";"3";"3";"3";"3";"3";"3";"1";"[18,35]";"3"
"3535";"1";"1";"2";"2";"2";"2";"1";"2";"2";"3";"3";"3";"2";"3";"3";"(35,50]";"3"
"3536";"2";"3";"2";"2";"2";"2";"2";"3";"3";"3";"3";"2";"1";"3";"2";"(65,96]";"2"
"3537";"2";"2";"3";"2";"2";"2";"2";"2";"3";"2";"1";"3";"2";"3";"2";"(35,50]";"2"
"3538";"2";"2";"2";"2";"2";"2";"2";"2";"2";"2";"2";"2";"2";"2";"2";"(50,65]";"2"
"3540";"2";"2";"2";"2";"2";"2";"2";"2";"2";"3";"3";"3";"3";"3";"2";"(35,50]";"3"
"3541";"2";"2";"2";"3";"2";"3";"2";"2";"3";"3";"3";"3";"2";"2";"2";"(35,50]";"3"
"3542";"3";"3";"1";"2";"3";"2";"4";"1";"2";"3";"3";"3";"1";"3";"3";"(35,50]";"3"
"3543";"2";"2";"2";"3";"2";"2";"3";"3";"2";"3";"2";"2";"2";"3";"2";"(35,50]";"2"
"3545";"3";"4";"3";"4";"4";"4";"3";"4";"3";"2";"2";"3";"2";"2";"2";"(50,65]";"3"
"3546";"3";"3";"3";"3";"2";"3";"3";"3";"3";"1";"1";"1";"1";"1";"1";"(65,96]";"3"
"3547";"1";"3";"3";"3";"3";"3";"1";"3";"3";"3";"3";"3";"3";"3";"1";"(35,50]";"3"
"3548";"3";"2";"2";"3";"3";"3";"2";"3";"3";"3";"3";"3";"2";"3";"2";"(65,96]";"2"
"3550";"2";"2";"3";"2";"2";"2";"1";"1";"3";"3";"3";"3";"3";"3";"3";"[18,35]";"1"
"3551";"3";"3";"3";"4";"3";"2";"4";"2";"3";"2";"2";"3";"3";"3";"2";"(50,65]";"3"
"3552";"2";"2";"2";"4";"2";"3";"2";"3";"4";"3";"3";"3";"3";"3";"3";"(35,50]";"3"
"3553";"2";"2";"2";"3";"3";"2";"2";"2";"2";"3";"2";"2";"2";"3";"2";"(35,50]";"2"
"3554";"3";"3";"3";"2";"2";"2";"3";"2";"2";"3";"1";"2";"2";"2";"1";"(35,50]";"3"
"3556";"2";"2";"2";"3";"2";"3";"3";"2";"3";"2";"2";"2";"2";"2";"2";"(35,50]";"3"
"3558";"3";"3";"3";"3";"1";"3";"3";"2";"4";"3";"3";"3";"3";"3";"3";"(35,50]";"1"
"3559";"3";"1";"3";"3";"2";"2";"1";"2";"3";"2";"3";"3";"2";"2";"3";"(35,50]";"3"
"3561";"2";"3";"3";"3";"2";"3";"2";"2";"3";"1";"3";"2";"1";"3";"2";"[18,35]";"2"
"3562";"2";"2";"2";"3";"2";"3";"1";"3";"3";"3";"3";"3";"3";"3";"3";"(35,50]";"3"
"3563";"2";"2";"3";"4";"2";"3";"2";"3";"3";"2";"3";"3";"3";"3";"2";"[18,35]";"3"
"3564";"1";"1";"3";"3";"3";"2";"2";"3";"3";"3";"3";"3";"2";"2";"2";"(50,65]";"3"
"3565";"2";"2";"1";"3";"2";"2";"2";"3";"3";"2";"3";"2";"2";"2";"2";"(35,50]";"3"
"3567";"2";"2";"2";"3";"1";"2";"2";"2";"3";"3";"2";"3";"2";"3";"3";"(50,65]";"2"
"3569";"3";"2";"2";"4";"2";"2";"2";"2";"3";"2";"3";"2";"2";"3";"3";"(35,50]";"2"
"3570";"2";"3";"3";"3";"2";"3";"2";"4";"4";"3";"3";"3";"3";"3";"3";"(50,65]";"3"
"3571";"2";"2";"2";"2";"2";"2";"2";"2";"2";"2";"1";"2";"2";"3";"2";"(65,96]";"2"
"3573";"3";"4";"3";"4";"3";"4";"3";"3";"3";"1";"2";"2";"2";"2";"2";"(50,65]";"3"
"3574";"2";"2";"1";"3";"3";"2";"3";"2";"3";"3";"3";"3";"2";"3";"1";"(35,50]";"2"
"3577";"3";"3";"3";"3";"2";"2";"2";"2";"2";"3";"2";"3";"2";"3";"3";"(35,50]";"2"
"3578";"2";"2";"2";"3";"3";"2";"3";"3";"3";"2";"1";"3";"2";"3";"2";"(35,50]";"3"
"3581";"2";"2";"1";"3";"1";"2";"2";"3";"3";"3";"3";"3";"2";"2";"3";"(50,65]";"3"
"3582";"3";"2";"2";"3";"2";"2";"2";"2";"2";"2";"1";"3";"2";"3";"2";"(50,65]";"1"
"3583";"2";"2";"3";"2";"2";"2";"2";"2";"2";"2";"3";"2";"2";"3";"2";"(35,50]";"2"
"3584";"1";"1";"3";"3";"1";"3";"1";"3";"1";"2";"3";"3";"2";"3";"2";"(50,65]";"3"
"3585";"1";"3";"3";"2";"2";"2";"2";"3";"2";"1";"1";"1";"1";"1";"1";"[18,35]";"3"
"3587";"3";"3";"3";"4";"3";"3";"4";"3";"4";"2";"2";"2";"2";"2";"2";"(50,65]";"3"
"3588";"4";"2";"2";"4";"3";"2";"3";"2";"2";"3";"3";"3";"3";"3";"3";"(35,50]";"3"
"3589";"1";"4";"3";"3";"1";"3";"1";"1";"3";"3";"2";"3";"1";"2";"1";"(35,50]";"3"
"3590";"2";"2";"2";"2";"1";"1";"3";"1";"1";"1";"2";"1";"2";"3";"1";"[18,35]";"2"
"3592";"2";"1";"1";"2";"1";"2";"2";"1";"1";"2";"3";"2";"1";"2";"1";"(50,65]";"3"
"3594";"2";"2";"2";"2";"2";"2";"2";"1";"2";"1";"1";"1";"1";"1";"1";"[18,35]";"2"
"3596";"2";"3";"2";"2";"2";"2";"2";"2";"2";"2";"1";"2";"3";"2";"1";"[18,35]";"1"
"3597";"2";"3";"3";"3";"3";"3";"2";"3";"3";"3";"3";"3";"2";"3";"2";"(35,50]";"2"
"3599";"2";"3";"2";"3";"2";"2";"3";"3";"3";"2";"2";"3";"1";"3";"3";"(35,50]";"1"
"3600";"2";"2";"1";"2";"2";"2";"2";"2";"2";"2";"3";"2";"3";"1";"3";"(35,50]";"1"
"3601";"2";"2";"2";"2";"3";"2";"2";"2";"2";"2";"2";"3";"2";"3";"2";"(65,96]";"2"
"3602";"3";"1";"1";"2";"3";"2";"2";"3";"2";"3";"2";"3";"3";"3";"3";"(35,50]";"1"
"3603";"4";"4";"4";"4";"4";"4";"2";"4";"3";"3";"3";"3";"3";"3";"3";"(35,50]";"3"
"3604";"2";"1";"2";"2";"1";"2";"2";"2";"2";"3";"3";"3";"3";"3";"3";"[18,35]";"2"
"3605";"2";"2";"3";"3";"3";"3";"3";"2";"3";"3";"1";"3";"3";"1";"2";"[18,35]";"3"
"3606";"2";"2";"1";"2";"2";"2";"2";"2";"2";"1";"1";"1";"1";"1";"1";"(50,65]";"1"
"3607";"3";"2";"2";"3";"2";"3";"2";"2";"3";"2";"3";"3";"1";"1";"2";"(50,65]";"2"
"3608";"1";"1";"4";"3";"2";"1";"3";"1";"3";"1";"1";"2";"1";"2";"1";"(50,65]";"3"
"3609";"2";"2";"1";"4";"2";"2";"1";"1";"3";"1";"1";"1";"2";"1";"1";"(65,96]";"2"
"3611";"4";"4";"4";"4";"4";"4";"4";"4";"4";"3";"3";"3";"3";"3";"3";"(35,50]";"3"
"3612";"2";"2";"2";"3";"2";"2";"2";"3";"3";"3";"3";"3";"3";"2";"2";"(35,50]";"3"
"3613";"2";"3";"2";"3";"2";"3";"2";"3";"3";"1";"1";"1";"1";"1";"1";"[18,35]";"3"
"3614";"3";"3";"4";"3";"4";"4";"2";"3";"4";"3";"2";"3";"3";"3";"3";"(35,50]";"3"
"3615";"2";"3";"4";"3";"3";"3";"3";"2";"4";"2";"3";"3";"3";"3";"3";"(35,50]";"3"
"3616";"1";"2";"2";"3";"2";"3";"3";"2";"3";"1";"1";"2";"3";"3";"2";"(35,50]";"3"
"3617";"2";"2";"3";"2";"2";"2";"1";"2";"2";"3";"3";"3";"3";"3";"1";"[18,35]";"1"
"3619";"2";"3";"2";"3";"2";"3";"2";"2";"3";"2";"2";"3";"2";"2";"2";"(50,65]";"3"
"3620";"4";"3";"1";"3";"3";"4";"1";"4";"3";"3";"2";"1";"3";"3";"3";"[18,35]";"3"
"3622";"2";"2";"2";"3";"2";"2";"2";"3";"3";"2";"1";"1";"1";"3";"2";"(35,50]";"2"
"3623";"4";"3";"4";"3";"2";"3";"3";"3";"3";"3";"2";"3";"2";"3";"2";"(50,65]";"3"
"3624";"2";"3";"3";"3";"2";"2";"3";"2";"3";"3";"3";"3";"3";"3";"3";"(35,50]";"3"
"3625";"3";"3";"3";"4";"3";"4";"2";"4";"4";"1";"1";"2";"1";"3";"1";"(50,65]";"3"
"3626";"2";"2";"2";"2";"2";"2";"3";"2";"2";"2";"3";"3";"2";"3";"2";"(65,96]";"3"
"3627";"2";"2";"2";"4";"3";"3";"3";"3";"4";"2";"2";"3";"2";"2";"2";"[18,35]";"3"
"3628";"2";"2";"2";"3";"1";"2";"2";"2";"3";"2";"2";"3";"2";"2";"2";"(50,65]";"2"
"3629";"2";"2";"2";"3";"3";"3";"2";"2";"3";"2";"2";"2";"2";"1";"1";"(50,65]";"1"
"3630";"2";"4";"1";"3";"2";"3";"2";"2";"3";"3";"3";"3";"2";"3";"1";"(35,50]";"3"
"3632";"3";"3";"3";"2";"2";"2";"1";"3";"3";"3";"2";"2";"2";"3";"2";"(35,50]";"3"
"3634";"2";"2";"2";"2";"2";"3";"3";"3";"3";"3";"2";"2";"2";"3";"3";"[18,35]";"2"
"3635";"3";"2";"3";"4";"3";"3";"3";"3";"3";"2";"3";"2";"2";"2";"2";"(65,96]";"2"
"3636";"2";"2";"2";"2";"1";"2";"2";"3";"2";"2";"2";"1";"2";"2";"2";"(50,65]";"3"
"3638";"3";"3";"3";"4";"3";"3";"2";"3";"3";"3";"3";"3";"3";"3";"2";"(35,50]";"3"
"3639";"2";"1";"2";"2";"2";"2";"2";"2";"3";"2";"2";"1";"2";"3";"1";"(65,96]";"2"
"3641";"3";"3";"3";"3";"3";"3";"2";"3";"3";"1";"1";"1";"1";"1";"1";"(50,65]";"3"
"3642";"2";"2";"2";"3";"2";"3";"3";"3";"3";"1";"2";"2";"2";"2";"3";"[18,35]";"2"
"3643";"3";"3";"3";"3";"2";"4";"3";"3";"3";"3";"1";"3";"2";"3";"3";"(50,65]";"3"
"3644";"2";"2";"3";"2";"2";"2";"2";"3";"3";"3";"3";"3";"3";"3";"3";"(50,65]";"3"
"3645";"3";"3";"2";"3";"2";"3";"2";"2";"3";"2";"1";"2";"1";"2";"1";"(50,65]";"3"
"3646";"2";"3";"3";"2";"3";"2";"2";"2";"2";"2";"2";"2";"1";"3";"3";"[18,35]";"2"
"3647";"2";"4";"3";"3";"3";"3";"3";"2";"3";"1";"1";"2";"2";"2";"1";"(35,50]";"3"
"3648";"1";"1";"2";"2";"1";"1";"1";"2";"2";"2";"1";"2";"2";"2";"2";"(50,65]";"1"
"3649";"2";"2";"3";"4";"2";"2";"1";"3";"3";"3";"2";"3";"3";"1";"3";"(35,50]";"3"
"3652";"3";"2";"2";"3";"4";"3";"3";"2";"3";"3";"1";"3";"1";"1";"3";"[18,35]";"3"
"3653";"1";"3";"3";"4";"3";"1";"1";"3";"3";"3";"3";"2";"3";"3";"1";"(35,50]";"3"
"3654";"3";"3";"3";"3";"3";"3";"3";"3";"3";"2";"2";"3";"3";"3";"3";"(50,65]";"2"
"3656";"4";"4";"3";"4";"4";"3";"1";"4";"4";"3";"3";"3";"3";"3";"3";"(35,50]";"3"
"3657";"2";"3";"2";"3";"1";"2";"1";"2";"3";"3";"3";"2";"2";"3";"2";"(50,65]";"3"
"3658";"2";"3";"3";"4";"1";"3";"2";"2";"3";"2";"3";"3";"3";"3";"3";"(50,65]";"3"
"3659";"4";"4";"4";"4";"4";"4";"4";"4";"4";"3";"3";"3";"3";"3";"3";"[18,35]";"3"
"3660";"3";"3";"2";"4";"2";"3";"4";"3";"3";"3";"3";"3";"3";"3";"3";"(50,65]";"1"
"3661";"2";"2";"2";"2";"2";"2";"2";"2";"3";"2";"2";"3";"3";"3";"2";"(35,50]";"3"
"3662";"4";"4";"4";"4";"4";"4";"4";"3";"4";"3";"3";"3";"3";"3";"3";"(35,50]";"3"
"3663";"3";"2";"2";"3";"3";"3";"3";"3";"2";"3";"2";"3";"2";"3";"2";"[18,35]";"3"
"3664";"2";"2";"2";"3";"2";"2";"2";"2";"2";"1";"1";"1";"1";"1";"1";"(50,65]";"2"
"3665";"3";"3";"3";"3";"3";"4";"3";"3";"3";"2";"2";"3";"2";"2";"2";"(50,65]";"3"
"3666";"2";"2";"2";"4";"4";"4";"4";"4";"2";"3";"3";"3";"3";"3";"3";"(65,96]";"3"
"3667";"2";"2";"2";"3";"2";"3";"3";"2";"3";"2";"3";"3";"3";"3";"2";"(50,65]";"2"
"3668";"3";"4";"4";"3";"3";"4";"3";"4";"4";"3";"3";"3";"3";"3";"3";"(65,96]";"3"
"3669";"1";"3";"3";"4";"1";"3";"1";"1";"3";"3";"3";"3";"3";"3";"3";"[18,35]";"3"
"3670";"3";"3";"2";"4";"4";"3";"3";"3";"3";"3";"3";"3";"1";"3";"3";"(50,65]";"3"
"3671";"1";"2";"2";"3";"2";"2";"2";"2";"2";"2";"1";"3";"1";"1";"2";"[18,35]";"3"
"3672";"3";"3";"3";"3";"2";"3";"2";"3";"3";"1";"1";"2";"1";"2";"2";"(65,96]";"3"
"3674";"3";"2";"1";"4";"2";"3";"4";"3";"3";"2";"3";"2";"2";"3";"2";"(65,96]";"2"
"3675";"1";"3";"2";"2";"1";"2";"4";"3";"3";"3";"2";"3";"2";"1";"1";"[18,35]";"2"
"3676";"2";"2";"4";"2";"3";"4";"2";"4";"4";"3";"3";"3";"3";"3";"3";"(50,65]";"3"
"3677";"3";"3";"3";"3";"3";"3";"3";"3";"3";"3";"2";"3";"3";"3";"1";"[18,35]";"2"
"3678";"2";"2";"2";"3";"2";"3";"1";"2";"3";"3";"2";"3";"2";"2";"3";"(50,65]";"2"
"3679";"2";"2";"3";"3";"2";"2";"2";"2";"3";"2";"3";"3";"3";"3";"2";"[18,35]";"3"
"3681";"1";"2";"1";"4";"1";"2";"2";"2";"3";"3";"1";"2";"3";"2";"3";"[18,35]";"3"
"3682";"3";"4";"3";"4";"4";"4";"4";"4";"3";"3";"3";"3";"2";"3";"3";"[18,35]";"3"
"3683";"1";"1";"1";"2";"2";"2";"2";"1";"2";"2";"3";"3";"2";"3";"2";"(35,50]";"2"
"3684";"3";"3";"3";"3";"3";"3";"3";"3";"3";"3";"3";"3";"3";"3";"3";"(50,65]";"3"
"3685";"2";"2";"3";"3";"2";"2";"3";"3";"3";"2";"1";"3";"1";"3";"2";"(35,50]";"3"
"3686";"2";"2";"3";"4";"3";"2";"2";"2";"3";"3";"3";"3";"3";"3";"1";"(35,50]";"3"
"3687";"2";"2";"2";"3";"1";"2";"2";"3";"2";"3";"3";"3";"3";"3";"3";"(50,65]";"2"
"3688";"3";"2";"4";"3";"4";"2";"2";"2";"3";"2";"2";"3";"3";"3";"2";"[18,35]";"3"
"3689";"2";"2";"2";"2";"2";"2";"2";"3";"3";"1";"1";"3";"1";"1";"1";"(50,65]";"3"
"3690";"2";"2";"2";"4";"3";"2";"2";"2";"3";"2";"2";"1";"3";"3";"2";"(65,96]";"2"
"3692";"2";"3";"2";"3";"2";"3";"2";"3";"2";"3";"2";"3";"2";"2";"2";"(50,65]";"3"
"3693";"2";"2";"1";"2";"3";"2";"3";"2";"2";"2";"1";"2";"1";"2";"2";"(65,96]";"3"
"3694";"3";"1";"3";"3";"1";"1";"3";"1";"3";"1";"3";"3";"3";"3";"3";"(35,50]";"3"
"3695";"2";"3";"2";"3";"1";"3";"2";"3";"3";"2";"1";"3";"2";"3";"2";"(50,65]";"1"
"3696";"1";"2";"2";"3";"1";"1";"1";"2";"1";"3";"3";"3";"3";"3";"3";"(35,50]";"2"
"3697";"3";"2";"3";"4";"3";"3";"3";"4";"4";"2";"3";"2";"2";"3";"3";"(50,65]";"3"
"3698";"2";"2";"2";"2";"2";"2";"2";"2";"3";"1";"3";"3";"3";"3";"1";"(35,50]";"3"
"3699";"2";"2";"2";"2";"2";"2";"1";"2";"3";"1";"1";"1";"1";"1";"1";"[18,35]";"3"
"3700";"2";"2";"1";"3";"3";"1";"3";"3";"3";"1";"1";"2";"2";"2";"1";"(50,65]";"3"
"3702";"3";"2";"3";"2";"2";"2";"3";"3";"2";"2";"2";"2";"2";"1";"1";"(50,65]";"3"
"3703";"3";"3";"2";"2";"3";"1";"2";"3";"1";"2";"2";"2";"2";"3";"3";"[18,35]";"3"
"3704";"2";"2";"2";"3";"3";"2";"2";"2";"2";"2";"1";"3";"2";"3";"2";"(35,50]";"3"
"3705";"2";"2";"2";"3";"2";"2";"2";"2";"2";"3";"3";"3";"1";"3";"2";"[18,35]";"3"
"3706";"1";"2";"2";"2";"2";"2";"1";"3";"2";"2";"1";"3";"1";"2";"2";"(35,50]";"2"
"3707";"2";"2";"2";"2";"2";"2";"2";"2";"3";"3";"3";"3";"3";"1";"2";"(50,65]";"2"
"3710";"2";"2";"2";"2";"2";"2";"2";"2";"3";"3";"3";"3";"2";"3";"3";"(50,65]";"2"
"3711";"2";"2";"3";"3";"2";"3";"3";"2";"3";"3";"3";"3";"3";"3";"1";"(35,50]";"3"
"3713";"3";"3";"2";"4";"3";"2";"2";"3";"3";"1";"1";"3";"3";"3";"3";"[18,35]";"3"
"3714";"2";"3";"2";"3";"2";"3";"2";"2";"3";"2";"3";"3";"2";"2";"2";"(35,50]";"2"
"3715";"1";"3";"2";"2";"2";"2";"2";"2";"2";"2";"2";"2";"2";"3";"2";"(35,50]";"2"
"3716";"2";"2";"1";"2";"2";"2";"2";"2";"3";"2";"2";"2";"2";"3";"3";"(50,65]";"3"
"3717";"3";"2";"2";"2";"2";"2";"2";"3";"3";"3";"2";"3";"2";"3";"2";"(35,50]";"3"
"3718";"2";"2";"2";"2";"2";"2";"2";"2";"2";"1";"2";"2";"2";"1";"1";"[18,35]";"2"
"3721";"3";"2";"2";"3";"4";"2";"2";"3";"3";"3";"3";"3";"3";"3";"3";"(65,96]";"3"
"3722";"1";"1";"1";"4";"2";"1";"1";"2";"2";"1";"1";"1";"1";"3";"2";"(50,65]";"2"
"3723";"2";"3";"2";"4";"4";"2";"2";"3";"2";"1";"1";"3";"3";"2";"3";"(35,50]";"3"
"3724";"3";"3";"4";"3";"4";"3";"3";"3";"4";"3";"3";"3";"2";"3";"3";"(50,65]";"3"
"3726";"3";"4";"4";"4";"3";"3";"4";"3";"4";"3";"3";"3";"3";"3";"3";"(35,50]";"3"
"3728";"2";"2";"4";"3";"4";"2";"2";"2";"1";"3";"1";"3";"1";"3";"2";"[18,35]";"3"
"3729";"2";"1";"1";"2";"1";"2";"1";"2";"2";"1";"2";"2";"2";"3";"2";"(50,65]";"1"
"3732";"2";"2";"2";"3";"2";"2";"2";"2";"3";"3";"3";"2";"2";"3";"3";"(65,96]";"1"
"3733";"3";"3";"2";"4";"2";"4";"2";"2";"3";"3";"3";"3";"3";"3";"3";"(50,65]";"1"
"3735";"1";"1";"1";"2";"4";"2";"1";"3";"2";"1";"1";"2";"1";"1";"1";"(65,96]";"3"
"3736";"2";"3";"4";"3";"4";"3";"2";"3";"1";"3";"3";"3";"3";"3";"3";"[18,35]";"3"
"3738";"1";"1";"1";"3";"3";"3";"1";"1";"3";"2";"1";"1";"1";"3";"2";"(50,65]";"3"
"3740";"1";"2";"1";"4";"1";"2";"2";"1";"3";"1";"1";"1";"1";"3";"1";"(50,65]";"2"
"3741";"3";"2";"2";"2";"2";"2";"2";"2";"3";"3";"2";"3";"2";"2";"2";"(35,50]";"3"
"3742";"2";"2";"3";"3";"3";"3";"2";"2";"2";"1";"1";"3";"1";"1";"1";"(35,50]";"3"
"3743";"2";"2";"3";"3";"2";"3";"2";"2";"3";"3";"3";"1";"1";"1";"3";"[18,35]";"2"
"3744";"2";"3";"3";"3";"1";"3";"3";"1";"1";"3";"1";"3";"1";"1";"3";"[18,35]";"3"
"3745";"2";"2";"2";"3";"3";"3";"2";"1";"3";"2";"2";"2";"3";"2";"2";"(50,65]";"3"
"3747";"3";"3";"3";"3";"2";"3";"3";"3";"3";"3";"3";"3";"3";"3";"3";"(65,96]";"3"
"3748";"2";"2";"2";"3";"3";"2";"3";"2";"2";"2";"3";"3";"2";"2";"2";"(50,65]";"3"
"3749";"2";"3";"3";"3";"4";"3";"4";"2";"3";"3";"2";"3";"2";"3";"2";"(50,65]";"3"
"3750";"2";"2";"2";"4";"2";"3";"2";"2";"4";"2";"2";"2";"2";"2";"2";"(50,65]";"2"
"3751";"3";"3";"2";"3";"1";"3";"2";"3";"3";"3";"3";"3";"3";"3";"3";"[18,35]";"3"
"3752";"2";"2";"2";"3";"2";"2";"2";"3";"3";"3";"2";"3";"2";"2";"3";"(50,65]";"3"
"3753";"3";"3";"2";"1";"1";"3";"2";"2";"3";"3";"3";"2";"2";"3";"2";"[18,35]";"3"
"3754";"2";"2";"2";"3";"2";"2";"2";"2";"2";"1";"1";"2";"1";"1";"1";"(65,96]";"3"
"3755";"1";"2";"3";"3";"2";"2";"1";"1";"3";"1";"3";"1";"1";"3";"3";"[18,35]";"3"
"3756";"2";"4";"3";"3";"3";"3";"2";"4";"2";"3";"2";"1";"3";"3";"2";"(35,50]";"3"
"3757";"2";"2";"2";"3";"3";"2";"4";"3";"2";"2";"1";"3";"1";"1";"2";"[18,35]";"3"
"3758";"2";"2";"4";"3";"2";"3";"1";"1";"3";"3";"3";"3";"3";"3";"3";"(35,50]";"3"
"3759";"2";"2";"3";"3";"3";"3";"3";"4";"3";"2";"3";"3";"3";"2";"3";"(50,65]";"2"
"3760";"2";"2";"2";"2";"3";"3";"2";"2";"3";"2";"3";"3";"2";"3";"3";"(35,50]";"2"
"3761";"3";"3";"3";"4";"4";"3";"3";"3";"3";"3";"3";"3";"3";"3";"3";"(35,50]";"3"
"3763";"3";"2";"2";"3";"3";"3";"2";"3";"3";"3";"3";"3";"3";"3";"3";"(50,65]";"3"
"3764";"1";"1";"3";"2";"1";"2";"1";"2";"3";"1";"2";"1";"1";"1";"1";"(35,50]";"2"
"3765";"3";"4";"4";"4";"3";"3";"4";"4";"3";"2";"2";"3";"3";"2";"2";"(50,65]";"3"
"3767";"2";"3";"3";"3";"3";"3";"3";"2";"2";"3";"3";"2";"3";"3";"2";"[18,35]";"3"
"3768";"3";"3";"2";"3";"2";"3";"2";"2";"4";"2";"2";"3";"3";"3";"2";"(35,50]";"2"
"3769";"1";"2";"2";"3";"1";"1";"1";"3";"1";"2";"2";"3";"3";"3";"2";"(35,50]";"3"
"3770";"2";"2";"3";"3";"2";"3";"3";"3";"4";"3";"3";"3";"2";"3";"2";"[18,35]";"3"
"3771";"2";"3";"3";"4";"3";"3";"1";"2";"3";"3";"3";"3";"3";"3";"3";"(35,50]";"3"
"3772";"1";"1";"1";"3";"2";"2";"1";"2";"2";"1";"1";"3";"1";"3";"3";"(50,65]";"1"
"3773";"4";"2";"4";"4";"3";"2";"3";"3";"3";"2";"3";"3";"3";"3";"3";"(35,50]";"3"
"3774";"2";"2";"2";"4";"2";"1";"2";"2";"2";"1";"1";"1";"1";"3";"1";"(50,65]";"2"
"3775";"2";"2";"2";"3";"2";"3";"2";"2";"3";"3";"3";"3";"3";"3";"3";"(50,65]";"3"
"3776";"2";"2";"3";"2";"2";"3";"3";"3";"4";"2";"3";"3";"3";"3";"2";"(35,50]";"3"
"3777";"3";"3";"3";"1";"3";"3";"3";"3";"3";"3";"3";"3";"3";"3";"3";"(35,50]";"3"
"3778";"3";"2";"3";"4";"3";"4";"3";"3";"4";"3";"3";"3";"3";"3";"2";"(50,65]";"3"
"3779";"2";"3";"2";"4";"3";"3";"2";"3";"2";"3";"2";"3";"3";"3";"2";"(35,50]";"3"
"3780";"2";"2";"2";"2";"2";"2";"2";"1";"4";"2";"2";"1";"1";"3";"2";"[18,35]";"2"
"3781";"2";"1";"1";"2";"2";"1";"2";"2";"1";"3";"2";"3";"2";"2";"2";"(50,65]";"3"
"3782";"2";"1";"2";"2";"2";"3";"2";"2";"3";"3";"3";"3";"3";"3";"3";"[18,35]";"3"
"3783";"1";"1";"3";"4";"1";"3";"3";"3";"4";"2";"1";"2";"1";"1";"2";"(50,65]";"3"
"3784";"2";"2";"3";"2";"2";"3";"3";"3";"3";"2";"2";"2";"3";"3";"2";"[18,35]";"2"
"3785";"3";"3";"3";"3";"4";"4";"3";"3";"4";"1";"1";"3";"3";"2";"1";"(35,50]";"3"
"3786";"2";"3";"3";"2";"3";"3";"3";"2";"3";"3";"1";"3";"3";"3";"3";"(35,50]";"3"
"3787";"1";"1";"2";"1";"1";"1";"2";"2";"1";"3";"3";"3";"3";"3";"3";"(50,65]";"3"
"3788";"4";"1";"3";"3";"3";"3";"3";"4";"4";"3";"3";"3";"3";"3";"3";"(35,50]";"3"
"3789";"4";"2";"4";"4";"2";"4";"1";"2";"1";"3";"3";"3";"3";"2";"3";"(50,65]";"3"
"3791";"2";"2";"3";"3";"3";"2";"3";"3";"3";"3";"3";"3";"3";"3";"3";"(50,65]";"2"
"3792";"3";"3";"3";"4";"3";"4";"3";"3";"3";"2";"2";"2";"2";"2";"2";"(50,65]";"3"
"3793";"3";"1";"2";"3";"2";"2";"3";"3";"3";"1";"3";"3";"2";"3";"2";"[18,35]";"2"
"3794";"2";"3";"3";"4";"2";"3";"2";"3";"4";"3";"3";"3";"1";"3";"2";"(50,65]";"3"
"3795";"3";"3";"2";"3";"3";"3";"3";"3";"2";"2";"1";"2";"2";"2";"1";"(65,96]";"3"
"3796";"3";"3";"2";"2";"2";"3";"1";"3";"3";"2";"3";"3";"2";"2";"3";"[18,35]";"3"
"3797";"3";"4";"3";"4";"3";"3";"3";"3";"4";"3";"3";"3";"3";"3";"3";"(35,50]";"3"
"3798";"2";"3";"2";"4";"2";"3";"2";"2";"3";"2";"2";"1";"2";"3";"2";"(35,50]";"2"
"3799";"3";"2";"3";"2";"2";"3";"3";"2";"2";"2";"1";"2";"2";"2";"2";"[18,35]";"2"
"3800";"2";"3";"2";"2";"2";"2";"2";"2";"2";"3";"3";"3";"2";"3";"3";"(50,65]";"3"
"3802";"2";"2";"2";"2";"2";"2";"2";"2";"2";"3";"3";"3";"3";"3";"3";"(50,65]";"2"
"3803";"3";"3";"4";"3";"2";"3";"3";"3";"3";"2";"1";"3";"2";"2";"2";"[18,35]";"3"
"3804";"4";"2";"3";"4";"3";"4";"3";"4";"3";"3";"2";"2";"3";"2";"2";"(50,65]";"3"
"3805";"2";"2";"2";"3";"2";"3";"2";"2";"3";"2";"2";"3";"2";"3";"2";"(35,50]";"2"
"3806";"2";"2";"1";"2";"2";"3";"2";"2";"1";"3";"3";"3";"2";"3";"2";"(35,50]";"3"
"3807";"1";"2";"2";"3";"2";"2";"2";"2";"2";"2";"2";"1";"2";"3";"2";"(65,96]";"2"
"3808";"1";"1";"1";"3";"1";"1";"1";"1";"1";"2";"2";"2";"2";"2";"1";"[18,35]";"2"
"3809";"2";"1";"2";"2";"2";"2";"2";"2";"2";"1";"1";"1";"1";"1";"2";"[18,35]";"2"
"3810";"2";"2";"3";"3";"1";"2";"2";"2";"2";"2";"2";"3";"3";"3";"2";"(35,50]";"2"
"3811";"2";"2";"1";"3";"2";"2";"2";"2";"3";"3";"2";"3";"3";"3";"3";"(35,50]";"3"
"3812";"2";"3";"2";"3";"2";"2";"2";"2";"3";"3";"2";"2";"2";"3";"2";"(50,65]";"3"
"3813";"2";"2";"2";"3";"2";"2";"3";"3";"3";"3";"3";"3";"2";"3";"2";"(50,65]";"3"
"3814";"3";"3";"2";"3";"3";"3";"2";"3";"3";"3";"2";"3";"2";"2";"2";"(65,96]";"3"
"3815";"2";"2";"2";"3";"2";"3";"2";"2";"3";"1";"2";"1";"2";"2";"3";"(65,96]";"1"
"3817";"2";"3";"3";"3";"2";"3";"3";"2";"3";"3";"3";"3";"3";"3";"3";"[18,35]";"3"
"3818";"3";"3";"1";"4";"3";"2";"3";"2";"2";"3";"2";"1";"3";"3";"3";"[18,35]";"3"
"3819";"2";"2";"2";"3";"3";"3";"3";"3";"3";"1";"1";"1";"1";"1";"1";"(35,50]";"2"
"3820";"2";"1";"3";"3";"4";"1";"1";"3";"3";"2";"3";"2";"3";"1";"1";"(50,65]";"3"
"3821";"3";"3";"2";"3";"2";"3";"2";"3";"3";"2";"2";"2";"2";"1";"2";"(50,65]";"1"
"3822";"2";"2";"3";"2";"2";"3";"3";"3";"3";"3";"3";"3";"3";"3";"1";"(35,50]";"3"
"3823";"2";"3";"3";"3";"3";"2";"2";"2";"3";"3";"3";"2";"2";"3";"2";"(50,65]";"2"
"3824";"2";"3";"2";"2";"2";"3";"2";"2";"2";"2";"2";"2";"2";"3";"2";"(50,65]";"2"
"3826";"3";"2";"2";"3";"3";"3";"3";"2";"3";"3";"2";"3";"2";"3";"3";"(65,96]";"1"
"3827";"3";"2";"2";"4";"4";"3";"2";"3";"3";"2";"1";"3";"3";"3";"3";"(35,50]";"3"
"3828";"3";"3";"2";"3";"4";"3";"3";"3";"2";"3";"3";"3";"2";"3";"3";"(65,96]";"3"
"3829";"3";"3";"1";"4";"2";"2";"2";"3";"3";"1";"1";"2";"1";"1";"1";"(65,96]";"1"
"3831";"4";"3";"2";"3";"3";"4";"1";"3";"4";"3";"1";"3";"3";"3";"3";"[18,35]";"3"
"3832";"2";"2";"1";"2";"3";"2";"2";"2";"2";"2";"1";"2";"2";"2";"2";"(50,65]";"3"
"3833";"2";"3";"3";"2";"2";"2";"3";"2";"3";"3";"2";"3";"3";"3";"2";"(35,50]";"3"
"3834";"2";"3";"2";"4";"2";"3";"3";"1";"3";"3";"3";"3";"1";"3";"3";"(50,65]";"1"
"3835";"2";"2";"2";"3";"2";"2";"2";"3";"3";"2";"1";"3";"2";"3";"2";"[18,35]";"2"
"3836";"2";"3";"2";"3";"2";"2";"1";"3";"3";"3";"2";"3";"2";"3";"2";"(35,50]";"3"
"3837";"2";"3";"3";"3";"3";"2";"2";"2";"3";"1";"1";"3";"1";"1";"1";"(50,65]";"3"
"3838";"2";"3";"1";"2";"2";"2";"2";"1";"3";"2";"2";"1";"2";"2";"1";"(50,65]";"2"
"3839";"1";"3";"1";"2";"2";"1";"2";"2";"3";"2";"2";"3";"3";"2";"2";"[18,35]";"3"
"3840";"2";"2";"3";"2";"2";"3";"1";"2";"3";"2";"2";"3";"2";"3";"2";"(50,65]";"2"
"3841";"2";"3";"2";"3";"2";"2";"1";"2";"3";"1";"2";"2";"2";"1";"1";"(50,65]";"1"
"3842";"3";"2";"2";"2";"2";"2";"3";"2";"3";"3";"3";"3";"2";"3";"2";"(50,65]";"3"
"3843";"3";"3";"3";"4";"3";"3";"4";"4";"3";"3";"3";"3";"3";"3";"3";"(35,50]";"3"
"3844";"2";"2";"2";"3";"3";"2";"2";"3";"3";"2";"2";"3";"1";"3";"2";"(65,96]";"3"
"3845";"2";"3";"3";"4";"3";"3";"2";"4";"4";"3";"1";"2";"1";"3";"2";"(50,65]";"3"
"3846";"2";"2";"2";"2";"2";"2";"2";"2";"2";"1";"1";"1";"1";"1";"1";"(65,96]";"1"
"3847";"2";"3";"2";"4";"2";"3";"3";"3";"3";"3";"3";"2";"3";"2";"3";"(35,50]";"3"
"3848";"2";"2";"2";"3";"3";"2";"2";"2";"2";"2";"1";"1";"1";"1";"1";"(50,65]";"1"
"3849";"2";"2";"3";"3";"1";"2";"3";"2";"3";"2";"3";"3";"3";"3";"2";"(50,65]";"3"
"3850";"3";"2";"2";"2";"2";"2";"2";"2";"3";"2";"3";"2";"3";"3";"3";"[18,35]";"3"
"3851";"4";"3";"3";"3";"2";"3";"2";"3";"3";"3";"3";"3";"3";"3";"3";"(50,65]";"3"
"3852";"2";"2";"2";"4";"3";"3";"3";"3";"3";"1";"1";"3";"2";"3";"2";"(65,96]";"3"
"3853";"3";"2";"2";"3";"2";"3";"3";"2";"3";"3";"3";"3";"2";"3";"3";"(50,65]";"3"
"3854";"2";"2";"1";"3";"2";"3";"2";"2";"4";"3";"3";"3";"3";"3";"2";"(35,50]";"2"
"3855";"2";"2";"2";"3";"1";"2";"2";"1";"2";"3";"2";"2";"1";"3";"2";"[18,35]";"2"
"3856";"2";"3";"3";"3";"2";"3";"2";"2";"3";"1";"2";"3";"1";"3";"1";"(35,50]";"3"
"3857";"3";"3";"4";"3";"3";"3";"3";"3";"3";"3";"3";"3";"2";"3";"3";"[18,35]";"3"
